Copyright 1986-2018 Xilinx, Inc. All Rights Reserved.
--------------------------------------------------------------------------------------------------------------------------------------------------------------------------------
| Tool Version : Vivado v.2018.3 (win64) Build 2405991 Thu Dec  6 23:38:27 MST 2018
| Date         : Fri May 23 14:19:23 2025
| Host         : mowang-001 running 64-bit major release  (build 9200)
| Command      : report_timing_summary -max_paths 10 -file Top_timing_summary_routed.rpt -pb Top_timing_summary_routed.pb -rpx Top_timing_summary_routed.rpx -warn_on_violation
| Design       : Top
| Device       : 7a100t-csg324
| Speed File   : -1  PRODUCTION 1.23 2018-06-13
--------------------------------------------------------------------------------------------------------------------------------------------------------------------------------

Timing Summary Report

------------------------------------------------------------------------------------------------
| Timer Settings
| --------------
------------------------------------------------------------------------------------------------

  Enable Multi Corner Analysis               :  Yes
  Enable Pessimism Removal                   :  Yes
  Pessimism Removal Resolution               :  Nearest Common Node
  Enable Input Delay Default Clock           :  No
  Enable Preset / Clear Arcs                 :  No
  Disable Flight Delays                      :  No
  Ignore I/O Paths                           :  No
  Timing Early Launch at Borrowing Latches   :  false

  Corner  Analyze    Analyze    
  Name    Max Paths  Min Paths  
  ------  ---------  ---------  
  Slow    Yes        Yes        
  Fast    Yes        Yes        



check_timing report

Table of Contents
-----------------
1. checking no_clock
2. checking constant_clock
3. checking pulse_width_clock
4. checking unconstrained_internal_endpoints
5. checking no_input_delay
6. checking no_output_delay
7. checking multiple_clock
8. checking generated_clocks
9. checking loops
10. checking partial_input_delay
11. checking partial_output_delay
12. checking latch_loops

1. checking no_clock
--------------------
 There are 1813 register/latch pins with no clock driven by root clock pin: sw_i[2] (HIGH)

 There are 38 register/latch pins with no clock driven by root clock pin: U12_VGAIO/VGACLK_reg[1]/Q (HIGH)

 There are 64 register/latch pins with no clock driven by root clock pin: U1_PCPU/EX_MEM/out_reg[100]/Q (HIGH)

 There are 68 register/latch pins with no clock driven by root clock pin: U1_PCPU/EX_MEM/out_reg[101]/Q (HIGH)

 There are 68 register/latch pins with no clock driven by root clock pin: U1_PCPU/EX_MEM/out_reg[102]/Q (HIGH)

 There are 68 register/latch pins with no clock driven by root clock pin: U1_PCPU/EX_MEM/out_reg[103]/Q (HIGH)

 There are 64 register/latch pins with no clock driven by root clock pin: U1_PCPU/EX_MEM/out_reg[104]/Q (HIGH)

 There are 64 register/latch pins with no clock driven by root clock pin: U1_PCPU/EX_MEM/out_reg[96]/Q (HIGH)

 There are 64 register/latch pins with no clock driven by root clock pin: U1_PCPU/EX_MEM/out_reg[97]/Q (HIGH)

 There are 64 register/latch pins with no clock driven by root clock pin: U1_PCPU/EX_MEM/out_reg[98]/Q (HIGH)

 There are 64 register/latch pins with no clock driven by root clock pin: U1_PCPU/EX_MEM/out_reg[99]/Q (HIGH)

 There are 32 register/latch pins with no clock driven by root clock pin: U1_PCPU/ID_EX/out_reg[128]/Q (HIGH)

 There are 32 register/latch pins with no clock driven by root clock pin: U1_PCPU/ID_EX/out_reg[129]/Q (HIGH)

 There are 32 register/latch pins with no clock driven by root clock pin: U1_PCPU/ID_EX/out_reg[130]/Q (HIGH)

 There are 32 register/latch pins with no clock driven by root clock pin: U1_PCPU/ID_EX/out_reg[131]/Q (HIGH)

 There are 32 register/latch pins with no clock driven by root clock pin: U1_PCPU/ID_EX/out_reg[132]/Q (HIGH)

 There are 32 register/latch pins with no clock driven by root clock pin: U1_PCPU/ID_EX/out_reg[133]/Q (HIGH)

 There are 32 register/latch pins with no clock driven by root clock pin: U1_PCPU/ID_EX/out_reg[134]/Q (HIGH)

 There are 32 register/latch pins with no clock driven by root clock pin: U1_PCPU/ID_EX/out_reg[135]/Q (HIGH)

 There are 32 register/latch pins with no clock driven by root clock pin: U1_PCPU/ID_EX/out_reg[136]/Q (HIGH)

 There are 32 register/latch pins with no clock driven by root clock pin: U1_PCPU/ID_EX/out_reg[137]/Q (HIGH)

 There are 32 register/latch pins with no clock driven by root clock pin: U1_PCPU/ID_EX/out_reg[145]/Q (HIGH)

 There are 32 register/latch pins with no clock driven by root clock pin: U1_PCPU/ID_EX/out_reg[146]/Q (HIGH)

 There are 32 register/latch pins with no clock driven by root clock pin: U1_PCPU/ID_EX/out_reg[147]/Q (HIGH)

 There are 32 register/latch pins with no clock driven by root clock pin: U1_PCPU/ID_EX/out_reg[148]/Q (HIGH)

 There are 64 register/latch pins with no clock driven by root clock pin: U1_PCPU/MEM_WB/out_reg[32]/Q (HIGH)

 There are 64 register/latch pins with no clock driven by root clock pin: U1_PCPU/MEM_WB/out_reg[33]/Q (HIGH)

 There are 64 register/latch pins with no clock driven by root clock pin: U1_PCPU/MEM_WB/out_reg[34]/Q (HIGH)

 There are 64 register/latch pins with no clock driven by root clock pin: U1_PCPU/MEM_WB/out_reg[35]/Q (HIGH)

 There are 64 register/latch pins with no clock driven by root clock pin: U1_PCPU/MEM_WB/out_reg[36]/Q (HIGH)

 There are 64 register/latch pins with no clock driven by root clock pin: U1_PCPU/MEM_WB/out_reg[37]/Q (HIGH)

 There are 32 register/latch pins with no clock driven by root clock pin: U1_PCPU/MEM_WB/out_reg[38]/Q (HIGH)

 There are 32 register/latch pins with no clock driven by root clock pin: U1_PCPU/MEM_WB/out_reg[39]/Q (HIGH)

 There are 1813 register/latch pins with no clock driven by root clock pin: U8_clk_div/clkdiv_reg[0]/Q (HIGH)

 There are 12 register/latch pins with no clock driven by root clock pin: U8_clk_div/clkdiv_reg[10]/Q (HIGH)

 There are 1813 register/latch pins with no clock driven by root clock pin: U8_clk_div/clkdiv_reg[23]/Q (HIGH)

 There are 35 register/latch pins with no clock driven by root clock pin: U8_clk_div/clkdiv_reg[6]/Q (HIGH)


2. checking constant_clock
--------------------------
 There are 0 register/latch pins with constant_clock.


3. checking pulse_width_clock
-----------------------------
 There are 0 register/latch pins which need pulse_width check


4. checking unconstrained_internal_endpoints
--------------------------------------------
 There are 5248 pins that are not constrained for maximum delay. (HIGH)

 There are 0 pins that are not constrained for maximum delay due to constant clock.


5. checking no_input_delay
--------------------------
 There are 22 input ports with no input delay specified. (HIGH)

 There are 0 input ports with no input delay but user has a false path constraint.


6. checking no_output_delay
---------------------------
 There are 47 ports with no output delay specified. (HIGH)

 There are 0 ports with no output delay but user has a false path constraint

 There are 0 ports with no output delay but with a timing clock defined on it or propagating through it


7. checking multiple_clock
--------------------------
 There are 0 register/latch pins with multiple clocks.


8. checking generated_clocks
----------------------------
 There are 0 generated clocks that are not connected to a clock source.


9. checking loops
-----------------
 There are 0 combinational loops in the design.


10. checking partial_input_delay
--------------------------------
 There are 0 input ports with partial input delay specified.


11. checking partial_output_delay
---------------------------------
 There are 0 ports with partial output delay specified.


12. checking latch_loops
------------------------
 There are 0 combinational latch loops in the design through latch input



------------------------------------------------------------------------------------------------
| Design Timing Summary
| ---------------------
------------------------------------------------------------------------------------------------

    WNS(ns)      TNS(ns)  TNS Failing Endpoints  TNS Total Endpoints      WHS(ns)      THS(ns)  THS Failing Endpoints  THS Total Endpoints     WPWS(ns)     TPWS(ns)  TPWS Failing Endpoints  TPWS Total Endpoints  
    -------      -------  ---------------------  -------------------      -------      -------  ---------------------  -------------------     --------     --------  ----------------------  --------------------  
     87.109        0.000                      0                 1576        0.174        0.000                      0                 1576       49.500        0.000                       0                   607  


All user specified timing constraints are met.


------------------------------------------------------------------------------------------------
| Clock Summary
| -------------
------------------------------------------------------------------------------------------------

Clock        Waveform(ns)         Period(ns)      Frequency(MHz)
-----        ------------         ----------      --------------
sys_clk_pin  {0.000 50.000}       100.000         10.000          


------------------------------------------------------------------------------------------------
| Intra Clock Table
| -----------------
------------------------------------------------------------------------------------------------

Clock             WNS(ns)      TNS(ns)  TNS Failing Endpoints  TNS Total Endpoints      WHS(ns)      THS(ns)  THS Failing Endpoints  THS Total Endpoints     WPWS(ns)     TPWS(ns)  TPWS Failing Endpoints  TPWS Total Endpoints  
-----             -------      -------  ---------------------  -------------------      -------      -------  ---------------------  -------------------     --------     --------  ----------------------  --------------------  
sys_clk_pin        87.109        0.000                      0                 1576        0.174        0.000                      0                 1576       49.500        0.000                       0                   607  


------------------------------------------------------------------------------------------------
| Inter Clock Table
| -----------------
------------------------------------------------------------------------------------------------

From Clock    To Clock          WNS(ns)      TNS(ns)  TNS Failing Endpoints  TNS Total Endpoints      WHS(ns)      THS(ns)  THS Failing Endpoints  THS Total Endpoints  
----------    --------          -------      -------  ---------------------  -------------------      -------      -------  ---------------------  -------------------  


------------------------------------------------------------------------------------------------
| Other Path Groups Table
| -----------------------
------------------------------------------------------------------------------------------------

Path Group    From Clock    To Clock          WNS(ns)      TNS(ns)  TNS Failing Endpoints  TNS Total Endpoints      WHS(ns)      THS(ns)  THS Failing Endpoints  THS Total Endpoints  
----------    ----------    --------          -------      -------  ---------------------  -------------------      -------      -------  ---------------------  -------------------  


------------------------------------------------------------------------------------------------
| Timing Details
| --------------
------------------------------------------------------------------------------------------------


---------------------------------------------------------------------------------------------------
From Clock:  sys_clk_pin
  To Clock:  sys_clk_pin

Setup :            0  Failing Endpoints,  Worst Slack       87.109ns,  Total Violation        0.000ns
Hold  :            0  Failing Endpoints,  Worst Slack        0.174ns,  Total Violation        0.000ns
PW    :            0  Failing Endpoints,  Worst Slack       49.500ns,  Total Violation        0.000ns
---------------------------------------------------------------------------------------------------


Max Delay Paths
--------------------------------------------------------------------------------------
Slack (MET) :             87.109ns  (required time - arrival time)
  Source:                 audio_ctrl/PWM/U0/inst_blk_mem_gen/gnbram.gnativebmg.native_blk_mem_gen/valid.cstr/has_mux_a.A/no_softecc_norm_sel2.has_mem_regs.WITHOUT_ECC_PIPE.ce_pri.sel_pipe_d1_reg[2]/C
                            (rising edge-triggered cell FDRE clocked by sys_clk_pin  {rise@0.000ns fall@50.000ns period=100.000ns})
  Destination:            pwm_output/audio_latched_reg[7]/D
                            (rising edge-triggered cell FDRE clocked by sys_clk_pin  {rise@0.000ns fall@50.000ns period=100.000ns})
  Path Group:             sys_clk_pin
  Path Type:              Setup (Max at Slow Process Corner)
  Requirement:            100.000ns  (sys_clk_pin rise@100.000ns - sys_clk_pin rise@0.000ns)
  Data Path Delay:        12.917ns  (logic 2.187ns (16.931%)  route 10.730ns (83.069%))
  Logic Levels:           7  (CARRY4=2 LUT3=1 LUT5=1 LUT6=2 MUXF7=1)
  Clock Path Skew:        -0.047ns (DCD - SCD + CPR)
    Destination Clock Delay (DCD):    4.899ns = ( 104.899 - 100.000 ) 
    Source Clock Delay      (SCD):    5.205ns
    Clock Pessimism Removal (CPR):    0.259ns
  Clock Uncertainty:      0.035ns  ((TSJ^2 + TIJ^2)^1/2 + DJ) / 2 + PE
    Total System Jitter     (TSJ):    0.071ns
    Total Input Jitter      (TIJ):    0.000ns
    Discrete Jitter          (DJ):    0.000ns
    Phase Error              (PE):    0.000ns

    Location             Delay type                Incr(ns)  Path(ns)    Netlist Resource(s)
  -------------------------------------------------------------------    -------------------
                         (clock sys_clk_pin rise edge)
                                                      0.000     0.000 r  
    E3                                                0.000     0.000 r  clk (IN)
                         net (fo=0)                   0.000     0.000    clk
    E3                   IBUF (Prop_ibuf_I_O)         1.482     1.482 r  clk_IBUF_inst/O
                         net (fo=1, routed)           2.025     3.506    clk_IBUF
    BUFGCTRL_X0Y16       BUFG (Prop_bufg_I_O)         0.096     3.602 r  clk_IBUF_BUFG_inst/O
                         net (fo=606, routed)         1.603     5.205    audio_ctrl/PWM/U0/inst_blk_mem_gen/gnbram.gnativebmg.native_blk_mem_gen/valid.cstr/has_mux_a.A/clka
    SLICE_X60Y118        FDRE                                         r  audio_ctrl/PWM/U0/inst_blk_mem_gen/gnbram.gnativebmg.native_blk_mem_gen/valid.cstr/has_mux_a.A/no_softecc_norm_sel2.has_mem_regs.WITHOUT_ECC_PIPE.ce_pri.sel_pipe_d1_reg[2]/C
  -------------------------------------------------------------------    -------------------
    SLICE_X60Y118        FDRE (Prop_fdre_C_Q)         0.518     5.723 r  audio_ctrl/PWM/U0/inst_blk_mem_gen/gnbram.gnativebmg.native_blk_mem_gen/valid.cstr/has_mux_a.A/no_softecc_norm_sel2.has_mem_regs.WITHOUT_ECC_PIPE.ce_pri.sel_pipe_d1_reg[2]/Q
                         net (fo=132, routed)         5.121    10.844    audio_ctrl/PWM/U0/inst_blk_mem_gen/gnbram.gnativebmg.native_blk_mem_gen/valid.cstr/has_mux_a.A/sel_pipe_d1[2]
    SLICE_X8Y178         LUT6 (Prop_lut6_I2_O)        0.124    10.968 f  audio_ctrl/PWM/U0/inst_blk_mem_gen/gnbram.gnativebmg.native_blk_mem_gen/valid.cstr/has_mux_a.A/douta[29]_INST_0_i_7/O
                         net (fo=1, routed)           0.000    10.968    audio_ctrl/PWM/U0/inst_blk_mem_gen/gnbram.gnativebmg.native_blk_mem_gen/valid.cstr/has_mux_a.A/douta[29]_INST_0_i_7_n_0
    SLICE_X8Y178         MUXF7 (Prop_muxf7_I1_O)      0.247    11.215 f  audio_ctrl/PWM/U0/inst_blk_mem_gen/gnbram.gnativebmg.native_blk_mem_gen/valid.cstr/has_mux_a.A/douta[29]_INST_0_i_2/O
                         net (fo=1, routed)           3.174    14.389    audio_ctrl/PWM/U0/inst_blk_mem_gen/gnbram.gnativebmg.native_blk_mem_gen/valid.cstr/has_mux_a.A/douta[29]_INST_0_i_2_n_0
    SLICE_X10Y118        LUT5 (Prop_lut5_I1_O)        0.298    14.687 f  audio_ctrl/PWM/U0/inst_blk_mem_gen/gnbram.gnativebmg.native_blk_mem_gen/valid.cstr/has_mux_a.A/douta[29]_INST_0/O
                         net (fo=1, routed)           1.655    16.341    audio_ctrl/rom_data[29]
    SLICE_X59Y118        LUT6 (Prop_lut6_I2_O)        0.124    16.465 r  audio_ctrl/audio_amplified_carry__0_i_9/O
                         net (fo=3, routed)           0.781    17.247    audio_ctrl/audio_amplified_carry__0_i_9_n_7
    SLICE_X54Y118        LUT3 (Prop_lut3_I1_O)        0.124    17.371 r  audio_ctrl/audio_amplified_carry__0_i_7/O
                         net (fo=1, routed)           0.000    17.371    pwm_output/audio_latched_reg[6]_0[1]
    SLICE_X54Y118        CARRY4 (Prop_carry4_S[1]_CO[3])
                                                      0.533    17.904 r  pwm_output/audio_amplified_carry__0/CO[3]
                         net (fo=1, routed)           0.000    17.904    pwm_output/audio_amplified_carry__0_n_7
    SLICE_X54Y119        CARRY4 (Prop_carry4_CI_O[0])
                                                      0.219    18.123 r  pwm_output/audio_amplified_carry__1/O[0]
                         net (fo=1, routed)           0.000    18.123    pwm_output/audio_amplified_2[7]
    SLICE_X54Y119        FDRE                                         r  pwm_output/audio_latched_reg[7]/D
  -------------------------------------------------------------------    -------------------

                         (clock sys_clk_pin rise edge)
                                                    100.000   100.000 r  
    E3                                                0.000   100.000 r  clk (IN)
                         net (fo=0)                   0.000   100.000    clk
    E3                   IBUF (Prop_ibuf_I_O)         1.411   101.411 r  clk_IBUF_inst/O
                         net (fo=1, routed)           1.920   103.331    clk_IBUF
    BUFGCTRL_X0Y16       BUFG (Prop_bufg_I_O)         0.091   103.422 r  clk_IBUF_BUFG_inst/O
                         net (fo=606, routed)         1.477   104.899    pwm_output/clk_IBUF_BUFG
    SLICE_X54Y119        FDRE                                         r  pwm_output/audio_latched_reg[7]/C
                         clock pessimism              0.259   105.158    
                         clock uncertainty           -0.035   105.123    
    SLICE_X54Y119        FDRE (Setup_fdre_C_D)        0.109   105.232    pwm_output/audio_latched_reg[7]
  -------------------------------------------------------------------
                         required time                        105.232    
                         arrival time                         -18.123    
  -------------------------------------------------------------------
                         slack                                 87.109    

Slack (MET) :             87.170ns  (required time - arrival time)
  Source:                 audio_ctrl/PWM/U0/inst_blk_mem_gen/gnbram.gnativebmg.native_blk_mem_gen/valid.cstr/has_mux_a.A/no_softecc_norm_sel2.has_mem_regs.WITHOUT_ECC_PIPE.ce_pri.sel_pipe_d1_reg[2]/C
                            (rising edge-triggered cell FDRE clocked by sys_clk_pin  {rise@0.000ns fall@50.000ns period=100.000ns})
  Destination:            pwm_output/audio_latched_reg[4]/D
                            (rising edge-triggered cell FDRE clocked by sys_clk_pin  {rise@0.000ns fall@50.000ns period=100.000ns})
  Path Group:             sys_clk_pin
  Path Type:              Setup (Max at Slow Process Corner)
  Requirement:            100.000ns  (sys_clk_pin rise@100.000ns - sys_clk_pin rise@0.000ns)
  Data Path Delay:        12.857ns  (logic 2.242ns (17.437%)  route 10.615ns (82.563%))
  Logic Levels:           7  (CARRY4=2 LUT2=1 LUT5=1 LUT6=2 MUXF7=1)
  Clock Path Skew:        -0.046ns (DCD - SCD + CPR)
    Destination Clock Delay (DCD):    4.900ns = ( 104.900 - 100.000 ) 
    Source Clock Delay      (SCD):    5.205ns
    Clock Pessimism Removal (CPR):    0.259ns
  Clock Uncertainty:      0.035ns  ((TSJ^2 + TIJ^2)^1/2 + DJ) / 2 + PE
    Total System Jitter     (TSJ):    0.071ns
    Total Input Jitter      (TIJ):    0.000ns
    Discrete Jitter          (DJ):    0.000ns
    Phase Error              (PE):    0.000ns

    Location             Delay type                Incr(ns)  Path(ns)    Netlist Resource(s)
  -------------------------------------------------------------------    -------------------
                         (clock sys_clk_pin rise edge)
                                                      0.000     0.000 r  
    E3                                                0.000     0.000 r  clk (IN)
                         net (fo=0)                   0.000     0.000    clk
    E3                   IBUF (Prop_ibuf_I_O)         1.482     1.482 r  clk_IBUF_inst/O
                         net (fo=1, routed)           2.025     3.506    clk_IBUF
    BUFGCTRL_X0Y16       BUFG (Prop_bufg_I_O)         0.096     3.602 r  clk_IBUF_BUFG_inst/O
                         net (fo=606, routed)         1.603     5.205    audio_ctrl/PWM/U0/inst_blk_mem_gen/gnbram.gnativebmg.native_blk_mem_gen/valid.cstr/has_mux_a.A/clka
    SLICE_X60Y118        FDRE                                         r  audio_ctrl/PWM/U0/inst_blk_mem_gen/gnbram.gnativebmg.native_blk_mem_gen/valid.cstr/has_mux_a.A/no_softecc_norm_sel2.has_mem_regs.WITHOUT_ECC_PIPE.ce_pri.sel_pipe_d1_reg[2]/C
  -------------------------------------------------------------------    -------------------
    SLICE_X60Y118        FDRE (Prop_fdre_C_Q)         0.518     5.723 r  audio_ctrl/PWM/U0/inst_blk_mem_gen/gnbram.gnativebmg.native_blk_mem_gen/valid.cstr/has_mux_a.A/no_softecc_norm_sel2.has_mem_regs.WITHOUT_ECC_PIPE.ce_pri.sel_pipe_d1_reg[2]/Q
                         net (fo=132, routed)         5.462    11.185    audio_ctrl/PWM/U0/inst_blk_mem_gen/gnbram.gnativebmg.native_blk_mem_gen/valid.cstr/has_mux_a.A/sel_pipe_d1[2]
    SLICE_X9Y175         LUT6 (Prop_lut6_I2_O)        0.124    11.309 r  audio_ctrl/PWM/U0/inst_blk_mem_gen/gnbram.gnativebmg.native_blk_mem_gen/valid.cstr/has_mux_a.A/douta[24]_INST_0_i_7/O
                         net (fo=1, routed)           0.000    11.309    audio_ctrl/PWM/U0/inst_blk_mem_gen/gnbram.gnativebmg.native_blk_mem_gen/valid.cstr/has_mux_a.A/douta[24]_INST_0_i_7_n_0
    SLICE_X9Y175         MUXF7 (Prop_muxf7_I1_O)      0.217    11.526 r  audio_ctrl/PWM/U0/inst_blk_mem_gen/gnbram.gnativebmg.native_blk_mem_gen/valid.cstr/has_mux_a.A/douta[24]_INST_0_i_2/O
                         net (fo=1, routed)           2.699    14.225    audio_ctrl/PWM/U0/inst_blk_mem_gen/gnbram.gnativebmg.native_blk_mem_gen/valid.cstr/has_mux_a.A/douta[24]_INST_0_i_2_n_0
    SLICE_X12Y119        LUT5 (Prop_lut5_I1_O)        0.299    14.524 r  audio_ctrl/PWM/U0/inst_blk_mem_gen/gnbram.gnativebmg.native_blk_mem_gen/valid.cstr/has_mux_a.A/douta[24]_INST_0/O
                         net (fo=1, routed)           1.601    16.125    audio_ctrl/rom_data[24]
    SLICE_X60Y117        LUT6 (Prop_lut6_I2_O)        0.124    16.249 f  audio_ctrl/audio_amplified_carry_i_8/O
                         net (fo=3, routed)           0.854    17.103    audio_ctrl/audio_amplified_carry_i_8_n_7
    SLICE_X54Y117        LUT2 (Prop_lut2_I1_O)        0.124    17.227 r  audio_ctrl/audio_amplified_carry_i_6/O
                         net (fo=1, routed)           0.000    17.227    pwm_output/audio_latched_reg[2]_1[0]
    SLICE_X54Y117        CARRY4 (Prop_carry4_S[0]_CO[3])
                                                      0.513    17.740 r  pwm_output/audio_amplified_carry/CO[3]
                         net (fo=1, routed)           0.000    17.740    pwm_output/audio_amplified_carry_n_7
    SLICE_X54Y118        CARRY4 (Prop_carry4_CI_O[1])
                                                      0.323    18.063 r  pwm_output/audio_amplified_carry__0/O[1]
                         net (fo=1, routed)           0.000    18.063    pwm_output/audio_amplified_2[4]
    SLICE_X54Y118        FDRE                                         r  pwm_output/audio_latched_reg[4]/D
  -------------------------------------------------------------------    -------------------

                         (clock sys_clk_pin rise edge)
                                                    100.000   100.000 r  
    E3                                                0.000   100.000 r  clk (IN)
                         net (fo=0)                   0.000   100.000    clk
    E3                   IBUF (Prop_ibuf_I_O)         1.411   101.411 r  clk_IBUF_inst/O
                         net (fo=1, routed)           1.920   103.331    clk_IBUF
    BUFGCTRL_X0Y16       BUFG (Prop_bufg_I_O)         0.091   103.422 r  clk_IBUF_BUFG_inst/O
                         net (fo=606, routed)         1.478   104.900    pwm_output/clk_IBUF_BUFG
    SLICE_X54Y118        FDRE                                         r  pwm_output/audio_latched_reg[4]/C
                         clock pessimism              0.259   105.159    
                         clock uncertainty           -0.035   105.124    
    SLICE_X54Y118        FDRE (Setup_fdre_C_D)        0.109   105.233    pwm_output/audio_latched_reg[4]
  -------------------------------------------------------------------
                         required time                        105.233    
                         arrival time                         -18.063    
  -------------------------------------------------------------------
                         slack                                 87.170    

Slack (MET) :             87.178ns  (required time - arrival time)
  Source:                 audio_ctrl/PWM/U0/inst_blk_mem_gen/gnbram.gnativebmg.native_blk_mem_gen/valid.cstr/has_mux_a.A/no_softecc_norm_sel2.has_mem_regs.WITHOUT_ECC_PIPE.ce_pri.sel_pipe_d1_reg[2]/C
                            (rising edge-triggered cell FDRE clocked by sys_clk_pin  {rise@0.000ns fall@50.000ns period=100.000ns})
  Destination:            pwm_output/audio_latched_reg[6]/D
                            (rising edge-triggered cell FDRE clocked by sys_clk_pin  {rise@0.000ns fall@50.000ns period=100.000ns})
  Path Group:             sys_clk_pin
  Path Type:              Setup (Max at Slow Process Corner)
  Requirement:            100.000ns  (sys_clk_pin rise@100.000ns - sys_clk_pin rise@0.000ns)
  Data Path Delay:        12.849ns  (logic 2.234ns (17.386%)  route 10.615ns (82.614%))
  Logic Levels:           7  (CARRY4=2 LUT2=1 LUT5=1 LUT6=2 MUXF7=1)
  Clock Path Skew:        -0.046ns (DCD - SCD + CPR)
    Destination Clock Delay (DCD):    4.900ns = ( 104.900 - 100.000 ) 
    Source Clock Delay      (SCD):    5.205ns
    Clock Pessimism Removal (CPR):    0.259ns
  Clock Uncertainty:      0.035ns  ((TSJ^2 + TIJ^2)^1/2 + DJ) / 2 + PE
    Total System Jitter     (TSJ):    0.071ns
    Total Input Jitter      (TIJ):    0.000ns
    Discrete Jitter          (DJ):    0.000ns
    Phase Error              (PE):    0.000ns

    Location             Delay type                Incr(ns)  Path(ns)    Netlist Resource(s)
  -------------------------------------------------------------------    -------------------
                         (clock sys_clk_pin rise edge)
                                                      0.000     0.000 r  
    E3                                                0.000     0.000 r  clk (IN)
                         net (fo=0)                   0.000     0.000    clk
    E3                   IBUF (Prop_ibuf_I_O)         1.482     1.482 r  clk_IBUF_inst/O
                         net (fo=1, routed)           2.025     3.506    clk_IBUF
    BUFGCTRL_X0Y16       BUFG (Prop_bufg_I_O)         0.096     3.602 r  clk_IBUF_BUFG_inst/O
                         net (fo=606, routed)         1.603     5.205    audio_ctrl/PWM/U0/inst_blk_mem_gen/gnbram.gnativebmg.native_blk_mem_gen/valid.cstr/has_mux_a.A/clka
    SLICE_X60Y118        FDRE                                         r  audio_ctrl/PWM/U0/inst_blk_mem_gen/gnbram.gnativebmg.native_blk_mem_gen/valid.cstr/has_mux_a.A/no_softecc_norm_sel2.has_mem_regs.WITHOUT_ECC_PIPE.ce_pri.sel_pipe_d1_reg[2]/C
  -------------------------------------------------------------------    -------------------
    SLICE_X60Y118        FDRE (Prop_fdre_C_Q)         0.518     5.723 r  audio_ctrl/PWM/U0/inst_blk_mem_gen/gnbram.gnativebmg.native_blk_mem_gen/valid.cstr/has_mux_a.A/no_softecc_norm_sel2.has_mem_regs.WITHOUT_ECC_PIPE.ce_pri.sel_pipe_d1_reg[2]/Q
                         net (fo=132, routed)         5.462    11.185    audio_ctrl/PWM/U0/inst_blk_mem_gen/gnbram.gnativebmg.native_blk_mem_gen/valid.cstr/has_mux_a.A/sel_pipe_d1[2]
    SLICE_X9Y175         LUT6 (Prop_lut6_I2_O)        0.124    11.309 r  audio_ctrl/PWM/U0/inst_blk_mem_gen/gnbram.gnativebmg.native_blk_mem_gen/valid.cstr/has_mux_a.A/douta[24]_INST_0_i_7/O
                         net (fo=1, routed)           0.000    11.309    audio_ctrl/PWM/U0/inst_blk_mem_gen/gnbram.gnativebmg.native_blk_mem_gen/valid.cstr/has_mux_a.A/douta[24]_INST_0_i_7_n_0
    SLICE_X9Y175         MUXF7 (Prop_muxf7_I1_O)      0.217    11.526 r  audio_ctrl/PWM/U0/inst_blk_mem_gen/gnbram.gnativebmg.native_blk_mem_gen/valid.cstr/has_mux_a.A/douta[24]_INST_0_i_2/O
                         net (fo=1, routed)           2.699    14.225    audio_ctrl/PWM/U0/inst_blk_mem_gen/gnbram.gnativebmg.native_blk_mem_gen/valid.cstr/has_mux_a.A/douta[24]_INST_0_i_2_n_0
    SLICE_X12Y119        LUT5 (Prop_lut5_I1_O)        0.299    14.524 r  audio_ctrl/PWM/U0/inst_blk_mem_gen/gnbram.gnativebmg.native_blk_mem_gen/valid.cstr/has_mux_a.A/douta[24]_INST_0/O
                         net (fo=1, routed)           1.601    16.125    audio_ctrl/rom_data[24]
    SLICE_X60Y117        LUT6 (Prop_lut6_I2_O)        0.124    16.249 f  audio_ctrl/audio_amplified_carry_i_8/O
                         net (fo=3, routed)           0.854    17.103    audio_ctrl/audio_amplified_carry_i_8_n_7
    SLICE_X54Y117        LUT2 (Prop_lut2_I1_O)        0.124    17.227 r  audio_ctrl/audio_amplified_carry_i_6/O
                         net (fo=1, routed)           0.000    17.227    pwm_output/audio_latched_reg[2]_1[0]
    SLICE_X54Y117        CARRY4 (Prop_carry4_S[0]_CO[3])
                                                      0.513    17.740 r  pwm_output/audio_amplified_carry/CO[3]
                         net (fo=1, routed)           0.000    17.740    pwm_output/audio_amplified_carry_n_7
    SLICE_X54Y118        CARRY4 (Prop_carry4_CI_O[3])
                                                      0.315    18.055 r  pwm_output/audio_amplified_carry__0/O[3]
                         net (fo=1, routed)           0.000    18.055    pwm_output/audio_amplified_2[6]
    SLICE_X54Y118        FDRE                                         r  pwm_output/audio_latched_reg[6]/D
  -------------------------------------------------------------------    -------------------

                         (clock sys_clk_pin rise edge)
                                                    100.000   100.000 r  
    E3                                                0.000   100.000 r  clk (IN)
                         net (fo=0)                   0.000   100.000    clk
    E3                   IBUF (Prop_ibuf_I_O)         1.411   101.411 r  clk_IBUF_inst/O
                         net (fo=1, routed)           1.920   103.331    clk_IBUF
    BUFGCTRL_X0Y16       BUFG (Prop_bufg_I_O)         0.091   103.422 r  clk_IBUF_BUFG_inst/O
                         net (fo=606, routed)         1.478   104.900    pwm_output/clk_IBUF_BUFG
    SLICE_X54Y118        FDRE                                         r  pwm_output/audio_latched_reg[6]/C
                         clock pessimism              0.259   105.159    
                         clock uncertainty           -0.035   105.124    
    SLICE_X54Y118        FDRE (Setup_fdre_C_D)        0.109   105.233    pwm_output/audio_latched_reg[6]
  -------------------------------------------------------------------
                         required time                        105.233    
                         arrival time                         -18.055    
  -------------------------------------------------------------------
                         slack                                 87.178    

Slack (MET) :             87.254ns  (required time - arrival time)
  Source:                 audio_ctrl/PWM/U0/inst_blk_mem_gen/gnbram.gnativebmg.native_blk_mem_gen/valid.cstr/has_mux_a.A/no_softecc_norm_sel2.has_mem_regs.WITHOUT_ECC_PIPE.ce_pri.sel_pipe_d1_reg[2]/C
                            (rising edge-triggered cell FDRE clocked by sys_clk_pin  {rise@0.000ns fall@50.000ns period=100.000ns})
  Destination:            pwm_output/audio_latched_reg[5]/D
                            (rising edge-triggered cell FDRE clocked by sys_clk_pin  {rise@0.000ns fall@50.000ns period=100.000ns})
  Path Group:             sys_clk_pin
  Path Type:              Setup (Max at Slow Process Corner)
  Requirement:            100.000ns  (sys_clk_pin rise@100.000ns - sys_clk_pin rise@0.000ns)
  Data Path Delay:        12.773ns  (logic 2.158ns (16.894%)  route 10.615ns (83.106%))
  Logic Levels:           7  (CARRY4=2 LUT2=1 LUT5=1 LUT6=2 MUXF7=1)
  Clock Path Skew:        -0.046ns (DCD - SCD + CPR)
    Destination Clock Delay (DCD):    4.900ns = ( 104.900 - 100.000 ) 
    Source Clock Delay      (SCD):    5.205ns
    Clock Pessimism Removal (CPR):    0.259ns
  Clock Uncertainty:      0.035ns  ((TSJ^2 + TIJ^2)^1/2 + DJ) / 2 + PE
    Total System Jitter     (TSJ):    0.071ns
    Total Input Jitter      (TIJ):    0.000ns
    Discrete Jitter          (DJ):    0.000ns
    Phase Error              (PE):    0.000ns

    Location             Delay type                Incr(ns)  Path(ns)    Netlist Resource(s)
  -------------------------------------------------------------------    -------------------
                         (clock sys_clk_pin rise edge)
                                                      0.000     0.000 r  
    E3                                                0.000     0.000 r  clk (IN)
                         net (fo=0)                   0.000     0.000    clk
    E3                   IBUF (Prop_ibuf_I_O)         1.482     1.482 r  clk_IBUF_inst/O
                         net (fo=1, routed)           2.025     3.506    clk_IBUF
    BUFGCTRL_X0Y16       BUFG (Prop_bufg_I_O)         0.096     3.602 r  clk_IBUF_BUFG_inst/O
                         net (fo=606, routed)         1.603     5.205    audio_ctrl/PWM/U0/inst_blk_mem_gen/gnbram.gnativebmg.native_blk_mem_gen/valid.cstr/has_mux_a.A/clka
    SLICE_X60Y118        FDRE                                         r  audio_ctrl/PWM/U0/inst_blk_mem_gen/gnbram.gnativebmg.native_blk_mem_gen/valid.cstr/has_mux_a.A/no_softecc_norm_sel2.has_mem_regs.WITHOUT_ECC_PIPE.ce_pri.sel_pipe_d1_reg[2]/C
  -------------------------------------------------------------------    -------------------
    SLICE_X60Y118        FDRE (Prop_fdre_C_Q)         0.518     5.723 r  audio_ctrl/PWM/U0/inst_blk_mem_gen/gnbram.gnativebmg.native_blk_mem_gen/valid.cstr/has_mux_a.A/no_softecc_norm_sel2.has_mem_regs.WITHOUT_ECC_PIPE.ce_pri.sel_pipe_d1_reg[2]/Q
                         net (fo=132, routed)         5.462    11.185    audio_ctrl/PWM/U0/inst_blk_mem_gen/gnbram.gnativebmg.native_blk_mem_gen/valid.cstr/has_mux_a.A/sel_pipe_d1[2]
    SLICE_X9Y175         LUT6 (Prop_lut6_I2_O)        0.124    11.309 r  audio_ctrl/PWM/U0/inst_blk_mem_gen/gnbram.gnativebmg.native_blk_mem_gen/valid.cstr/has_mux_a.A/douta[24]_INST_0_i_7/O
                         net (fo=1, routed)           0.000    11.309    audio_ctrl/PWM/U0/inst_blk_mem_gen/gnbram.gnativebmg.native_blk_mem_gen/valid.cstr/has_mux_a.A/douta[24]_INST_0_i_7_n_0
    SLICE_X9Y175         MUXF7 (Prop_muxf7_I1_O)      0.217    11.526 r  audio_ctrl/PWM/U0/inst_blk_mem_gen/gnbram.gnativebmg.native_blk_mem_gen/valid.cstr/has_mux_a.A/douta[24]_INST_0_i_2/O
                         net (fo=1, routed)           2.699    14.225    audio_ctrl/PWM/U0/inst_blk_mem_gen/gnbram.gnativebmg.native_blk_mem_gen/valid.cstr/has_mux_a.A/douta[24]_INST_0_i_2_n_0
    SLICE_X12Y119        LUT5 (Prop_lut5_I1_O)        0.299    14.524 r  audio_ctrl/PWM/U0/inst_blk_mem_gen/gnbram.gnativebmg.native_blk_mem_gen/valid.cstr/has_mux_a.A/douta[24]_INST_0/O
                         net (fo=1, routed)           1.601    16.125    audio_ctrl/rom_data[24]
    SLICE_X60Y117        LUT6 (Prop_lut6_I2_O)        0.124    16.249 f  audio_ctrl/audio_amplified_carry_i_8/O
                         net (fo=3, routed)           0.854    17.103    audio_ctrl/audio_amplified_carry_i_8_n_7
    SLICE_X54Y117        LUT2 (Prop_lut2_I1_O)        0.124    17.227 r  audio_ctrl/audio_amplified_carry_i_6/O
                         net (fo=1, routed)           0.000    17.227    pwm_output/audio_latched_reg[2]_1[0]
    SLICE_X54Y117        CARRY4 (Prop_carry4_S[0]_CO[3])
                                                      0.513    17.740 r  pwm_output/audio_amplified_carry/CO[3]
                         net (fo=1, routed)           0.000    17.740    pwm_output/audio_amplified_carry_n_7
    SLICE_X54Y118        CARRY4 (Prop_carry4_CI_O[2])
                                                      0.239    17.979 r  pwm_output/audio_amplified_carry__0/O[2]
                         net (fo=1, routed)           0.000    17.979    pwm_output/audio_amplified_2[5]
    SLICE_X54Y118        FDRE                                         r  pwm_output/audio_latched_reg[5]/D
  -------------------------------------------------------------------    -------------------

                         (clock sys_clk_pin rise edge)
                                                    100.000   100.000 r  
    E3                                                0.000   100.000 r  clk (IN)
                         net (fo=0)                   0.000   100.000    clk
    E3                   IBUF (Prop_ibuf_I_O)         1.411   101.411 r  clk_IBUF_inst/O
                         net (fo=1, routed)           1.920   103.331    clk_IBUF
    BUFGCTRL_X0Y16       BUFG (Prop_bufg_I_O)         0.091   103.422 r  clk_IBUF_BUFG_inst/O
                         net (fo=606, routed)         1.478   104.900    pwm_output/clk_IBUF_BUFG
    SLICE_X54Y118        FDRE                                         r  pwm_output/audio_latched_reg[5]/C
                         clock pessimism              0.259   105.159    
                         clock uncertainty           -0.035   105.124    
    SLICE_X54Y118        FDRE (Setup_fdre_C_D)        0.109   105.233    pwm_output/audio_latched_reg[5]
  -------------------------------------------------------------------
                         required time                        105.233    
                         arrival time                         -17.979    
  -------------------------------------------------------------------
                         slack                                 87.254    

Slack (MET) :             87.274ns  (required time - arrival time)
  Source:                 audio_ctrl/PWM/U0/inst_blk_mem_gen/gnbram.gnativebmg.native_blk_mem_gen/valid.cstr/has_mux_a.A/no_softecc_norm_sel2.has_mem_regs.WITHOUT_ECC_PIPE.ce_pri.sel_pipe_d1_reg[2]/C
                            (rising edge-triggered cell FDRE clocked by sys_clk_pin  {rise@0.000ns fall@50.000ns period=100.000ns})
  Destination:            pwm_output/audio_latched_reg[3]/D
                            (rising edge-triggered cell FDRE clocked by sys_clk_pin  {rise@0.000ns fall@50.000ns period=100.000ns})
  Path Group:             sys_clk_pin
  Path Type:              Setup (Max at Slow Process Corner)
  Requirement:            100.000ns  (sys_clk_pin rise@100.000ns - sys_clk_pin rise@0.000ns)
  Data Path Delay:        12.753ns  (logic 2.138ns (16.764%)  route 10.615ns (83.236%))
  Logic Levels:           7  (CARRY4=2 LUT2=1 LUT5=1 LUT6=2 MUXF7=1)
  Clock Path Skew:        -0.046ns (DCD - SCD + CPR)
    Destination Clock Delay (DCD):    4.900ns = ( 104.900 - 100.000 ) 
    Source Clock Delay      (SCD):    5.205ns
    Clock Pessimism Removal (CPR):    0.259ns
  Clock Uncertainty:      0.035ns  ((TSJ^2 + TIJ^2)^1/2 + DJ) / 2 + PE
    Total System Jitter     (TSJ):    0.071ns
    Total Input Jitter      (TIJ):    0.000ns
    Discrete Jitter          (DJ):    0.000ns
    Phase Error              (PE):    0.000ns

    Location             Delay type                Incr(ns)  Path(ns)    Netlist Resource(s)
  -------------------------------------------------------------------    -------------------
                         (clock sys_clk_pin rise edge)
                                                      0.000     0.000 r  
    E3                                                0.000     0.000 r  clk (IN)
                         net (fo=0)                   0.000     0.000    clk
    E3                   IBUF (Prop_ibuf_I_O)         1.482     1.482 r  clk_IBUF_inst/O
                         net (fo=1, routed)           2.025     3.506    clk_IBUF
    BUFGCTRL_X0Y16       BUFG (Prop_bufg_I_O)         0.096     3.602 r  clk_IBUF_BUFG_inst/O
                         net (fo=606, routed)         1.603     5.205    audio_ctrl/PWM/U0/inst_blk_mem_gen/gnbram.gnativebmg.native_blk_mem_gen/valid.cstr/has_mux_a.A/clka
    SLICE_X60Y118        FDRE                                         r  audio_ctrl/PWM/U0/inst_blk_mem_gen/gnbram.gnativebmg.native_blk_mem_gen/valid.cstr/has_mux_a.A/no_softecc_norm_sel2.has_mem_regs.WITHOUT_ECC_PIPE.ce_pri.sel_pipe_d1_reg[2]/C
  -------------------------------------------------------------------    -------------------
    SLICE_X60Y118        FDRE (Prop_fdre_C_Q)         0.518     5.723 r  audio_ctrl/PWM/U0/inst_blk_mem_gen/gnbram.gnativebmg.native_blk_mem_gen/valid.cstr/has_mux_a.A/no_softecc_norm_sel2.has_mem_regs.WITHOUT_ECC_PIPE.ce_pri.sel_pipe_d1_reg[2]/Q
                         net (fo=132, routed)         5.462    11.185    audio_ctrl/PWM/U0/inst_blk_mem_gen/gnbram.gnativebmg.native_blk_mem_gen/valid.cstr/has_mux_a.A/sel_pipe_d1[2]
    SLICE_X9Y175         LUT6 (Prop_lut6_I2_O)        0.124    11.309 r  audio_ctrl/PWM/U0/inst_blk_mem_gen/gnbram.gnativebmg.native_blk_mem_gen/valid.cstr/has_mux_a.A/douta[24]_INST_0_i_7/O
                         net (fo=1, routed)           0.000    11.309    audio_ctrl/PWM/U0/inst_blk_mem_gen/gnbram.gnativebmg.native_blk_mem_gen/valid.cstr/has_mux_a.A/douta[24]_INST_0_i_7_n_0
    SLICE_X9Y175         MUXF7 (Prop_muxf7_I1_O)      0.217    11.526 r  audio_ctrl/PWM/U0/inst_blk_mem_gen/gnbram.gnativebmg.native_blk_mem_gen/valid.cstr/has_mux_a.A/douta[24]_INST_0_i_2/O
                         net (fo=1, routed)           2.699    14.225    audio_ctrl/PWM/U0/inst_blk_mem_gen/gnbram.gnativebmg.native_blk_mem_gen/valid.cstr/has_mux_a.A/douta[24]_INST_0_i_2_n_0
    SLICE_X12Y119        LUT5 (Prop_lut5_I1_O)        0.299    14.524 r  audio_ctrl/PWM/U0/inst_blk_mem_gen/gnbram.gnativebmg.native_blk_mem_gen/valid.cstr/has_mux_a.A/douta[24]_INST_0/O
                         net (fo=1, routed)           1.601    16.125    audio_ctrl/rom_data[24]
    SLICE_X60Y117        LUT6 (Prop_lut6_I2_O)        0.124    16.249 f  audio_ctrl/audio_amplified_carry_i_8/O
                         net (fo=3, routed)           0.854    17.103    audio_ctrl/audio_amplified_carry_i_8_n_7
    SLICE_X54Y117        LUT2 (Prop_lut2_I1_O)        0.124    17.227 r  audio_ctrl/audio_amplified_carry_i_6/O
                         net (fo=1, routed)           0.000    17.227    pwm_output/audio_latched_reg[2]_1[0]
    SLICE_X54Y117        CARRY4 (Prop_carry4_S[0]_CO[3])
                                                      0.513    17.740 r  pwm_output/audio_amplified_carry/CO[3]
                         net (fo=1, routed)           0.000    17.740    pwm_output/audio_amplified_carry_n_7
    SLICE_X54Y118        CARRY4 (Prop_carry4_CI_O[0])
                                                      0.219    17.959 r  pwm_output/audio_amplified_carry__0/O[0]
                         net (fo=1, routed)           0.000    17.959    pwm_output/audio_amplified_2[3]
    SLICE_X54Y118        FDRE                                         r  pwm_output/audio_latched_reg[3]/D
  -------------------------------------------------------------------    -------------------

                         (clock sys_clk_pin rise edge)
                                                    100.000   100.000 r  
    E3                                                0.000   100.000 r  clk (IN)
                         net (fo=0)                   0.000   100.000    clk
    E3                   IBUF (Prop_ibuf_I_O)         1.411   101.411 r  clk_IBUF_inst/O
                         net (fo=1, routed)           1.920   103.331    clk_IBUF
    BUFGCTRL_X0Y16       BUFG (Prop_bufg_I_O)         0.091   103.422 r  clk_IBUF_BUFG_inst/O
                         net (fo=606, routed)         1.478   104.900    pwm_output/clk_IBUF_BUFG
    SLICE_X54Y118        FDRE                                         r  pwm_output/audio_latched_reg[3]/C
                         clock pessimism              0.259   105.159    
                         clock uncertainty           -0.035   105.124    
    SLICE_X54Y118        FDRE (Setup_fdre_C_D)        0.109   105.233    pwm_output/audio_latched_reg[3]
  -------------------------------------------------------------------
                         required time                        105.233    
                         arrival time                         -17.959    
  -------------------------------------------------------------------
                         slack                                 87.274    

Slack (MET) :             87.400ns  (required time - arrival time)
  Source:                 audio_ctrl/PWM/U0/inst_blk_mem_gen/gnbram.gnativebmg.native_blk_mem_gen/valid.cstr/has_mux_a.A/no_softecc_norm_sel2.has_mem_regs.WITHOUT_ECC_PIPE.ce_pri.sel_pipe_d1_reg[2]/C
                            (rising edge-triggered cell FDRE clocked by sys_clk_pin  {rise@0.000ns fall@50.000ns period=100.000ns})
  Destination:            pwm_output/audio_latched_reg[2]/D
                            (rising edge-triggered cell FDRE clocked by sys_clk_pin  {rise@0.000ns fall@50.000ns period=100.000ns})
  Path Group:             sys_clk_pin
  Path Type:              Setup (Max at Slow Process Corner)
  Requirement:            100.000ns  (sys_clk_pin rise@100.000ns - sys_clk_pin rise@0.000ns)
  Data Path Delay:        12.629ns  (logic 2.014ns (15.947%)  route 10.615ns (84.053%))
  Logic Levels:           6  (CARRY4=1 LUT2=1 LUT5=1 LUT6=2 MUXF7=1)
  Clock Path Skew:        -0.044ns (DCD - SCD + CPR)
    Destination Clock Delay (DCD):    4.902ns = ( 104.902 - 100.000 ) 
    Source Clock Delay      (SCD):    5.205ns
    Clock Pessimism Removal (CPR):    0.259ns
  Clock Uncertainty:      0.035ns  ((TSJ^2 + TIJ^2)^1/2 + DJ) / 2 + PE
    Total System Jitter     (TSJ):    0.071ns
    Total Input Jitter      (TIJ):    0.000ns
    Discrete Jitter          (DJ):    0.000ns
    Phase Error              (PE):    0.000ns

    Location             Delay type                Incr(ns)  Path(ns)    Netlist Resource(s)
  -------------------------------------------------------------------    -------------------
                         (clock sys_clk_pin rise edge)
                                                      0.000     0.000 r  
    E3                                                0.000     0.000 r  clk (IN)
                         net (fo=0)                   0.000     0.000    clk
    E3                   IBUF (Prop_ibuf_I_O)         1.482     1.482 r  clk_IBUF_inst/O
                         net (fo=1, routed)           2.025     3.506    clk_IBUF
    BUFGCTRL_X0Y16       BUFG (Prop_bufg_I_O)         0.096     3.602 r  clk_IBUF_BUFG_inst/O
                         net (fo=606, routed)         1.603     5.205    audio_ctrl/PWM/U0/inst_blk_mem_gen/gnbram.gnativebmg.native_blk_mem_gen/valid.cstr/has_mux_a.A/clka
    SLICE_X60Y118        FDRE                                         r  audio_ctrl/PWM/U0/inst_blk_mem_gen/gnbram.gnativebmg.native_blk_mem_gen/valid.cstr/has_mux_a.A/no_softecc_norm_sel2.has_mem_regs.WITHOUT_ECC_PIPE.ce_pri.sel_pipe_d1_reg[2]/C
  -------------------------------------------------------------------    -------------------
    SLICE_X60Y118        FDRE (Prop_fdre_C_Q)         0.518     5.723 r  audio_ctrl/PWM/U0/inst_blk_mem_gen/gnbram.gnativebmg.native_blk_mem_gen/valid.cstr/has_mux_a.A/no_softecc_norm_sel2.has_mem_regs.WITHOUT_ECC_PIPE.ce_pri.sel_pipe_d1_reg[2]/Q
                         net (fo=132, routed)         5.462    11.185    audio_ctrl/PWM/U0/inst_blk_mem_gen/gnbram.gnativebmg.native_blk_mem_gen/valid.cstr/has_mux_a.A/sel_pipe_d1[2]
    SLICE_X9Y175         LUT6 (Prop_lut6_I2_O)        0.124    11.309 r  audio_ctrl/PWM/U0/inst_blk_mem_gen/gnbram.gnativebmg.native_blk_mem_gen/valid.cstr/has_mux_a.A/douta[24]_INST_0_i_7/O
                         net (fo=1, routed)           0.000    11.309    audio_ctrl/PWM/U0/inst_blk_mem_gen/gnbram.gnativebmg.native_blk_mem_gen/valid.cstr/has_mux_a.A/douta[24]_INST_0_i_7_n_0
    SLICE_X9Y175         MUXF7 (Prop_muxf7_I1_O)      0.217    11.526 r  audio_ctrl/PWM/U0/inst_blk_mem_gen/gnbram.gnativebmg.native_blk_mem_gen/valid.cstr/has_mux_a.A/douta[24]_INST_0_i_2/O
                         net (fo=1, routed)           2.699    14.225    audio_ctrl/PWM/U0/inst_blk_mem_gen/gnbram.gnativebmg.native_blk_mem_gen/valid.cstr/has_mux_a.A/douta[24]_INST_0_i_2_n_0
    SLICE_X12Y119        LUT5 (Prop_lut5_I1_O)        0.299    14.524 r  audio_ctrl/PWM/U0/inst_blk_mem_gen/gnbram.gnativebmg.native_blk_mem_gen/valid.cstr/has_mux_a.A/douta[24]_INST_0/O
                         net (fo=1, routed)           1.601    16.125    audio_ctrl/rom_data[24]
    SLICE_X60Y117        LUT6 (Prop_lut6_I2_O)        0.124    16.249 f  audio_ctrl/audio_amplified_carry_i_8/O
                         net (fo=3, routed)           0.854    17.103    audio_ctrl/audio_amplified_carry_i_8_n_7
    SLICE_X54Y117        LUT2 (Prop_lut2_I1_O)        0.124    17.227 r  audio_ctrl/audio_amplified_carry_i_6/O
                         net (fo=1, routed)           0.000    17.227    pwm_output/audio_latched_reg[2]_1[0]
    SLICE_X54Y117        CARRY4 (Prop_carry4_S[0]_O[3])
                                                      0.608    17.835 r  pwm_output/audio_amplified_carry/O[3]
                         net (fo=1, routed)           0.000    17.835    pwm_output/audio_amplified_2[2]
    SLICE_X54Y117        FDRE                                         r  pwm_output/audio_latched_reg[2]/D
  -------------------------------------------------------------------    -------------------

                         (clock sys_clk_pin rise edge)
                                                    100.000   100.000 r  
    E3                                                0.000   100.000 r  clk (IN)
                         net (fo=0)                   0.000   100.000    clk
    E3                   IBUF (Prop_ibuf_I_O)         1.411   101.411 r  clk_IBUF_inst/O
                         net (fo=1, routed)           1.920   103.331    clk_IBUF
    BUFGCTRL_X0Y16       BUFG (Prop_bufg_I_O)         0.091   103.422 r  clk_IBUF_BUFG_inst/O
                         net (fo=606, routed)         1.480   104.902    pwm_output/clk_IBUF_BUFG
    SLICE_X54Y117        FDRE                                         r  pwm_output/audio_latched_reg[2]/C
                         clock pessimism              0.259   105.161    
                         clock uncertainty           -0.035   105.126    
    SLICE_X54Y117        FDRE (Setup_fdre_C_D)        0.109   105.235    pwm_output/audio_latched_reg[2]
  -------------------------------------------------------------------
                         required time                        105.235    
                         arrival time                         -17.835    
  -------------------------------------------------------------------
                         slack                                 87.400    

Slack (MET) :             87.464ns  (required time - arrival time)
  Source:                 audio_ctrl/PWM/U0/inst_blk_mem_gen/gnbram.gnativebmg.native_blk_mem_gen/valid.cstr/has_mux_a.A/no_softecc_norm_sel2.has_mem_regs.WITHOUT_ECC_PIPE.ce_pri.sel_pipe_d1_reg[2]/C
                            (rising edge-triggered cell FDRE clocked by sys_clk_pin  {rise@0.000ns fall@50.000ns period=100.000ns})
  Destination:            pwm_output/audio_latched_reg[1]/D
                            (rising edge-triggered cell FDRE clocked by sys_clk_pin  {rise@0.000ns fall@50.000ns period=100.000ns})
  Path Group:             sys_clk_pin
  Path Type:              Setup (Max at Slow Process Corner)
  Requirement:            100.000ns  (sys_clk_pin rise@100.000ns - sys_clk_pin rise@0.000ns)
  Data Path Delay:        12.565ns  (logic 1.950ns (15.519%)  route 10.615ns (84.481%))
  Logic Levels:           6  (CARRY4=1 LUT2=1 LUT5=1 LUT6=2 MUXF7=1)
  Clock Path Skew:        -0.044ns (DCD - SCD + CPR)
    Destination Clock Delay (DCD):    4.902ns = ( 104.902 - 100.000 ) 
    Source Clock Delay      (SCD):    5.205ns
    Clock Pessimism Removal (CPR):    0.259ns
  Clock Uncertainty:      0.035ns  ((TSJ^2 + TIJ^2)^1/2 + DJ) / 2 + PE
    Total System Jitter     (TSJ):    0.071ns
    Total Input Jitter      (TIJ):    0.000ns
    Discrete Jitter          (DJ):    0.000ns
    Phase Error              (PE):    0.000ns

    Location             Delay type                Incr(ns)  Path(ns)    Netlist Resource(s)
  -------------------------------------------------------------------    -------------------
                         (clock sys_clk_pin rise edge)
                                                      0.000     0.000 r  
    E3                                                0.000     0.000 r  clk (IN)
                         net (fo=0)                   0.000     0.000    clk
    E3                   IBUF (Prop_ibuf_I_O)         1.482     1.482 r  clk_IBUF_inst/O
                         net (fo=1, routed)           2.025     3.506    clk_IBUF
    BUFGCTRL_X0Y16       BUFG (Prop_bufg_I_O)         0.096     3.602 r  clk_IBUF_BUFG_inst/O
                         net (fo=606, routed)         1.603     5.205    audio_ctrl/PWM/U0/inst_blk_mem_gen/gnbram.gnativebmg.native_blk_mem_gen/valid.cstr/has_mux_a.A/clka
    SLICE_X60Y118        FDRE                                         r  audio_ctrl/PWM/U0/inst_blk_mem_gen/gnbram.gnativebmg.native_blk_mem_gen/valid.cstr/has_mux_a.A/no_softecc_norm_sel2.has_mem_regs.WITHOUT_ECC_PIPE.ce_pri.sel_pipe_d1_reg[2]/C
  -------------------------------------------------------------------    -------------------
    SLICE_X60Y118        FDRE (Prop_fdre_C_Q)         0.518     5.723 r  audio_ctrl/PWM/U0/inst_blk_mem_gen/gnbram.gnativebmg.native_blk_mem_gen/valid.cstr/has_mux_a.A/no_softecc_norm_sel2.has_mem_regs.WITHOUT_ECC_PIPE.ce_pri.sel_pipe_d1_reg[2]/Q
                         net (fo=132, routed)         5.462    11.185    audio_ctrl/PWM/U0/inst_blk_mem_gen/gnbram.gnativebmg.native_blk_mem_gen/valid.cstr/has_mux_a.A/sel_pipe_d1[2]
    SLICE_X9Y175         LUT6 (Prop_lut6_I2_O)        0.124    11.309 r  audio_ctrl/PWM/U0/inst_blk_mem_gen/gnbram.gnativebmg.native_blk_mem_gen/valid.cstr/has_mux_a.A/douta[24]_INST_0_i_7/O
                         net (fo=1, routed)           0.000    11.309    audio_ctrl/PWM/U0/inst_blk_mem_gen/gnbram.gnativebmg.native_blk_mem_gen/valid.cstr/has_mux_a.A/douta[24]_INST_0_i_7_n_0
    SLICE_X9Y175         MUXF7 (Prop_muxf7_I1_O)      0.217    11.526 r  audio_ctrl/PWM/U0/inst_blk_mem_gen/gnbram.gnativebmg.native_blk_mem_gen/valid.cstr/has_mux_a.A/douta[24]_INST_0_i_2/O
                         net (fo=1, routed)           2.699    14.225    audio_ctrl/PWM/U0/inst_blk_mem_gen/gnbram.gnativebmg.native_blk_mem_gen/valid.cstr/has_mux_a.A/douta[24]_INST_0_i_2_n_0
    SLICE_X12Y119        LUT5 (Prop_lut5_I1_O)        0.299    14.524 r  audio_ctrl/PWM/U0/inst_blk_mem_gen/gnbram.gnativebmg.native_blk_mem_gen/valid.cstr/has_mux_a.A/douta[24]_INST_0/O
                         net (fo=1, routed)           1.601    16.125    audio_ctrl/rom_data[24]
    SLICE_X60Y117        LUT6 (Prop_lut6_I2_O)        0.124    16.249 f  audio_ctrl/audio_amplified_carry_i_8/O
                         net (fo=3, routed)           0.854    17.103    audio_ctrl/audio_amplified_carry_i_8_n_7
    SLICE_X54Y117        LUT2 (Prop_lut2_I1_O)        0.124    17.227 r  audio_ctrl/audio_amplified_carry_i_6/O
                         net (fo=1, routed)           0.000    17.227    pwm_output/audio_latched_reg[2]_1[0]
    SLICE_X54Y117        CARRY4 (Prop_carry4_S[0]_O[2])
                                                      0.544    17.771 r  pwm_output/audio_amplified_carry/O[2]
                         net (fo=1, routed)           0.000    17.771    pwm_output/audio_amplified_2[1]
    SLICE_X54Y117        FDRE                                         r  pwm_output/audio_latched_reg[1]/D
  -------------------------------------------------------------------    -------------------

                         (clock sys_clk_pin rise edge)
                                                    100.000   100.000 r  
    E3                                                0.000   100.000 r  clk (IN)
                         net (fo=0)                   0.000   100.000    clk
    E3                   IBUF (Prop_ibuf_I_O)         1.411   101.411 r  clk_IBUF_inst/O
                         net (fo=1, routed)           1.920   103.331    clk_IBUF
    BUFGCTRL_X0Y16       BUFG (Prop_bufg_I_O)         0.091   103.422 r  clk_IBUF_BUFG_inst/O
                         net (fo=606, routed)         1.480   104.902    pwm_output/clk_IBUF_BUFG
    SLICE_X54Y117        FDRE                                         r  pwm_output/audio_latched_reg[1]/C
                         clock pessimism              0.259   105.161    
                         clock uncertainty           -0.035   105.126    
    SLICE_X54Y117        FDRE (Setup_fdre_C_D)        0.109   105.235    pwm_output/audio_latched_reg[1]
  -------------------------------------------------------------------
                         required time                        105.235    
                         arrival time                         -17.771    
  -------------------------------------------------------------------
                         slack                                 87.464    

Slack (MET) :             87.581ns  (required time - arrival time)
  Source:                 audio_ctrl/PWM/U0/inst_blk_mem_gen/gnbram.gnativebmg.native_blk_mem_gen/valid.cstr/has_mux_a.A/no_softecc_norm_sel2.has_mem_regs.WITHOUT_ECC_PIPE.ce_pri.sel_pipe_d1_reg[2]/C
                            (rising edge-triggered cell FDRE clocked by sys_clk_pin  {rise@0.000ns fall@50.000ns period=100.000ns})
  Destination:            pwm_output/audio_latched_reg[0]/D
                            (rising edge-triggered cell FDRE clocked by sys_clk_pin  {rise@0.000ns fall@50.000ns period=100.000ns})
  Path Group:             sys_clk_pin
  Path Type:              Setup (Max at Slow Process Corner)
  Requirement:            100.000ns  (sys_clk_pin rise@100.000ns - sys_clk_pin rise@0.000ns)
  Data Path Delay:        12.448ns  (logic 1.833ns (14.725%)  route 10.615ns (85.275%))
  Logic Levels:           6  (CARRY4=1 LUT2=1 LUT5=1 LUT6=2 MUXF7=1)
  Clock Path Skew:        -0.044ns (DCD - SCD + CPR)
    Destination Clock Delay (DCD):    4.902ns = ( 104.902 - 100.000 ) 
    Source Clock Delay      (SCD):    5.205ns
    Clock Pessimism Removal (CPR):    0.259ns
  Clock Uncertainty:      0.035ns  ((TSJ^2 + TIJ^2)^1/2 + DJ) / 2 + PE
    Total System Jitter     (TSJ):    0.071ns
    Total Input Jitter      (TIJ):    0.000ns
    Discrete Jitter          (DJ):    0.000ns
    Phase Error              (PE):    0.000ns

    Location             Delay type                Incr(ns)  Path(ns)    Netlist Resource(s)
  -------------------------------------------------------------------    -------------------
                         (clock sys_clk_pin rise edge)
                                                      0.000     0.000 r  
    E3                                                0.000     0.000 r  clk (IN)
                         net (fo=0)                   0.000     0.000    clk
    E3                   IBUF (Prop_ibuf_I_O)         1.482     1.482 r  clk_IBUF_inst/O
                         net (fo=1, routed)           2.025     3.506    clk_IBUF
    BUFGCTRL_X0Y16       BUFG (Prop_bufg_I_O)         0.096     3.602 r  clk_IBUF_BUFG_inst/O
                         net (fo=606, routed)         1.603     5.205    audio_ctrl/PWM/U0/inst_blk_mem_gen/gnbram.gnativebmg.native_blk_mem_gen/valid.cstr/has_mux_a.A/clka
    SLICE_X60Y118        FDRE                                         r  audio_ctrl/PWM/U0/inst_blk_mem_gen/gnbram.gnativebmg.native_blk_mem_gen/valid.cstr/has_mux_a.A/no_softecc_norm_sel2.has_mem_regs.WITHOUT_ECC_PIPE.ce_pri.sel_pipe_d1_reg[2]/C
  -------------------------------------------------------------------    -------------------
    SLICE_X60Y118        FDRE (Prop_fdre_C_Q)         0.518     5.723 r  audio_ctrl/PWM/U0/inst_blk_mem_gen/gnbram.gnativebmg.native_blk_mem_gen/valid.cstr/has_mux_a.A/no_softecc_norm_sel2.has_mem_regs.WITHOUT_ECC_PIPE.ce_pri.sel_pipe_d1_reg[2]/Q
                         net (fo=132, routed)         5.462    11.185    audio_ctrl/PWM/U0/inst_blk_mem_gen/gnbram.gnativebmg.native_blk_mem_gen/valid.cstr/has_mux_a.A/sel_pipe_d1[2]
    SLICE_X9Y175         LUT6 (Prop_lut6_I2_O)        0.124    11.309 r  audio_ctrl/PWM/U0/inst_blk_mem_gen/gnbram.gnativebmg.native_blk_mem_gen/valid.cstr/has_mux_a.A/douta[24]_INST_0_i_7/O
                         net (fo=1, routed)           0.000    11.309    audio_ctrl/PWM/U0/inst_blk_mem_gen/gnbram.gnativebmg.native_blk_mem_gen/valid.cstr/has_mux_a.A/douta[24]_INST_0_i_7_n_0
    SLICE_X9Y175         MUXF7 (Prop_muxf7_I1_O)      0.217    11.526 r  audio_ctrl/PWM/U0/inst_blk_mem_gen/gnbram.gnativebmg.native_blk_mem_gen/valid.cstr/has_mux_a.A/douta[24]_INST_0_i_2/O
                         net (fo=1, routed)           2.699    14.225    audio_ctrl/PWM/U0/inst_blk_mem_gen/gnbram.gnativebmg.native_blk_mem_gen/valid.cstr/has_mux_a.A/douta[24]_INST_0_i_2_n_0
    SLICE_X12Y119        LUT5 (Prop_lut5_I1_O)        0.299    14.524 r  audio_ctrl/PWM/U0/inst_blk_mem_gen/gnbram.gnativebmg.native_blk_mem_gen/valid.cstr/has_mux_a.A/douta[24]_INST_0/O
                         net (fo=1, routed)           1.601    16.125    audio_ctrl/rom_data[24]
    SLICE_X60Y117        LUT6 (Prop_lut6_I2_O)        0.124    16.249 f  audio_ctrl/audio_amplified_carry_i_8/O
                         net (fo=3, routed)           0.854    17.103    audio_ctrl/audio_amplified_carry_i_8_n_7
    SLICE_X54Y117        LUT2 (Prop_lut2_I1_O)        0.124    17.227 r  audio_ctrl/audio_amplified_carry_i_6/O
                         net (fo=1, routed)           0.000    17.227    pwm_output/audio_latched_reg[2]_1[0]
    SLICE_X54Y117        CARRY4 (Prop_carry4_S[0]_O[1])
                                                      0.427    17.654 r  pwm_output/audio_amplified_carry/O[1]
                         net (fo=1, routed)           0.000    17.654    pwm_output/audio_amplified_2[0]
    SLICE_X54Y117        FDRE                                         r  pwm_output/audio_latched_reg[0]/D
  -------------------------------------------------------------------    -------------------

                         (clock sys_clk_pin rise edge)
                                                    100.000   100.000 r  
    E3                                                0.000   100.000 r  clk (IN)
                         net (fo=0)                   0.000   100.000    clk
    E3                   IBUF (Prop_ibuf_I_O)         1.411   101.411 r  clk_IBUF_inst/O
                         net (fo=1, routed)           1.920   103.331    clk_IBUF
    BUFGCTRL_X0Y16       BUFG (Prop_bufg_I_O)         0.091   103.422 r  clk_IBUF_BUFG_inst/O
                         net (fo=606, routed)         1.480   104.902    pwm_output/clk_IBUF_BUFG
    SLICE_X54Y117        FDRE                                         r  pwm_output/audio_latched_reg[0]/C
                         clock pessimism              0.259   105.161    
                         clock uncertainty           -0.035   105.126    
    SLICE_X54Y117        FDRE (Setup_fdre_C_D)        0.109   105.235    pwm_output/audio_latched_reg[0]
  -------------------------------------------------------------------
                         required time                        105.235    
                         arrival time                         -17.654    
  -------------------------------------------------------------------
                         slack                                 87.581    

Slack (MET) :             91.084ns  (required time - arrival time)
  Source:                 audio_ctrl/PWM/U0/inst_blk_mem_gen/gnbram.gnativebmg.native_blk_mem_gen/valid.cstr/ramloop[0].ram.r/prim_init.ram/audio_ctrl/PWM/U0/inst_blk_mem_gen/gnbram.gnativebmg.native_blk_mem_gen/valid.cstr/ramloop[0].ram.r/prim_init.ram/DEVICE_7SERIES.NO_BMM_INFO.SP.SIMPLE_PRIM36.ram_cooolgate_en_gate_49_cooolDelFlop/C
                            (rising edge-triggered cell FDCE clocked by sys_clk_pin  {rise@0.000ns fall@50.000ns period=100.000ns})
  Destination:            audio_ctrl/PWM/U0/inst_blk_mem_gen/gnbram.gnativebmg.native_blk_mem_gen/valid.cstr/ramloop[51].ram.r/prim_init.ram/DEVICE_7SERIES.NO_BMM_INFO.SP.SIMPLE_PRIM36.ram/ENARDEN
                            (rising edge-triggered cell RAMB36E1 clocked by sys_clk_pin  {rise@0.000ns fall@50.000ns period=100.000ns})
  Path Group:             sys_clk_pin
  Path Type:              Setup (Max at Slow Process Corner)
  Requirement:            100.000ns  (sys_clk_pin rise@100.000ns - sys_clk_pin rise@0.000ns)
  Data Path Delay:        8.403ns  (logic 0.580ns (6.902%)  route 7.823ns (93.098%))
  Logic Levels:           1  (LUT4=1)
  Clock Path Skew:        -0.034ns (DCD - SCD + CPR)
    Destination Clock Delay (DCD):    4.983ns = ( 104.983 - 100.000 ) 
    Source Clock Delay      (SCD):    5.197ns
    Clock Pessimism Removal (CPR):    0.180ns
  Clock Uncertainty:      0.035ns  ((TSJ^2 + TIJ^2)^1/2 + DJ) / 2 + PE
    Total System Jitter     (TSJ):    0.071ns
    Total Input Jitter      (TIJ):    0.000ns
    Discrete Jitter          (DJ):    0.000ns
    Phase Error              (PE):    0.000ns

    Location             Delay type                Incr(ns)  Path(ns)    Netlist Resource(s)
  -------------------------------------------------------------------    -------------------
                         (clock sys_clk_pin rise edge)
                                                      0.000     0.000 r  
    E3                                                0.000     0.000 r  clk (IN)
                         net (fo=0)                   0.000     0.000    clk
    E3                   IBUF (Prop_ibuf_I_O)         1.482     1.482 r  clk_IBUF_inst/O
                         net (fo=1, routed)           2.025     3.506    clk_IBUF
    BUFGCTRL_X0Y16       BUFG (Prop_bufg_I_O)         0.096     3.602 r  clk_IBUF_BUFG_inst/O
                         net (fo=606, routed)         1.595     5.197    audio_ctrl/PWM/U0/inst_blk_mem_gen/gnbram.gnativebmg.native_blk_mem_gen/valid.cstr/ramloop[0].ram.r/prim_init.ram/clka
    SLICE_X55Y121        FDCE                                         r  audio_ctrl/PWM/U0/inst_blk_mem_gen/gnbram.gnativebmg.native_blk_mem_gen/valid.cstr/ramloop[0].ram.r/prim_init.ram/audio_ctrl/PWM/U0/inst_blk_mem_gen/gnbram.gnativebmg.native_blk_mem_gen/valid.cstr/ramloop[0].ram.r/prim_init.ram/DEVICE_7SERIES.NO_BMM_INFO.SP.SIMPLE_PRIM36.ram_cooolgate_en_gate_49_cooolDelFlop/C
  -------------------------------------------------------------------    -------------------
    SLICE_X55Y121        FDCE (Prop_fdce_C_Q)         0.456     5.653 r  audio_ctrl/PWM/U0/inst_blk_mem_gen/gnbram.gnativebmg.native_blk_mem_gen/valid.cstr/ramloop[0].ram.r/prim_init.ram/audio_ctrl/PWM/U0/inst_blk_mem_gen/gnbram.gnativebmg.native_blk_mem_gen/valid.cstr/ramloop[0].ram.r/prim_init.ram/DEVICE_7SERIES.NO_BMM_INFO.SP.SIMPLE_PRIM36.ram_cooolgate_en_gate_49_cooolDelFlop/Q
                         net (fo=96, routed)          5.805    11.458    audio_ctrl/PWM/U0/inst_blk_mem_gen/gnbram.gnativebmg.native_blk_mem_gen/valid.cstr/ramloop[51].ram.r/prim_init.ram/pwropt_1
    SLICE_X33Y80         LUT4 (Prop_lut4_I1_O)        0.124    11.582 r  audio_ctrl/PWM/U0/inst_blk_mem_gen/gnbram.gnativebmg.native_blk_mem_gen/valid.cstr/ramloop[51].ram.r/prim_init.ram/DEVICE_7SERIES.NO_BMM_INFO.SP.SIMPLE_PRIM36.ram_ENARDEN_cooolgate_en_gate_208/O
                         net (fo=1, routed)           2.018    13.601    audio_ctrl/PWM/U0/inst_blk_mem_gen/gnbram.gnativebmg.native_blk_mem_gen/valid.cstr/ramloop[51].ram.r/prim_init.ram/DEVICE_7SERIES.NO_BMM_INFO.SP.SIMPLE_PRIM36.ram_ENARDEN_cooolgate_en_sig_114
    RAMB36_X0Y10         RAMB36E1                                     r  audio_ctrl/PWM/U0/inst_blk_mem_gen/gnbram.gnativebmg.native_blk_mem_gen/valid.cstr/ramloop[51].ram.r/prim_init.ram/DEVICE_7SERIES.NO_BMM_INFO.SP.SIMPLE_PRIM36.ram/ENARDEN
  -------------------------------------------------------------------    -------------------

                         (clock sys_clk_pin rise edge)
                                                    100.000   100.000 r  
    E3                                                0.000   100.000 r  clk (IN)
                         net (fo=0)                   0.000   100.000    clk
    E3                   IBUF (Prop_ibuf_I_O)         1.411   101.411 r  clk_IBUF_inst/O
                         net (fo=1, routed)           1.920   103.331    clk_IBUF
    BUFGCTRL_X0Y16       BUFG (Prop_bufg_I_O)         0.091   103.422 r  clk_IBUF_BUFG_inst/O
                         net (fo=606, routed)         1.561   104.983    audio_ctrl/PWM/U0/inst_blk_mem_gen/gnbram.gnativebmg.native_blk_mem_gen/valid.cstr/ramloop[51].ram.r/prim_init.ram/clka
    RAMB36_X0Y10         RAMB36E1                                     r  audio_ctrl/PWM/U0/inst_blk_mem_gen/gnbram.gnativebmg.native_blk_mem_gen/valid.cstr/ramloop[51].ram.r/prim_init.ram/DEVICE_7SERIES.NO_BMM_INFO.SP.SIMPLE_PRIM36.ram/CLKARDCLK
                         clock pessimism              0.180   105.163    
                         clock uncertainty           -0.035   105.128    
    RAMB36_X0Y10         RAMB36E1 (Setup_ramb36e1_CLKARDCLK_ENARDEN)
                                                     -0.443   104.685    audio_ctrl/PWM/U0/inst_blk_mem_gen/gnbram.gnativebmg.native_blk_mem_gen/valid.cstr/ramloop[51].ram.r/prim_init.ram/DEVICE_7SERIES.NO_BMM_INFO.SP.SIMPLE_PRIM36.ram
  -------------------------------------------------------------------
                         required time                        104.685    
                         arrival time                         -13.601    
  -------------------------------------------------------------------
                         slack                                 91.084    

Slack (MET) :             91.119ns  (required time - arrival time)
  Source:                 audio_ctrl/PWM/U0/inst_blk_mem_gen/gnbram.gnativebmg.native_blk_mem_gen/valid.cstr/ramloop[0].ram.r/prim_init.ram/audio_ctrl/PWM/U0/inst_blk_mem_gen/gnbram.gnativebmg.native_blk_mem_gen/valid.cstr/ramloop[0].ram.r/prim_init.ram/DEVICE_7SERIES.NO_BMM_INFO.SP.SIMPLE_PRIM36.ram_cooolgate_en_gate_49_cooolDelFlop/C
                            (rising edge-triggered cell FDCE clocked by sys_clk_pin  {rise@0.000ns fall@50.000ns period=100.000ns})
  Destination:            audio_ctrl/PWM/U0/inst_blk_mem_gen/gnbram.gnativebmg.native_blk_mem_gen/valid.cstr/ramloop[52].ram.r/prim_init.ram/DEVICE_7SERIES.NO_BMM_INFO.SP.SIMPLE_PRIM36.ram/ENARDEN
                            (rising edge-triggered cell RAMB36E1 clocked by sys_clk_pin  {rise@0.000ns fall@50.000ns period=100.000ns})
  Path Group:             sys_clk_pin
  Path Type:              Setup (Max at Slow Process Corner)
  Requirement:            100.000ns  (sys_clk_pin rise@100.000ns - sys_clk_pin rise@0.000ns)
  Data Path Delay:        8.364ns  (logic 0.580ns (6.935%)  route 7.784ns (93.065%))
  Logic Levels:           1  (LUT4=1)
  Clock Path Skew:        -0.039ns (DCD - SCD + CPR)
    Destination Clock Delay (DCD):    4.978ns = ( 104.978 - 100.000 ) 
    Source Clock Delay      (SCD):    5.197ns
    Clock Pessimism Removal (CPR):    0.180ns
  Clock Uncertainty:      0.035ns  ((TSJ^2 + TIJ^2)^1/2 + DJ) / 2 + PE
    Total System Jitter     (TSJ):    0.071ns
    Total Input Jitter      (TIJ):    0.000ns
    Discrete Jitter          (DJ):    0.000ns
    Phase Error              (PE):    0.000ns

    Location             Delay type                Incr(ns)  Path(ns)    Netlist Resource(s)
  -------------------------------------------------------------------    -------------------
                         (clock sys_clk_pin rise edge)
                                                      0.000     0.000 r  
    E3                                                0.000     0.000 r  clk (IN)
                         net (fo=0)                   0.000     0.000    clk
    E3                   IBUF (Prop_ibuf_I_O)         1.482     1.482 r  clk_IBUF_inst/O
                         net (fo=1, routed)           2.025     3.506    clk_IBUF
    BUFGCTRL_X0Y16       BUFG (Prop_bufg_I_O)         0.096     3.602 r  clk_IBUF_BUFG_inst/O
                         net (fo=606, routed)         1.595     5.197    audio_ctrl/PWM/U0/inst_blk_mem_gen/gnbram.gnativebmg.native_blk_mem_gen/valid.cstr/ramloop[0].ram.r/prim_init.ram/clka
    SLICE_X55Y121        FDCE                                         r  audio_ctrl/PWM/U0/inst_blk_mem_gen/gnbram.gnativebmg.native_blk_mem_gen/valid.cstr/ramloop[0].ram.r/prim_init.ram/audio_ctrl/PWM/U0/inst_blk_mem_gen/gnbram.gnativebmg.native_blk_mem_gen/valid.cstr/ramloop[0].ram.r/prim_init.ram/DEVICE_7SERIES.NO_BMM_INFO.SP.SIMPLE_PRIM36.ram_cooolgate_en_gate_49_cooolDelFlop/C
  -------------------------------------------------------------------    -------------------
    SLICE_X55Y121        FDCE (Prop_fdce_C_Q)         0.456     5.653 r  audio_ctrl/PWM/U0/inst_blk_mem_gen/gnbram.gnativebmg.native_blk_mem_gen/valid.cstr/ramloop[0].ram.r/prim_init.ram/audio_ctrl/PWM/U0/inst_blk_mem_gen/gnbram.gnativebmg.native_blk_mem_gen/valid.cstr/ramloop[0].ram.r/prim_init.ram/DEVICE_7SERIES.NO_BMM_INFO.SP.SIMPLE_PRIM36.ram_cooolgate_en_gate_49_cooolDelFlop/Q
                         net (fo=96, routed)          6.622    12.275    audio_ctrl/PWM/U0/inst_blk_mem_gen/gnbram.gnativebmg.native_blk_mem_gen/valid.cstr/ramloop[52].ram.r/prim_init.ram/pwropt_1
    SLICE_X14Y79         LUT4 (Prop_lut4_I1_O)        0.124    12.399 r  audio_ctrl/PWM/U0/inst_blk_mem_gen/gnbram.gnativebmg.native_blk_mem_gen/valid.cstr/ramloop[52].ram.r/prim_init.ram/DEVICE_7SERIES.NO_BMM_INFO.SP.SIMPLE_PRIM36.ram_ENARDEN_cooolgate_en_gate_217/O
                         net (fo=1, routed)           1.162    13.561    audio_ctrl/PWM/U0/inst_blk_mem_gen/gnbram.gnativebmg.native_blk_mem_gen/valid.cstr/ramloop[52].ram.r/prim_init.ram/DEVICE_7SERIES.NO_BMM_INFO.SP.SIMPLE_PRIM36.ram_ENARDEN_cooolgate_en_sig_119
    RAMB36_X0Y12         RAMB36E1                                     r  audio_ctrl/PWM/U0/inst_blk_mem_gen/gnbram.gnativebmg.native_blk_mem_gen/valid.cstr/ramloop[52].ram.r/prim_init.ram/DEVICE_7SERIES.NO_BMM_INFO.SP.SIMPLE_PRIM36.ram/ENARDEN
  -------------------------------------------------------------------    -------------------

                         (clock sys_clk_pin rise edge)
                                                    100.000   100.000 r  
    E3                                                0.000   100.000 r  clk (IN)
                         net (fo=0)                   0.000   100.000    clk
    E3                   IBUF (Prop_ibuf_I_O)         1.411   101.411 r  clk_IBUF_inst/O
                         net (fo=1, routed)           1.920   103.331    clk_IBUF
    BUFGCTRL_X0Y16       BUFG (Prop_bufg_I_O)         0.091   103.422 r  clk_IBUF_BUFG_inst/O
                         net (fo=606, routed)         1.556   104.978    audio_ctrl/PWM/U0/inst_blk_mem_gen/gnbram.gnativebmg.native_blk_mem_gen/valid.cstr/ramloop[52].ram.r/prim_init.ram/clka
    RAMB36_X0Y12         RAMB36E1                                     r  audio_ctrl/PWM/U0/inst_blk_mem_gen/gnbram.gnativebmg.native_blk_mem_gen/valid.cstr/ramloop[52].ram.r/prim_init.ram/DEVICE_7SERIES.NO_BMM_INFO.SP.SIMPLE_PRIM36.ram/CLKARDCLK
                         clock pessimism              0.180   105.158    
                         clock uncertainty           -0.035   105.123    
    RAMB36_X0Y12         RAMB36E1 (Setup_ramb36e1_CLKARDCLK_ENARDEN)
                                                     -0.443   104.680    audio_ctrl/PWM/U0/inst_blk_mem_gen/gnbram.gnativebmg.native_blk_mem_gen/valid.cstr/ramloop[52].ram.r/prim_init.ram/DEVICE_7SERIES.NO_BMM_INFO.SP.SIMPLE_PRIM36.ram
  -------------------------------------------------------------------
                         required time                        104.680    
                         arrival time                         -13.561    
  -------------------------------------------------------------------
                         slack                                 91.119    





Min Delay Paths
--------------------------------------------------------------------------------------
Slack (MET) :             0.174ns  (arrival time - required time)
  Source:                 U11_VGARAM/U0/inst_blk_mem_gen/gnbram.gnativebmg.native_blk_mem_gen/valid.cstr/has_mux_a.A/no_softecc_sel_reg.ce_pri.sel_pipe_reg[0]/C
                            (falling edge-triggered cell FDRE clocked by sys_clk_pin  {rise@0.000ns fall@50.000ns period=100.000ns})
  Destination:            U11_VGARAM/U0/inst_blk_mem_gen/gnbram.gnativebmg.native_blk_mem_gen/valid.cstr/has_mux_a.A/no_softecc_norm_sel2.has_mem_regs.WITHOUT_ECC_PIPE.ce_pri.sel_pipe_d1_reg[0]/D
                            (falling edge-triggered cell FDRE clocked by sys_clk_pin  {rise@0.000ns fall@50.000ns period=100.000ns})
  Path Group:             sys_clk_pin
  Path Type:              Hold (Min at Fast Process Corner)
  Requirement:            0.000ns  (sys_clk_pin fall@50.000ns - sys_clk_pin fall@50.000ns)
  Data Path Delay:        0.264ns  (logic 0.146ns (55.305%)  route 0.118ns (44.695%))
  Logic Levels:           0  
  Clock Path Skew:        0.013ns (DCD - SCD - CPR)
    Destination Clock Delay (DCD):    2.076ns = ( 52.076 - 50.000 ) 
    Source Clock Delay      (SCD):    1.555ns = ( 51.555 - 50.000 ) 
    Clock Pessimism Removal (CPR):    0.508ns

    Location             Delay type                Incr(ns)  Path(ns)    Netlist Resource(s)
  -------------------------------------------------------------------    -------------------
                         (clock sys_clk_pin fall edge)
                                                     50.000    50.000 f  
    E3                                                0.000    50.000 f  clk (IN)
                         net (fo=0)                   0.000    50.000    clk
    E3                   IBUF (Prop_ibuf_I_O)         0.250    50.250 f  clk_IBUF_inst/O
                         net (fo=1, routed)           0.644    50.894    clk_IBUF
    BUFGCTRL_X0Y16       BUFG (Prop_bufg_I_O)         0.026    50.920 f  clk_IBUF_BUFG_inst/O
                         net (fo=606, routed)         0.635    51.555    U11_VGARAM/U0/inst_blk_mem_gen/gnbram.gnativebmg.native_blk_mem_gen/valid.cstr/has_mux_a.A/clka
    SLICE_X64Y47         FDRE                                         r  U11_VGARAM/U0/inst_blk_mem_gen/gnbram.gnativebmg.native_blk_mem_gen/valid.cstr/has_mux_a.A/no_softecc_sel_reg.ce_pri.sel_pipe_reg[0]/C  (IS_INVERTED)
  -------------------------------------------------------------------    -------------------
    SLICE_X64Y47         FDRE (Prop_fdre_C_Q)         0.146    51.701 r  U11_VGARAM/U0/inst_blk_mem_gen/gnbram.gnativebmg.native_blk_mem_gen/valid.cstr/has_mux_a.A/no_softecc_sel_reg.ce_pri.sel_pipe_reg[0]/Q
                         net (fo=1, routed)           0.118    51.819    U11_VGARAM/U0/inst_blk_mem_gen/gnbram.gnativebmg.native_blk_mem_gen/valid.cstr/has_mux_a.A/sel_pipe[0]
    SLICE_X65Y47         FDRE                                         r  U11_VGARAM/U0/inst_blk_mem_gen/gnbram.gnativebmg.native_blk_mem_gen/valid.cstr/has_mux_a.A/no_softecc_norm_sel2.has_mem_regs.WITHOUT_ECC_PIPE.ce_pri.sel_pipe_d1_reg[0]/D
  -------------------------------------------------------------------    -------------------

                         (clock sys_clk_pin fall edge)
                                                     50.000    50.000 f  
    E3                                                0.000    50.000 f  clk (IN)
                         net (fo=0)                   0.000    50.000    clk
    E3                   IBUF (Prop_ibuf_I_O)         0.438    50.438 f  clk_IBUF_inst/O
                         net (fo=1, routed)           0.699    51.136    clk_IBUF
    BUFGCTRL_X0Y16       BUFG (Prop_bufg_I_O)         0.029    51.165 f  clk_IBUF_BUFG_inst/O
                         net (fo=606, routed)         0.911    52.076    U11_VGARAM/U0/inst_blk_mem_gen/gnbram.gnativebmg.native_blk_mem_gen/valid.cstr/has_mux_a.A/clka
    SLICE_X65Y47         FDRE                                         r  U11_VGARAM/U0/inst_blk_mem_gen/gnbram.gnativebmg.native_blk_mem_gen/valid.cstr/has_mux_a.A/no_softecc_norm_sel2.has_mem_regs.WITHOUT_ECC_PIPE.ce_pri.sel_pipe_d1_reg[0]/C  (IS_INVERTED)
                         clock pessimism             -0.508    51.568    
    SLICE_X65Y47         FDRE (Hold_fdre_C_D)         0.077    51.645    U11_VGARAM/U0/inst_blk_mem_gen/gnbram.gnativebmg.native_blk_mem_gen/valid.cstr/has_mux_a.A/no_softecc_norm_sel2.has_mem_regs.WITHOUT_ECC_PIPE.ce_pri.sel_pipe_d1_reg[0]
  -------------------------------------------------------------------
                         required time                        -51.645    
                         arrival time                          51.819    
  -------------------------------------------------------------------
                         slack                                  0.174    

Slack (MET) :             0.177ns  (arrival time - required time)
  Source:                 pwm_output/latch_flag_reg/C
                            (rising edge-triggered cell FDRE clocked by sys_clk_pin  {rise@0.000ns fall@50.000ns period=100.000ns})
  Destination:            pwm_output/audio_latched_reg[3]/CE
                            (rising edge-triggered cell FDRE clocked by sys_clk_pin  {rise@0.000ns fall@50.000ns period=100.000ns})
  Path Group:             sys_clk_pin
  Path Type:              Hold (Min at Fast Process Corner)
  Requirement:            0.000ns  (sys_clk_pin rise@0.000ns - sys_clk_pin rise@0.000ns)
  Data Path Delay:        0.421ns  (logic 0.164ns (38.912%)  route 0.257ns (61.088%))
  Logic Levels:           0  
  Clock Path Skew:        0.261ns (DCD - SCD - CPR)
    Destination Clock Delay (DCD):    1.984ns
    Source Clock Delay      (SCD):    1.472ns
    Clock Pessimism Removal (CPR):    0.250ns

    Location             Delay type                Incr(ns)  Path(ns)    Netlist Resource(s)
  -------------------------------------------------------------------    -------------------
                         (clock sys_clk_pin rise edge)
                                                      0.000     0.000 r  
    E3                                                0.000     0.000 r  clk (IN)
                         net (fo=0)                   0.000     0.000    clk
    E3                   IBUF (Prop_ibuf_I_O)         0.250     0.250 r  clk_IBUF_inst/O
                         net (fo=1, routed)           0.644     0.894    clk_IBUF
    BUFGCTRL_X0Y16       BUFG (Prop_bufg_I_O)         0.026     0.920 r  clk_IBUF_BUFG_inst/O
                         net (fo=606, routed)         0.553     1.472    pwm_output/clk_IBUF_BUFG
    SLICE_X46Y118        FDRE                                         r  pwm_output/latch_flag_reg/C
  -------------------------------------------------------------------    -------------------
    SLICE_X46Y118        FDRE (Prop_fdre_C_Q)         0.164     1.636 r  pwm_output/latch_flag_reg/Q
                         net (fo=9, routed)           0.257     1.894    pwm_output/latch_flag_reg_n_7
    SLICE_X54Y118        FDRE                                         r  pwm_output/audio_latched_reg[3]/CE
  -------------------------------------------------------------------    -------------------

                         (clock sys_clk_pin rise edge)
                                                      0.000     0.000 r  
    E3                                                0.000     0.000 r  clk (IN)
                         net (fo=0)                   0.000     0.000    clk
    E3                   IBUF (Prop_ibuf_I_O)         0.438     0.438 r  clk_IBUF_inst/O
                         net (fo=1, routed)           0.699     1.136    clk_IBUF
    BUFGCTRL_X0Y16       BUFG (Prop_bufg_I_O)         0.029     1.165 r  clk_IBUF_BUFG_inst/O
                         net (fo=606, routed)         0.818     1.984    pwm_output/clk_IBUF_BUFG
    SLICE_X54Y118        FDRE                                         r  pwm_output/audio_latched_reg[3]/C
                         clock pessimism             -0.250     1.733    
    SLICE_X54Y118        FDRE (Hold_fdre_C_CE)       -0.016     1.717    pwm_output/audio_latched_reg[3]
  -------------------------------------------------------------------
                         required time                         -1.717    
                         arrival time                           1.894    
  -------------------------------------------------------------------
                         slack                                  0.177    

Slack (MET) :             0.177ns  (arrival time - required time)
  Source:                 pwm_output/latch_flag_reg/C
                            (rising edge-triggered cell FDRE clocked by sys_clk_pin  {rise@0.000ns fall@50.000ns period=100.000ns})
  Destination:            pwm_output/audio_latched_reg[4]/CE
                            (rising edge-triggered cell FDRE clocked by sys_clk_pin  {rise@0.000ns fall@50.000ns period=100.000ns})
  Path Group:             sys_clk_pin
  Path Type:              Hold (Min at Fast Process Corner)
  Requirement:            0.000ns  (sys_clk_pin rise@0.000ns - sys_clk_pin rise@0.000ns)
  Data Path Delay:        0.421ns  (logic 0.164ns (38.912%)  route 0.257ns (61.088%))
  Logic Levels:           0  
  Clock Path Skew:        0.261ns (DCD - SCD - CPR)
    Destination Clock Delay (DCD):    1.984ns
    Source Clock Delay      (SCD):    1.472ns
    Clock Pessimism Removal (CPR):    0.250ns

    Location             Delay type                Incr(ns)  Path(ns)    Netlist Resource(s)
  -------------------------------------------------------------------    -------------------
                         (clock sys_clk_pin rise edge)
                                                      0.000     0.000 r  
    E3                                                0.000     0.000 r  clk (IN)
                         net (fo=0)                   0.000     0.000    clk
    E3                   IBUF (Prop_ibuf_I_O)         0.250     0.250 r  clk_IBUF_inst/O
                         net (fo=1, routed)           0.644     0.894    clk_IBUF
    BUFGCTRL_X0Y16       BUFG (Prop_bufg_I_O)         0.026     0.920 r  clk_IBUF_BUFG_inst/O
                         net (fo=606, routed)         0.553     1.472    pwm_output/clk_IBUF_BUFG
    SLICE_X46Y118        FDRE                                         r  pwm_output/latch_flag_reg/C
  -------------------------------------------------------------------    -------------------
    SLICE_X46Y118        FDRE (Prop_fdre_C_Q)         0.164     1.636 r  pwm_output/latch_flag_reg/Q
                         net (fo=9, routed)           0.257     1.894    pwm_output/latch_flag_reg_n_7
    SLICE_X54Y118        FDRE                                         r  pwm_output/audio_latched_reg[4]/CE
  -------------------------------------------------------------------    -------------------

                         (clock sys_clk_pin rise edge)
                                                      0.000     0.000 r  
    E3                                                0.000     0.000 r  clk (IN)
                         net (fo=0)                   0.000     0.000    clk
    E3                   IBUF (Prop_ibuf_I_O)         0.438     0.438 r  clk_IBUF_inst/O
                         net (fo=1, routed)           0.699     1.136    clk_IBUF
    BUFGCTRL_X0Y16       BUFG (Prop_bufg_I_O)         0.029     1.165 r  clk_IBUF_BUFG_inst/O
                         net (fo=606, routed)         0.818     1.984    pwm_output/clk_IBUF_BUFG
    SLICE_X54Y118        FDRE                                         r  pwm_output/audio_latched_reg[4]/C
                         clock pessimism             -0.250     1.733    
    SLICE_X54Y118        FDRE (Hold_fdre_C_CE)       -0.016     1.717    pwm_output/audio_latched_reg[4]
  -------------------------------------------------------------------
                         required time                         -1.717    
                         arrival time                           1.894    
  -------------------------------------------------------------------
                         slack                                  0.177    

Slack (MET) :             0.177ns  (arrival time - required time)
  Source:                 pwm_output/latch_flag_reg/C
                            (rising edge-triggered cell FDRE clocked by sys_clk_pin  {rise@0.000ns fall@50.000ns period=100.000ns})
  Destination:            pwm_output/audio_latched_reg[5]/CE
                            (rising edge-triggered cell FDRE clocked by sys_clk_pin  {rise@0.000ns fall@50.000ns period=100.000ns})
  Path Group:             sys_clk_pin
  Path Type:              Hold (Min at Fast Process Corner)
  Requirement:            0.000ns  (sys_clk_pin rise@0.000ns - sys_clk_pin rise@0.000ns)
  Data Path Delay:        0.421ns  (logic 0.164ns (38.912%)  route 0.257ns (61.088%))
  Logic Levels:           0  
  Clock Path Skew:        0.261ns (DCD - SCD - CPR)
    Destination Clock Delay (DCD):    1.984ns
    Source Clock Delay      (SCD):    1.472ns
    Clock Pessimism Removal (CPR):    0.250ns

    Location             Delay type                Incr(ns)  Path(ns)    Netlist Resource(s)
  -------------------------------------------------------------------    -------------------
                         (clock sys_clk_pin rise edge)
                                                      0.000     0.000 r  
    E3                                                0.000     0.000 r  clk (IN)
                         net (fo=0)                   0.000     0.000    clk
    E3                   IBUF (Prop_ibuf_I_O)         0.250     0.250 r  clk_IBUF_inst/O
                         net (fo=1, routed)           0.644     0.894    clk_IBUF
    BUFGCTRL_X0Y16       BUFG (Prop_bufg_I_O)         0.026     0.920 r  clk_IBUF_BUFG_inst/O
                         net (fo=606, routed)         0.553     1.472    pwm_output/clk_IBUF_BUFG
    SLICE_X46Y118        FDRE                                         r  pwm_output/latch_flag_reg/C
  -------------------------------------------------------------------    -------------------
    SLICE_X46Y118        FDRE (Prop_fdre_C_Q)         0.164     1.636 r  pwm_output/latch_flag_reg/Q
                         net (fo=9, routed)           0.257     1.894    pwm_output/latch_flag_reg_n_7
    SLICE_X54Y118        FDRE                                         r  pwm_output/audio_latched_reg[5]/CE
  -------------------------------------------------------------------    -------------------

                         (clock sys_clk_pin rise edge)
                                                      0.000     0.000 r  
    E3                                                0.000     0.000 r  clk (IN)
                         net (fo=0)                   0.000     0.000    clk
    E3                   IBUF (Prop_ibuf_I_O)         0.438     0.438 r  clk_IBUF_inst/O
                         net (fo=1, routed)           0.699     1.136    clk_IBUF
    BUFGCTRL_X0Y16       BUFG (Prop_bufg_I_O)         0.029     1.165 r  clk_IBUF_BUFG_inst/O
                         net (fo=606, routed)         0.818     1.984    pwm_output/clk_IBUF_BUFG
    SLICE_X54Y118        FDRE                                         r  pwm_output/audio_latched_reg[5]/C
                         clock pessimism             -0.250     1.733    
    SLICE_X54Y118        FDRE (Hold_fdre_C_CE)       -0.016     1.717    pwm_output/audio_latched_reg[5]
  -------------------------------------------------------------------
                         required time                         -1.717    
                         arrival time                           1.894    
  -------------------------------------------------------------------
                         slack                                  0.177    

Slack (MET) :             0.177ns  (arrival time - required time)
  Source:                 pwm_output/latch_flag_reg/C
                            (rising edge-triggered cell FDRE clocked by sys_clk_pin  {rise@0.000ns fall@50.000ns period=100.000ns})
  Destination:            pwm_output/audio_latched_reg[6]/CE
                            (rising edge-triggered cell FDRE clocked by sys_clk_pin  {rise@0.000ns fall@50.000ns period=100.000ns})
  Path Group:             sys_clk_pin
  Path Type:              Hold (Min at Fast Process Corner)
  Requirement:            0.000ns  (sys_clk_pin rise@0.000ns - sys_clk_pin rise@0.000ns)
  Data Path Delay:        0.421ns  (logic 0.164ns (38.912%)  route 0.257ns (61.088%))
  Logic Levels:           0  
  Clock Path Skew:        0.261ns (DCD - SCD - CPR)
    Destination Clock Delay (DCD):    1.984ns
    Source Clock Delay      (SCD):    1.472ns
    Clock Pessimism Removal (CPR):    0.250ns

    Location             Delay type                Incr(ns)  Path(ns)    Netlist Resource(s)
  -------------------------------------------------------------------    -------------------
                         (clock sys_clk_pin rise edge)
                                                      0.000     0.000 r  
    E3                                                0.000     0.000 r  clk (IN)
                         net (fo=0)                   0.000     0.000    clk
    E3                   IBUF (Prop_ibuf_I_O)         0.250     0.250 r  clk_IBUF_inst/O
                         net (fo=1, routed)           0.644     0.894    clk_IBUF
    BUFGCTRL_X0Y16       BUFG (Prop_bufg_I_O)         0.026     0.920 r  clk_IBUF_BUFG_inst/O
                         net (fo=606, routed)         0.553     1.472    pwm_output/clk_IBUF_BUFG
    SLICE_X46Y118        FDRE                                         r  pwm_output/latch_flag_reg/C
  -------------------------------------------------------------------    -------------------
    SLICE_X46Y118        FDRE (Prop_fdre_C_Q)         0.164     1.636 r  pwm_output/latch_flag_reg/Q
                         net (fo=9, routed)           0.257     1.894    pwm_output/latch_flag_reg_n_7
    SLICE_X54Y118        FDRE                                         r  pwm_output/audio_latched_reg[6]/CE
  -------------------------------------------------------------------    -------------------

                         (clock sys_clk_pin rise edge)
                                                      0.000     0.000 r  
    E3                                                0.000     0.000 r  clk (IN)
                         net (fo=0)                   0.000     0.000    clk
    E3                   IBUF (Prop_ibuf_I_O)         0.438     0.438 r  clk_IBUF_inst/O
                         net (fo=1, routed)           0.699     1.136    clk_IBUF
    BUFGCTRL_X0Y16       BUFG (Prop_bufg_I_O)         0.029     1.165 r  clk_IBUF_BUFG_inst/O
                         net (fo=606, routed)         0.818     1.984    pwm_output/clk_IBUF_BUFG
    SLICE_X54Y118        FDRE                                         r  pwm_output/audio_latched_reg[6]/C
                         clock pessimism             -0.250     1.733    
    SLICE_X54Y118        FDRE (Hold_fdre_C_CE)       -0.016     1.717    pwm_output/audio_latched_reg[6]
  -------------------------------------------------------------------
                         required time                         -1.717    
                         arrival time                           1.894    
  -------------------------------------------------------------------
                         slack                                  0.177    

Slack (MET) :             0.179ns  (arrival time - required time)
  Source:                 U11_VGARAM/U0/inst_blk_mem_gen/gnbram.gnativebmg.native_blk_mem_gen/valid.cstr/has_mux_a.A/no_softecc_sel_reg.ce_pri.sel_pipe_reg[1]/C
                            (falling edge-triggered cell FDRE clocked by sys_clk_pin  {rise@0.000ns fall@50.000ns period=100.000ns})
  Destination:            U11_VGARAM/U0/inst_blk_mem_gen/gnbram.gnativebmg.native_blk_mem_gen/valid.cstr/has_mux_a.A/no_softecc_norm_sel2.has_mem_regs.WITHOUT_ECC_PIPE.ce_pri.sel_pipe_d1_reg[1]/D
                            (falling edge-triggered cell FDRE clocked by sys_clk_pin  {rise@0.000ns fall@50.000ns period=100.000ns})
  Path Group:             sys_clk_pin
  Path Type:              Hold (Min at Fast Process Corner)
  Requirement:            0.000ns  (sys_clk_pin fall@50.000ns - sys_clk_pin fall@50.000ns)
  Data Path Delay:        0.265ns  (logic 0.146ns (55.091%)  route 0.119ns (44.910%))
  Logic Levels:           0  
  Clock Path Skew:        0.013ns (DCD - SCD - CPR)
    Destination Clock Delay (DCD):    2.076ns = ( 52.076 - 50.000 ) 
    Source Clock Delay      (SCD):    1.555ns = ( 51.555 - 50.000 ) 
    Clock Pessimism Removal (CPR):    0.508ns

    Location             Delay type                Incr(ns)  Path(ns)    Netlist Resource(s)
  -------------------------------------------------------------------    -------------------
                         (clock sys_clk_pin fall edge)
                                                     50.000    50.000 f  
    E3                                                0.000    50.000 f  clk (IN)
                         net (fo=0)                   0.000    50.000    clk
    E3                   IBUF (Prop_ibuf_I_O)         0.250    50.250 f  clk_IBUF_inst/O
                         net (fo=1, routed)           0.644    50.894    clk_IBUF
    BUFGCTRL_X0Y16       BUFG (Prop_bufg_I_O)         0.026    50.920 f  clk_IBUF_BUFG_inst/O
                         net (fo=606, routed)         0.635    51.555    U11_VGARAM/U0/inst_blk_mem_gen/gnbram.gnativebmg.native_blk_mem_gen/valid.cstr/has_mux_a.A/clka
    SLICE_X64Y47         FDRE                                         r  U11_VGARAM/U0/inst_blk_mem_gen/gnbram.gnativebmg.native_blk_mem_gen/valid.cstr/has_mux_a.A/no_softecc_sel_reg.ce_pri.sel_pipe_reg[1]/C  (IS_INVERTED)
  -------------------------------------------------------------------    -------------------
    SLICE_X64Y47         FDRE (Prop_fdre_C_Q)         0.146    51.701 r  U11_VGARAM/U0/inst_blk_mem_gen/gnbram.gnativebmg.native_blk_mem_gen/valid.cstr/has_mux_a.A/no_softecc_sel_reg.ce_pri.sel_pipe_reg[1]/Q
                         net (fo=1, routed)           0.119    51.820    U11_VGARAM/U0/inst_blk_mem_gen/gnbram.gnativebmg.native_blk_mem_gen/valid.cstr/has_mux_a.A/sel_pipe[1]
    SLICE_X65Y47         FDRE                                         r  U11_VGARAM/U0/inst_blk_mem_gen/gnbram.gnativebmg.native_blk_mem_gen/valid.cstr/has_mux_a.A/no_softecc_norm_sel2.has_mem_regs.WITHOUT_ECC_PIPE.ce_pri.sel_pipe_d1_reg[1]/D
  -------------------------------------------------------------------    -------------------

                         (clock sys_clk_pin fall edge)
                                                     50.000    50.000 f  
    E3                                                0.000    50.000 f  clk (IN)
                         net (fo=0)                   0.000    50.000    clk
    E3                   IBUF (Prop_ibuf_I_O)         0.438    50.438 f  clk_IBUF_inst/O
                         net (fo=1, routed)           0.699    51.136    clk_IBUF
    BUFGCTRL_X0Y16       BUFG (Prop_bufg_I_O)         0.029    51.165 f  clk_IBUF_BUFG_inst/O
                         net (fo=606, routed)         0.911    52.076    U11_VGARAM/U0/inst_blk_mem_gen/gnbram.gnativebmg.native_blk_mem_gen/valid.cstr/has_mux_a.A/clka
    SLICE_X65Y47         FDRE                                         r  U11_VGARAM/U0/inst_blk_mem_gen/gnbram.gnativebmg.native_blk_mem_gen/valid.cstr/has_mux_a.A/no_softecc_norm_sel2.has_mem_regs.WITHOUT_ECC_PIPE.ce_pri.sel_pipe_d1_reg[1]/C  (IS_INVERTED)
                         clock pessimism             -0.508    51.568    
    SLICE_X65Y47         FDRE (Hold_fdre_C_D)         0.073    51.641    U11_VGARAM/U0/inst_blk_mem_gen/gnbram.gnativebmg.native_blk_mem_gen/valid.cstr/has_mux_a.A/no_softecc_norm_sel2.has_mem_regs.WITHOUT_ECC_PIPE.ce_pri.sel_pipe_d1_reg[1]
  -------------------------------------------------------------------
                         required time                        -51.641    
                         arrival time                          51.820    
  -------------------------------------------------------------------
                         slack                                  0.179    

Slack (MET) :             0.188ns  (arrival time - required time)
  Source:                 U11_VGARAM/U0/inst_blk_mem_gen/gnbram.gnativebmg.native_blk_mem_gen/valid.cstr/has_mux_a.A/no_softecc_sel_reg.ce_pri.sel_pipe_reg[4]/C
                            (falling edge-triggered cell FDRE clocked by sys_clk_pin  {rise@0.000ns fall@50.000ns period=100.000ns})
  Destination:            U11_VGARAM/U0/inst_blk_mem_gen/gnbram.gnativebmg.native_blk_mem_gen/valid.cstr/has_mux_a.A/no_softecc_norm_sel2.has_mem_regs.WITHOUT_ECC_PIPE.ce_pri.sel_pipe_d1_reg[4]/D
                            (falling edge-triggered cell FDRE clocked by sys_clk_pin  {rise@0.000ns fall@50.000ns period=100.000ns})
  Path Group:             sys_clk_pin
  Path Type:              Hold (Min at Fast Process Corner)
  Requirement:            0.000ns  (sys_clk_pin fall@50.000ns - sys_clk_pin fall@50.000ns)
  Data Path Delay:        0.261ns  (logic 0.146ns (55.975%)  route 0.115ns (44.026%))
  Logic Levels:           0  
  Clock Path Skew:        0.000ns (DCD - SCD - CPR)
    Destination Clock Delay (DCD):    2.074ns = ( 52.074 - 50.000 ) 
    Source Clock Delay      (SCD):    1.553ns = ( 51.553 - 50.000 ) 
    Clock Pessimism Removal (CPR):    0.521ns

    Location             Delay type                Incr(ns)  Path(ns)    Netlist Resource(s)
  -------------------------------------------------------------------    -------------------
                         (clock sys_clk_pin fall edge)
                                                     50.000    50.000 f  
    E3                                                0.000    50.000 f  clk (IN)
                         net (fo=0)                   0.000    50.000    clk
    E3                   IBUF (Prop_ibuf_I_O)         0.250    50.250 f  clk_IBUF_inst/O
                         net (fo=1, routed)           0.644    50.894    clk_IBUF
    BUFGCTRL_X0Y16       BUFG (Prop_bufg_I_O)         0.026    50.920 f  clk_IBUF_BUFG_inst/O
                         net (fo=606, routed)         0.633    51.553    U11_VGARAM/U0/inst_blk_mem_gen/gnbram.gnativebmg.native_blk_mem_gen/valid.cstr/has_mux_a.A/clka
    SLICE_X68Y41         FDRE                                         r  U11_VGARAM/U0/inst_blk_mem_gen/gnbram.gnativebmg.native_blk_mem_gen/valid.cstr/has_mux_a.A/no_softecc_sel_reg.ce_pri.sel_pipe_reg[4]/C  (IS_INVERTED)
  -------------------------------------------------------------------    -------------------
    SLICE_X68Y41         FDRE (Prop_fdre_C_Q)         0.146    51.699 r  U11_VGARAM/U0/inst_blk_mem_gen/gnbram.gnativebmg.native_blk_mem_gen/valid.cstr/has_mux_a.A/no_softecc_sel_reg.ce_pri.sel_pipe_reg[4]/Q
                         net (fo=1, routed)           0.115    51.814    U11_VGARAM/U0/inst_blk_mem_gen/gnbram.gnativebmg.native_blk_mem_gen/valid.cstr/has_mux_a.A/sel_pipe[4]
    SLICE_X68Y41         FDRE                                         r  U11_VGARAM/U0/inst_blk_mem_gen/gnbram.gnativebmg.native_blk_mem_gen/valid.cstr/has_mux_a.A/no_softecc_norm_sel2.has_mem_regs.WITHOUT_ECC_PIPE.ce_pri.sel_pipe_d1_reg[4]/D
  -------------------------------------------------------------------    -------------------

                         (clock sys_clk_pin fall edge)
                                                     50.000    50.000 f  
    E3                                                0.000    50.000 f  clk (IN)
                         net (fo=0)                   0.000    50.000    clk
    E3                   IBUF (Prop_ibuf_I_O)         0.438    50.438 f  clk_IBUF_inst/O
                         net (fo=1, routed)           0.699    51.136    clk_IBUF
    BUFGCTRL_X0Y16       BUFG (Prop_bufg_I_O)         0.029    51.165 f  clk_IBUF_BUFG_inst/O
                         net (fo=606, routed)         0.909    52.074    U11_VGARAM/U0/inst_blk_mem_gen/gnbram.gnativebmg.native_blk_mem_gen/valid.cstr/has_mux_a.A/clka
    SLICE_X68Y41         FDRE                                         r  U11_VGARAM/U0/inst_blk_mem_gen/gnbram.gnativebmg.native_blk_mem_gen/valid.cstr/has_mux_a.A/no_softecc_norm_sel2.has_mem_regs.WITHOUT_ECC_PIPE.ce_pri.sel_pipe_d1_reg[4]/C  (IS_INVERTED)
                         clock pessimism             -0.521    51.553    
    SLICE_X68Y41         FDRE (Hold_fdre_C_D)         0.073    51.626    U11_VGARAM/U0/inst_blk_mem_gen/gnbram.gnativebmg.native_blk_mem_gen/valid.cstr/has_mux_a.A/no_softecc_norm_sel2.has_mem_regs.WITHOUT_ECC_PIPE.ce_pri.sel_pipe_d1_reg[4]
  -------------------------------------------------------------------
                         required time                        -51.626    
                         arrival time                          51.814    
  -------------------------------------------------------------------
                         slack                                  0.188    

Slack (MET) :             0.190ns  (arrival time - required time)
  Source:                 U11_VGARAM/U0/inst_blk_mem_gen/gnbram.gnativebmg.native_blk_mem_gen/valid.cstr/has_mux_a.A/no_softecc_sel_reg.ce_pri.sel_pipe_reg[3]/C
                            (falling edge-triggered cell FDRE clocked by sys_clk_pin  {rise@0.000ns fall@50.000ns period=100.000ns})
  Destination:            U11_VGARAM/U0/inst_blk_mem_gen/gnbram.gnativebmg.native_blk_mem_gen/valid.cstr/has_mux_a.A/no_softecc_norm_sel2.has_mem_regs.WITHOUT_ECC_PIPE.ce_pri.sel_pipe_d1_reg[3]/D
                            (falling edge-triggered cell FDRE clocked by sys_clk_pin  {rise@0.000ns fall@50.000ns period=100.000ns})
  Path Group:             sys_clk_pin
  Path Type:              Hold (Min at Fast Process Corner)
  Requirement:            0.000ns  (sys_clk_pin fall@50.000ns - sys_clk_pin fall@50.000ns)
  Data Path Delay:        0.267ns  (logic 0.146ns (54.746%)  route 0.121ns (45.255%))
  Logic Levels:           0  
  Clock Path Skew:        0.000ns (DCD - SCD - CPR)
    Destination Clock Delay (DCD):    2.076ns = ( 52.076 - 50.000 ) 
    Source Clock Delay      (SCD):    1.555ns = ( 51.555 - 50.000 ) 
    Clock Pessimism Removal (CPR):    0.521ns

    Location             Delay type                Incr(ns)  Path(ns)    Netlist Resource(s)
  -------------------------------------------------------------------    -------------------
                         (clock sys_clk_pin fall edge)
                                                     50.000    50.000 f  
    E3                                                0.000    50.000 f  clk (IN)
                         net (fo=0)                   0.000    50.000    clk
    E3                   IBUF (Prop_ibuf_I_O)         0.250    50.250 f  clk_IBUF_inst/O
                         net (fo=1, routed)           0.644    50.894    clk_IBUF
    BUFGCTRL_X0Y16       BUFG (Prop_bufg_I_O)         0.026    50.920 f  clk_IBUF_BUFG_inst/O
                         net (fo=606, routed)         0.635    51.555    U11_VGARAM/U0/inst_blk_mem_gen/gnbram.gnativebmg.native_blk_mem_gen/valid.cstr/has_mux_a.A/clka
    SLICE_X64Y47         FDRE                                         r  U11_VGARAM/U0/inst_blk_mem_gen/gnbram.gnativebmg.native_blk_mem_gen/valid.cstr/has_mux_a.A/no_softecc_sel_reg.ce_pri.sel_pipe_reg[3]/C  (IS_INVERTED)
  -------------------------------------------------------------------    -------------------
    SLICE_X64Y47         FDRE (Prop_fdre_C_Q)         0.146    51.701 r  U11_VGARAM/U0/inst_blk_mem_gen/gnbram.gnativebmg.native_blk_mem_gen/valid.cstr/has_mux_a.A/no_softecc_sel_reg.ce_pri.sel_pipe_reg[3]/Q
                         net (fo=1, routed)           0.121    51.822    U11_VGARAM/U0/inst_blk_mem_gen/gnbram.gnativebmg.native_blk_mem_gen/valid.cstr/has_mux_a.A/sel_pipe[3]
    SLICE_X64Y47         FDRE                                         r  U11_VGARAM/U0/inst_blk_mem_gen/gnbram.gnativebmg.native_blk_mem_gen/valid.cstr/has_mux_a.A/no_softecc_norm_sel2.has_mem_regs.WITHOUT_ECC_PIPE.ce_pri.sel_pipe_d1_reg[3]/D
  -------------------------------------------------------------------    -------------------

                         (clock sys_clk_pin fall edge)
                                                     50.000    50.000 f  
    E3                                                0.000    50.000 f  clk (IN)
                         net (fo=0)                   0.000    50.000    clk
    E3                   IBUF (Prop_ibuf_I_O)         0.438    50.438 f  clk_IBUF_inst/O
                         net (fo=1, routed)           0.699    51.136    clk_IBUF
    BUFGCTRL_X0Y16       BUFG (Prop_bufg_I_O)         0.029    51.165 f  clk_IBUF_BUFG_inst/O
                         net (fo=606, routed)         0.911    52.076    U11_VGARAM/U0/inst_blk_mem_gen/gnbram.gnativebmg.native_blk_mem_gen/valid.cstr/has_mux_a.A/clka
    SLICE_X64Y47         FDRE                                         r  U11_VGARAM/U0/inst_blk_mem_gen/gnbram.gnativebmg.native_blk_mem_gen/valid.cstr/has_mux_a.A/no_softecc_norm_sel2.has_mem_regs.WITHOUT_ECC_PIPE.ce_pri.sel_pipe_d1_reg[3]/C  (IS_INVERTED)
                         clock pessimism             -0.521    51.555    
    SLICE_X64Y47         FDRE (Hold_fdre_C_D)         0.077    51.632    U11_VGARAM/U0/inst_blk_mem_gen/gnbram.gnativebmg.native_blk_mem_gen/valid.cstr/has_mux_a.A/no_softecc_norm_sel2.has_mem_regs.WITHOUT_ECC_PIPE.ce_pri.sel_pipe_d1_reg[3]
  -------------------------------------------------------------------
                         required time                        -51.632    
                         arrival time                          51.822    
  -------------------------------------------------------------------
                         slack                                  0.190    

Slack (MET) :             0.194ns  (arrival time - required time)
  Source:                 U11_VGARAM/U0/inst_blk_mem_gen/gnbram.gnativebmg.native_blk_mem_gen/valid.cstr/has_mux_a.A/no_softecc_sel_reg.ce_pri.sel_pipe_reg[2]/C
                            (falling edge-triggered cell FDRE clocked by sys_clk_pin  {rise@0.000ns fall@50.000ns period=100.000ns})
  Destination:            U11_VGARAM/U0/inst_blk_mem_gen/gnbram.gnativebmg.native_blk_mem_gen/valid.cstr/has_mux_a.A/no_softecc_norm_sel2.has_mem_regs.WITHOUT_ECC_PIPE.ce_pri.sel_pipe_d1_reg[2]/D
                            (falling edge-triggered cell FDRE clocked by sys_clk_pin  {rise@0.000ns fall@50.000ns period=100.000ns})
  Path Group:             sys_clk_pin
  Path Type:              Hold (Min at Fast Process Corner)
  Requirement:            0.000ns  (sys_clk_pin fall@50.000ns - sys_clk_pin fall@50.000ns)
  Data Path Delay:        0.271ns  (logic 0.146ns (53.900%)  route 0.125ns (46.101%))
  Logic Levels:           0  
  Clock Path Skew:        0.000ns (DCD - SCD - CPR)
    Destination Clock Delay (DCD):    2.074ns = ( 52.074 - 50.000 ) 
    Source Clock Delay      (SCD):    1.553ns = ( 51.553 - 50.000 ) 
    Clock Pessimism Removal (CPR):    0.521ns

    Location             Delay type                Incr(ns)  Path(ns)    Netlist Resource(s)
  -------------------------------------------------------------------    -------------------
                         (clock sys_clk_pin fall edge)
                                                     50.000    50.000 f  
    E3                                                0.000    50.000 f  clk (IN)
                         net (fo=0)                   0.000    50.000    clk
    E3                   IBUF (Prop_ibuf_I_O)         0.250    50.250 f  clk_IBUF_inst/O
                         net (fo=1, routed)           0.644    50.894    clk_IBUF
    BUFGCTRL_X0Y16       BUFG (Prop_bufg_I_O)         0.026    50.920 f  clk_IBUF_BUFG_inst/O
                         net (fo=606, routed)         0.633    51.553    U11_VGARAM/U0/inst_blk_mem_gen/gnbram.gnativebmg.native_blk_mem_gen/valid.cstr/has_mux_a.A/clka
    SLICE_X68Y41         FDRE                                         r  U11_VGARAM/U0/inst_blk_mem_gen/gnbram.gnativebmg.native_blk_mem_gen/valid.cstr/has_mux_a.A/no_softecc_sel_reg.ce_pri.sel_pipe_reg[2]/C  (IS_INVERTED)
  -------------------------------------------------------------------    -------------------
    SLICE_X68Y41         FDRE (Prop_fdre_C_Q)         0.146    51.699 r  U11_VGARAM/U0/inst_blk_mem_gen/gnbram.gnativebmg.native_blk_mem_gen/valid.cstr/has_mux_a.A/no_softecc_sel_reg.ce_pri.sel_pipe_reg[2]/Q
                         net (fo=1, routed)           0.125    51.824    U11_VGARAM/U0/inst_blk_mem_gen/gnbram.gnativebmg.native_blk_mem_gen/valid.cstr/has_mux_a.A/sel_pipe[2]
    SLICE_X68Y41         FDRE                                         r  U11_VGARAM/U0/inst_blk_mem_gen/gnbram.gnativebmg.native_blk_mem_gen/valid.cstr/has_mux_a.A/no_softecc_norm_sel2.has_mem_regs.WITHOUT_ECC_PIPE.ce_pri.sel_pipe_d1_reg[2]/D
  -------------------------------------------------------------------    -------------------

                         (clock sys_clk_pin fall edge)
                                                     50.000    50.000 f  
    E3                                                0.000    50.000 f  clk (IN)
                         net (fo=0)                   0.000    50.000    clk
    E3                   IBUF (Prop_ibuf_I_O)         0.438    50.438 f  clk_IBUF_inst/O
                         net (fo=1, routed)           0.699    51.136    clk_IBUF
    BUFGCTRL_X0Y16       BUFG (Prop_bufg_I_O)         0.029    51.165 f  clk_IBUF_BUFG_inst/O
                         net (fo=606, routed)         0.909    52.074    U11_VGARAM/U0/inst_blk_mem_gen/gnbram.gnativebmg.native_blk_mem_gen/valid.cstr/has_mux_a.A/clka
    SLICE_X68Y41         FDRE                                         r  U11_VGARAM/U0/inst_blk_mem_gen/gnbram.gnativebmg.native_blk_mem_gen/valid.cstr/has_mux_a.A/no_softecc_norm_sel2.has_mem_regs.WITHOUT_ECC_PIPE.ce_pri.sel_pipe_d1_reg[2]/C  (IS_INVERTED)
                         clock pessimism             -0.521    51.553    
    SLICE_X68Y41         FDRE (Hold_fdre_C_D)         0.077    51.630    U11_VGARAM/U0/inst_blk_mem_gen/gnbram.gnativebmg.native_blk_mem_gen/valid.cstr/has_mux_a.A/no_softecc_norm_sel2.has_mem_regs.WITHOUT_ECC_PIPE.ce_pri.sel_pipe_d1_reg[2]
  -------------------------------------------------------------------
                         required time                        -51.630    
                         arrival time                          51.824    
  -------------------------------------------------------------------
                         slack                                  0.194    

Slack (MET) :             0.220ns  (arrival time - required time)
  Source:                 pwm_output/latch_flag_reg/C
                            (rising edge-triggered cell FDRE clocked by sys_clk_pin  {rise@0.000ns fall@50.000ns period=100.000ns})
  Destination:            pwm_output/audio_latched_reg[0]/CE
                            (rising edge-triggered cell FDRE clocked by sys_clk_pin  {rise@0.000ns fall@50.000ns period=100.000ns})
  Path Group:             sys_clk_pin
  Path Type:              Hold (Min at Fast Process Corner)
  Requirement:            0.000ns  (sys_clk_pin rise@0.000ns - sys_clk_pin rise@0.000ns)
  Data Path Delay:        0.465ns  (logic 0.164ns (35.237%)  route 0.301ns (64.763%))
  Logic Levels:           0  
  Clock Path Skew:        0.262ns (DCD - SCD - CPR)
    Destination Clock Delay (DCD):    1.985ns
    Source Clock Delay      (SCD):    1.472ns
    Clock Pessimism Removal (CPR):    0.250ns

    Location             Delay type                Incr(ns)  Path(ns)    Netlist Resource(s)
  -------------------------------------------------------------------    -------------------
                         (clock sys_clk_pin rise edge)
                                                      0.000     0.000 r  
    E3                                                0.000     0.000 r  clk (IN)
                         net (fo=0)                   0.000     0.000    clk
    E3                   IBUF (Prop_ibuf_I_O)         0.250     0.250 r  clk_IBUF_inst/O
                         net (fo=1, routed)           0.644     0.894    clk_IBUF
    BUFGCTRL_X0Y16       BUFG (Prop_bufg_I_O)         0.026     0.920 r  clk_IBUF_BUFG_inst/O
                         net (fo=606, routed)         0.553     1.472    pwm_output/clk_IBUF_BUFG
    SLICE_X46Y118        FDRE                                         r  pwm_output/latch_flag_reg/C
  -------------------------------------------------------------------    -------------------
    SLICE_X46Y118        FDRE (Prop_fdre_C_Q)         0.164     1.636 r  pwm_output/latch_flag_reg/Q
                         net (fo=9, routed)           0.301     1.938    pwm_output/latch_flag_reg_n_7
    SLICE_X54Y117        FDRE                                         r  pwm_output/audio_latched_reg[0]/CE
  -------------------------------------------------------------------    -------------------

                         (clock sys_clk_pin rise edge)
                                                      0.000     0.000 r  
    E3                                                0.000     0.000 r  clk (IN)
                         net (fo=0)                   0.000     0.000    clk
    E3                   IBUF (Prop_ibuf_I_O)         0.438     0.438 r  clk_IBUF_inst/O
                         net (fo=1, routed)           0.699     1.136    clk_IBUF
    BUFGCTRL_X0Y16       BUFG (Prop_bufg_I_O)         0.029     1.165 r  clk_IBUF_BUFG_inst/O
                         net (fo=606, routed)         0.819     1.985    pwm_output/clk_IBUF_BUFG
    SLICE_X54Y117        FDRE                                         r  pwm_output/audio_latched_reg[0]/C
                         clock pessimism             -0.250     1.734    
    SLICE_X54Y117        FDRE (Hold_fdre_C_CE)       -0.016     1.718    pwm_output/audio_latched_reg[0]
  -------------------------------------------------------------------
                         required time                         -1.718    
                         arrival time                           1.938    
  -------------------------------------------------------------------
                         slack                                  0.220    





Pulse Width Checks
--------------------------------------------------------------------------------------
Clock Name:         sys_clk_pin
Waveform(ns):       { 0.000 50.000 }
Period(ns):         100.000
Sources:            { clk }

Check Type        Corner  Lib Pin             Reference Pin  Required(ns)  Actual(ns)  Slack(ns)  Location       Pin
Min Period        n/a     RAMB18E1/CLKARDCLK  n/a            2.576         100.000     97.424     RAMB18_X3Y20   U11_VGARAM/U0/inst_blk_mem_gen/gnbram.gnativebmg.native_blk_mem_gen/valid.cstr/ramloop[38].ram.r/prim_init.ram/DEVICE_7SERIES.NO_BMM_INFO.SP.SIMPLE_PRIM18.ram/CLKARDCLK
Min Period        n/a     RAMB18E1/CLKBWRCLK  n/a            2.576         100.000     97.424     RAMB18_X3Y20   U11_VGARAM/U0/inst_blk_mem_gen/gnbram.gnativebmg.native_blk_mem_gen/valid.cstr/ramloop[38].ram.r/prim_init.ram/DEVICE_7SERIES.NO_BMM_INFO.SP.SIMPLE_PRIM18.ram/CLKBWRCLK
Min Period        n/a     RAMB36E1/CLKARDCLK  n/a            2.576         100.000     97.424     RAMB36_X0Y4    U11_VGARAM/U0/inst_blk_mem_gen/gnbram.gnativebmg.native_blk_mem_gen/valid.cstr/ramloop[1].ram.r/prim_init.ram/DEVICE_7SERIES.NO_BMM_INFO.SP.SIMPLE_PRIM36.ram/CLKARDCLK
Min Period        n/a     RAMB36E1/CLKBWRCLK  n/a            2.576         100.000     97.424     RAMB36_X0Y4    U11_VGARAM/U0/inst_blk_mem_gen/gnbram.gnativebmg.native_blk_mem_gen/valid.cstr/ramloop[1].ram.r/prim_init.ram/DEVICE_7SERIES.NO_BMM_INFO.SP.SIMPLE_PRIM36.ram/CLKBWRCLK
Min Period        n/a     RAMB36E1/CLKARDCLK  n/a            2.576         100.000     97.424     RAMB36_X2Y0    U11_VGARAM/U0/inst_blk_mem_gen/gnbram.gnativebmg.native_blk_mem_gen/valid.cstr/ramloop[29].ram.r/prim_init.ram/DEVICE_7SERIES.NO_BMM_INFO.SP.SIMPLE_PRIM36.ram/CLKARDCLK
Min Period        n/a     RAMB36E1/CLKBWRCLK  n/a            2.576         100.000     97.424     RAMB36_X2Y0    U11_VGARAM/U0/inst_blk_mem_gen/gnbram.gnativebmg.native_blk_mem_gen/valid.cstr/ramloop[29].ram.r/prim_init.ram/DEVICE_7SERIES.NO_BMM_INFO.SP.SIMPLE_PRIM36.ram/CLKBWRCLK
Min Period        n/a     RAMB36E1/CLKARDCLK  n/a            2.576         100.000     97.424     RAMB36_X2Y36   audio_ctrl/PWM/U0/inst_blk_mem_gen/gnbram.gnativebmg.native_blk_mem_gen/valid.cstr/ramloop[12].ram.r/prim_init.ram/DEVICE_7SERIES.NO_BMM_INFO.SP.SIMPLE_PRIM36.ram/CLKARDCLK
Min Period        n/a     RAMB36E1/CLKBWRCLK  n/a            2.576         100.000     97.424     RAMB36_X2Y36   audio_ctrl/PWM/U0/inst_blk_mem_gen/gnbram.gnativebmg.native_blk_mem_gen/valid.cstr/ramloop[12].ram.r/prim_init.ram/DEVICE_7SERIES.NO_BMM_INFO.SP.SIMPLE_PRIM36.ram/CLKBWRCLK
Min Period        n/a     RAMB36E1/CLKARDCLK  n/a            2.576         100.000     97.424     RAMB36_X2Y27   audio_ctrl/PWM/U0/inst_blk_mem_gen/gnbram.gnativebmg.native_blk_mem_gen/valid.cstr/ramloop[21].ram.r/prim_init.ram/DEVICE_7SERIES.NO_BMM_INFO.SP.SIMPLE_PRIM36.ram/CLKARDCLK
Min Period        n/a     RAMB36E1/CLKBWRCLK  n/a            2.576         100.000     97.424     RAMB36_X2Y27   audio_ctrl/PWM/U0/inst_blk_mem_gen/gnbram.gnativebmg.native_blk_mem_gen/valid.cstr/ramloop[21].ram.r/prim_init.ram/DEVICE_7SERIES.NO_BMM_INFO.SP.SIMPLE_PRIM36.ram/CLKBWRCLK
Low Pulse Width   Fast    FDCE/C              n/a            0.500         50.000      49.500     SLICE_X63Y114  audio_ctrl/PWM/U0/inst_blk_mem_gen/gnbram.gnativebmg.native_blk_mem_gen/valid.cstr/ramloop[22].ram.r/prim_init.ram/audio_ctrl/PWM/U0/inst_blk_mem_gen/gnbram.gnativebmg.native_blk_mem_gen/valid.cstr/ramloop[22].ram.r/prim_init.ram/DEVICE_7SERIES.NO_BMM_INFO.SP.SIMPLE_PRIM36.ram_cooolgate_en_gate_176_cooolDelFlop/C
Low Pulse Width   Fast    FDCE/C              n/a            0.500         50.000      49.500     SLICE_X64Y82   audio_ctrl/PWM/U0/inst_blk_mem_gen/gnbram.gnativebmg.native_blk_mem_gen/valid.cstr/ramloop[26].ram.r/prim_init.ram/audio_ctrl/PWM/U0/inst_blk_mem_gen/gnbram.gnativebmg.native_blk_mem_gen/valid.cstr/ramloop[26].ram.r/prim_init.ram/DEVICE_7SERIES.NO_BMM_INFO.SP.SIMPLE_PRIM36.ram_cooolgate_en_gate_194_cooolDelFlop/C
Low Pulse Width   Fast    FDCE/C              n/a            0.500         50.000      49.500     SLICE_X62Y77   audio_ctrl/PWM/U0/inst_blk_mem_gen/gnbram.gnativebmg.native_blk_mem_gen/valid.cstr/ramloop[1].ram.r/prim_init.ram/audio_ctrl/PWM/U0/inst_blk_mem_gen/gnbram.gnativebmg.native_blk_mem_gen/valid.cstr/ramloop[1].ram.r/prim_init.ram/DEVICE_7SERIES.NO_BMM_INFO.SP.SIMPLE_PRIM36.ram_cooolgate_en_gate_149_cooolDelFlop/C
Low Pulse Width   Fast    FDRE/C              n/a            0.500         50.000      49.500     SLICE_X62Y114  audio_ctrl/PWM/U0/inst_blk_mem_gen/gnbram.gnativebmg.native_blk_mem_gen/valid.cstr/has_mux_a.A/no_softecc_sel_reg.ce_pri.sel_pipe_reg[4]/C
Low Pulse Width   Slow    FDCE/C              n/a            0.500         50.000      49.500     SLICE_X56Y169  audio_ctrl/PWM/U0/inst_blk_mem_gen/gnbram.gnativebmg.native_blk_mem_gen/valid.cstr/ramloop[11].ram.r/prim_init.ram/audio_ctrl/PWM/U0/inst_blk_mem_gen/gnbram.gnativebmg.native_blk_mem_gen/valid.cstr/ramloop[11].ram.r/prim_init.ram/DEVICE_7SERIES.NO_BMM_INFO.SP.SIMPLE_PRIM36.ram_cooolgate_en_gate_68_cooolDelFlop/C
Low Pulse Width   Fast    FDCE/C              n/a            0.500         50.000      49.500     SLICE_X56Y169  audio_ctrl/PWM/U0/inst_blk_mem_gen/gnbram.gnativebmg.native_blk_mem_gen/valid.cstr/ramloop[11].ram.r/prim_init.ram/audio_ctrl/PWM/U0/inst_blk_mem_gen/gnbram.gnativebmg.native_blk_mem_gen/valid.cstr/ramloop[11].ram.r/prim_init.ram/DEVICE_7SERIES.NO_BMM_INFO.SP.SIMPLE_PRIM36.ram_cooolgate_en_gate_68_cooolDelFlop/C
Low Pulse Width   Slow    FDCE/C              n/a            0.500         50.000      49.500     SLICE_X46Y158  audio_ctrl/PWM/U0/inst_blk_mem_gen/gnbram.gnativebmg.native_blk_mem_gen/valid.cstr/ramloop[13].ram.r/prim_init.ram/audio_ctrl/PWM/U0/inst_blk_mem_gen/gnbram.gnativebmg.native_blk_mem_gen/valid.cstr/ramloop[13].ram.r/prim_init.ram/DEVICE_7SERIES.NO_BMM_INFO.SP.SIMPLE_PRIM36.ram_cooolgate_en_gate_86_cooolDelFlop/C
Low Pulse Width   Fast    FDCE/C              n/a            0.500         50.000      49.500     SLICE_X50Y77   audio_ctrl/PWM/U0/inst_blk_mem_gen/gnbram.gnativebmg.native_blk_mem_gen/valid.cstr/ramloop[31].ram.r/prim_init.ram/audio_ctrl/PWM/U0/inst_blk_mem_gen/gnbram.gnativebmg.native_blk_mem_gen/valid.cstr/ramloop[31].ram.r/prim_init.ram/DEVICE_7SERIES.NO_BMM_INFO.SP.SIMPLE_PRIM36.ram_cooolgate_en_gate_239_cooolDelFlop/C
Low Pulse Width   Slow    FDCE/C              n/a            0.500         50.000      49.500     SLICE_X46Y158  audio_ctrl/PWM/U0/inst_blk_mem_gen/gnbram.gnativebmg.native_blk_mem_gen/valid.cstr/ramloop[14].ram.r/prim_init.ram/audio_ctrl/PWM/U0/inst_blk_mem_gen/gnbram.gnativebmg.native_blk_mem_gen/valid.cstr/ramloop[14].ram.r/prim_init.ram/DEVICE_7SERIES.NO_BMM_INFO.SP.SIMPLE_PRIM36.ram_cooolgate_en_gate_95_cooolDelFlop/C
Low Pulse Width   Slow    FDCE/C              n/a            0.500         50.000      49.500     SLICE_X46Y158  audio_ctrl/PWM/U0/inst_blk_mem_gen/gnbram.gnativebmg.native_blk_mem_gen/valid.cstr/ramloop[32].ram.r/prim_init.ram/audio_ctrl/PWM/U0/inst_blk_mem_gen/gnbram.gnativebmg.native_blk_mem_gen/valid.cstr/ramloop[32].ram.r/prim_init.ram/DEVICE_7SERIES.NO_BMM_INFO.SP.SIMPLE_PRIM36.ram_cooolgate_en_gate_248_cooolDelFlop/C
High Pulse Width  Fast    FDCE/C              n/a            0.500         50.000      49.500     SLICE_X49Y85   VRAMS_Controller/VRAMS_array_reg[15][2]/C
High Pulse Width  Fast    FDCE/C              n/a            0.500         50.000      49.500     SLICE_X53Y82   VRAMS_Controller/VRAMS_array_reg[17][1]/C
High Pulse Width  Fast    FDCE/C              n/a            0.500         50.000      49.500     SLICE_X49Y85   VRAMS_Controller/VRAMS_array_reg[17][2]/C
High Pulse Width  Fast    FDCE/C              n/a            0.500         50.000      49.500     SLICE_X53Y82   VRAMS_Controller/VRAMS_array_reg[24][1]/C
High Pulse Width  Fast    FDCE/C              n/a            0.500         50.000      49.500     SLICE_X52Y82   VRAMS_Controller/VRAMS_array_reg[25][0]/C
High Pulse Width  Fast    FDCE/C              n/a            0.500         50.000      49.500     SLICE_X49Y85   VRAMS_Controller/VRAMS_array_reg[25][2]/C
High Pulse Width  Fast    FDCE/C              n/a            0.500         50.000      49.500     SLICE_X53Y82   VRAMS_Controller/VRAMS_array_reg[29][1]/C
High Pulse Width  Fast    FDCE/C              n/a            0.500         50.000      49.500     SLICE_X58Y85   VRAMS_Controller/VRAMS_array_reg[44][1]/C
High Pulse Width  Fast    FDCE/C              n/a            0.500         50.000      49.500     SLICE_X58Y85   VRAMS_Controller/VRAMS_array_reg[45][1]/C
High Pulse Width  Fast    FDCE/C              n/a            0.500         50.000      49.500     SLICE_X49Y85   VRAMS_Controller/VRAMS_array_reg[4][2]/C



