memory_initialization_radix=16;
memory_initialization_vector=
FFFF0000,
00000000,
FFFFFFFF,
FFFDFFFF,
0004FFFD,
00030003,
00010006,
FFF50000,
FFF9FFFA,
FFFBFFF5,
00010009,
001DFFF9,
FFEB001B,
FFC30005,
FEA1FEDF,
000EFF52,
FF8FFFE4,
0095005F,
FF8E0032,
FF61FFCD,
FF65FF7D,
FF65FFE7,
002FFFEF,
FFA1FF78,
FF27FF6C,
FECAFE7B,
FF82FF58,
0062FF00,
FF120044,
FF970000,
FEEBFFBF,
010FFFDE,
FFABFF6A,
FEE80031,
FF6EFFB7,
FF73FE6C,
FEFBFE14,
FE95FF89,
003AFEE7,
009B000A,
FF8FFF8D,
00100032,
012AFFB1,
006F0025,
00BE0005,
014D0022,
02490260,
02B900E9,
FFB4003C,
FA4001F7,
FF8F0478,
07080669,
07CCF85B,
FDC2004C,
052B0468,
0107FEA2,
F4D30929,
FF9B0701,
EF791429,
E4DA0533,
0C26F9CC,
17E4262F,
FFA01D99,
EC68EB84,
F206E508,
14D6FC7E,
05D3119A,
0CCE2741,
E61DFCB5,
ED79E24A,
0A18EA6D,
026D0B7A,
002738DA,
F0ABFE33,
ECCED36E,
FAB0EAE6,
F4060045,
E22AF44A,
F0122F3A,
1A8BE025,
EA12F532,
2899F68A,
1A6C2147,
11B70DC5,
1792D76B,
2DCA29D2,
0388F312,
0896EEAF,
E025EF5C,
FCC6E810,
BD47CA2E,
F381EB72,
D38EFEA9,
14B121FE,
F1D1CD47,
D57F080F,
2CF9FBE7,
2FF91C8B,
F9142E41,
2D87E467,
340C21FE,
033E10F9,
1ABBF196,
E2D20256,
0FBAF4E6,
0F083935,
CEF5024F,
E74A0A12,
1AC9F8C8,
EF5808A4,
F01EBFBD,
043DCF1F,
D793C0F2,
F7DFD8AF,
D0BCFC83,
D7BE0E0A,
EC8DE594,
EC1CE55C,
EE2D0A3C,
0EC1E2BD,
F1590492,
2DE8198F,
2A5006D3,
12713A9E,
1BE5FD30,
1EB213F1,
0BEB420C,
CCF8E702,
FB3CF2CC,
38612A57,
0E632AAB,
047AF4AB,
2CD124E9,
28BB1B97,
1D8E2DF1,
04FD043F,
0A64167A,
06EFFA1B,
01230857,
D60EEDB9,
DE14CE3A,
DB9FD01E,
F8B7E263,
F1C11186,
DFBDF82D,
D593EFB7,
DA11E68C,
EF5DE65A,
DF7BD58B,
E3E8DB8B,
0866F7BE,
E9E5074A,
05B9F6C9,
1DBF2D62,
385EF19C,
FCF9FA36,
090D04E3,
173E1703,
EB0208E5,
1B82E1A9,
FAB82F97,
EB4DFF2C,
D8FBDC10,
1A3005AB,
1689F89E,
FD301428,
37520F76,
ED9923E4,
18BB0E64,
18E5026B,
3305129B,
0D08F7CC,
F27C174C,
F0C2E7ED,
0319F03A,
EEF0060E,
14B8F856,
F7EA1ABF,
20592D07,
18C7EC1C,
F74FFB6B,
2364EBE7,
14E72172,
F0980C6D,
F074DF2B,
F23AD8FA,
D258E179,
028FDB2D,
FFC6F587,
0202EE31,
FF5EE82E,
F114F18C,
FC40CCE9,
D645F5D0,
EAE8DF6D,
F485F323,
DC0FEC74,
F18DE52C,
F944EE2A,
02EC4331,
E99BD9FA,
F968F092,
1A680543,
1E23FE68,
440851C0,
22792372,
100B264C,
3D9B1E16,
345C04FA,
18A43BCC,
30E51DAE,
266B12AB,
173101EE,
1E171AE5,
F4FCF97A,
1777046E,
090AE725,
D5BEF484,
03BBF822,
E0A2D076,
C271F992,
0BA0E767,
E660F28C,
0E78ECCC,
E9FFF64C,
F113FCBB,
F7A5EC7E,
F28BF924,
D76EDE5E,
E417F794,
D47DD52E,
EC8CDC71,
E064E374,
F76EDF4B,
EACCF245,
E51FE6A6,
F9F9E351,
0228F73C,
05D2ECCC,
16C70149,
0BAA33D5,
05881AEA,
3D8F1D2E,
37874DC9,
20A821F4,
3EA4250D,
40D13D8D,
13D92AB7,
180D0847,
054F15E1,
FF7AF426,
DD07D6C3,
E67FF056,
DDE7D702,
F63FF161,
0E93FD81,
FABD0E03,
00D1FC4A,
FC7D0BD3,
17E6FB65,
05BA0CE3,
E63E0305,
E001ED57,
E048C799,
D4ADCE82,
EA2ED9B2,
D874DA12,
11A6E35B,
0B4CF97F,
12D428BF,
0AEB2A13,
21800718,
2BF93A29,
06A3295D,
203B088D,
23341CB5,
0C2E1865,
E8C406C1,
030AEF8E,
EC42E92D,
0532F925,
E1D2ED0B,
EE7BD211,
FBB41A04,
07B4FEBB,
FAC80F8E,
E97AFA16,
F046D925,
FEE6F484,
06D305DA,
F5821FF4,
0C25EEDF,
21A517C1,
140FFE30,
E57D15F0,
F17DEEDF,
F74FED6C,
F971FC6E,
F0E4FE3F,
ED58D9C6,
F90BFDA8,
14F511D8,
FD5C13DA,
2359FCC6,
07D4157C,
F812FA2A,
FB731489,
FB55F97F,
E8681387,
1DBDFEA7,
18090E7C,
E242F5FE,
F38AFC5B,
04120321,
ED85F3DD,
DE30EB15,
E873E9F5,
F4AFEF9B,
023DFDE2,
D4C702B1,
1D9FFDA5,
0E441252,
F8DF12AA,
E53BEEEB,
16F8E1F6,
1CED28DE,
30CA2BB1,
31C92B6E,
2F231BD9,
D542EB5E,
03420C27,
F6E2EEAE,
0841FFA7,
17942139,
1B6F1BA3,
EFA019E6,
CF5CD962,
EB5EEF30,
E897E8E0,
06560AF1,
EE84F629,
FF66F229,
C32BEF0F,
E852D45C,
CAD9DDDC,
0074DA91,
111F0748,
F12C0FE0,
E435E73D,
F29BDB1B,
FDD403CF,
1912091F,
1A741744,
20DB2FED,
0D830FF4,
12B11C14,
03AEEBF6,
07472151,
29140E0D,
0D043727,
FC310B0D,
0ED3FDFC,
275D1D34,
09B11FEB,
E81FFF1B,
EBBBF318,
EC45E666,
CEADE4C2,
E86806DA,
D04FCF2B,
FA46D489,
EE55F0C3,
15DC0CB9,
0D570C6C,
1CD5071A,
058422E9,
FB21FF29,
03DE010F,
F81DFF0C,
0B96019A,
22332931,
0CBC10E5,
ED87FD81,
DC61D864,
EC56D653,
D0CAE43F,
D426D555,
FFAEE5BF,
FF9B02E0,
FB70FE94,
205C1117,
FDD90CD5,
08380847,
10F21846,
06FEF6EB,
1A1A03B8,
32962A6D,
23DA34D7,
27B42213,
FBDC0327,
268A13AE,
0C400FAA,
DC07D620,
E3E2F5D5,
0BFAF413,
F4B1F9C3,
F92B0333,
DEFFF4CD,
E2F1EE27,
F583FD19,
123008B5,
056301E9,
19391990,
F6BF03E4,
0F13173A,
E678E6B7,
D6ECC421,
EB7DF23B,
F23EE980,
0563F361,
05FE07D6,
00EB088F,
170A0F4E,
12A407F5,
1F9622E9,
28511BBB,
06C60FD7,
F9A70AFD,
EA170801,
EC4AEA80,
F3B5E45D,
24B40798,
EAE005A7,
02D2F698,
E44FF672,
F4B9EAF5,
DCC0E3DB,
EA9DD9E6,
EC97E9ED,
E6B7F67B,
1279E85A,
0FED11D4,
FCB612AA,
1E9301A4,
27671B1F,
FBAA291D,
0716FA06,
FEB90C63,
F847F443,
D7CDFC1C,
DE87D779,
EB34E0A9,
06FB069C,
014010DB,
FDF4F707,
F583F663,
013918E5,
182E1109,
22DE1D67,
12FF1630,
28D2288E,
145B1595,
13A714BA,
24A81066,
19612547,
1AC00844,
024910A0,
F66AFB05,
F6570221,
FB70E313,
FC48E8F5,
009A0A02,
EC44ED50,
FDF702F1,
DF79E96E,
F600FA20,
021E02FB,
F2AAFC1E,
F5B908CA,
0E5B05B4,
EC83EB9F,
E1D7E8F8,
ED9EE12B,
CCDFED45,
DF8ECD86,
EF43FEAD,
0DDBE8FC,
F3470A92,
F3830562,
026C0693,
19A61258,
011D0C3D,
0B231B65,
F2C8FB1F,
EBC7EF83,
E246E275,
E764F95B,
E3E0EB7D,
F474F466,
110E0B83,
3C89234E,
228A1F1F,
1FBF21D4,
35A6279C,
2E4B3CE2,
29C03338,
19A7172D,
FF160362,
F958F72C,
F850F7CA,
0B83F963,
18E80F0C,
FAFF0971,
FDB40920,
F23FF647,
F93AF3A6,
F5AFFD0A,
FDD7F994,
F3A6F65B,
DB97EE08,
EB75E598,
F121E584,
F1A1F67D,
E667EA29,
0F4704D6,
F6940229,
FB14F52E,
EB12FEE4,
E9F4E00D,
DB80DC92,
FFAFF7E2,
12A40FC8,
09D3000C,
08BE0D19,
FA97FF17,
004F01DA,
F8CA0481,
02FDF893,
0FB310FA,
FBBFF8CD,
F42EF9B8,
FFEEFF35,
0021005F,
0FF8F872,
03CA1B49,
0E5A0844,
120A1411,
F780FCAB,
FE6405C1,
09ECFE47,
030CFB1F,
055E1355,
12081549,
04A302D0,
000CFA09,
F9430342,
059BFB51,
FE2BFDAE,
E7E7EF35,
F97207F3,
FA56EFBC,
F887F8CF,
F8CF055D,
0758FB19,
07CCFD94,
F8420F95,
F01AFA83,
F041E2AF,
F6B8F0E4,
ED6705C7,
11F8F9F0,
0C17169B,
F796054C,
155C0E2B,
174E1FAF,
17E40C85,
17532643,
109812E6,
0D340357,
0A61108F,
FC51FF2F,
013AFF40,
EBA6F2EB,
EE6EF661,
0025073C,
D9DEDF8E,
CCA4E049,
E6B5EF9B,
E389DC43,
FE66E8A9,
ECADF9A6,
F9EBF931,
F5F7E911,
0C16F99B,
FA070FD9,
0CEA07D6,
15E70276,
146217DD,
156E1CDD,
1CF61886,
208E1D1E,
23862853,
2E4C16EA,
29012DE7,
137A1BEC,
08810669,
07F6FE46,
E00CFD60,
E023ECBB,
E7D3E817,
DD5ADDDC,
D1D2DA7A,
DF78D972,
F079E402,
F805F3CD,
FE2602EA,
0D5F0D9D,
F869FE6F,
F7F8FD35,
F63CFEF2,
01D3F471,
05E208F8,
12B713F8,
0D1807DA,
0C800BC7,
0323084D,
0EB508AA,
0D35076F,
00120031,
F5A10243,
00A3FC41,
088BF737,
FBFA069E,
FBE3F831,
0BF6FF11,
0C7A0A0E,
0061101D,
F3BC0351,
F008EB7A,
E91CF26F,
E22EE128,
E185E4BB,
E57DDF4E,
E062EC42,
ECABE61A,
0479F349,
04BF0A0B,
FF1E07F6,
0D32FCCB,
0AAD0BF1,
0AB811D0,
138B14E3,
1F5B1806,
18E720D5,
28232C20,
1889201C,
11620A95,
16E31EA7,
15B41F5A,
08600A29,
F7F9FEE4,
F95FF7BA,
FBD7FF5D,
EE12F004,
F6BEF918,
F027E93B,
F617F6A0,
EA86F234,
E61FEF89,
F141E582,
E9BFF0A2,
F078EC77,
F4A2F861,
FDD7F63E,
EC79FC7F,
F551F6F5,
0868F890,
F5B8F6A5,
F91BFE2E,
0B95086F,
0A810AE5,
FD030723,
F5590156,
0945FDC3,
0C150F5C,
06890AAE,
0B2A0A7D,
086B023E,
0F350AE4,
0A811B16,
0FAB0809,
02FE03CA,
0AFD118F,
02340899,
08F2FD60,
F6E60871,
04EC0E00,
0222F8D9,
054AFF08,
F8C405EC,
FB2F05D1,
147C07D3,
F225FF89,
F728F40B,
FBF40312,
FCAFF2E4,
F149FA62,
E9B3F1A4,
F845F23D,
FAD8FBFF,
F8AB049A,
F838F526,
EC01EA83,
FF19F4F4,
F548F767,
000CF8EF,
F2FF0413,
069A0858,
071303A1,
06100114,
F08303E8,
00880024,
094803D0,
06F9038B,
08641151,
09CD148C,
13D9046A,
077414F1,
FCA7066B,
090600F4,
FF8102E0,
F4FEFE11,
F972F652,
01F9F5F9,
F73FFED3,
007BFF6F,
0E790B12,
F48E004D,
FAEBFEF9,
0073FEDD,
0740FCBE,
F91AFBB8,
F1400040,
F7C0EA3D,
F9BCF63F,
F257F4C5,
F4E2EFCC,
F4C0F204,
FC0BF4F7,
FA3B0615,
FA51F36E,
0751FBEE,
F95B01D0,
07100428,
FF6E043E,
06F0001F,
11B718D4,
14611251,
166A1266,
1E061DD1,
0E531880,
13F30D8F,
0E430E4C,
F5611013,
04D9F888,
050FFD7A,
F6EA0424,
F086F84C,
EC52E721,
F79CF374,
F399F8E6,
EE86EC5E,
F34EEE60,
F4CAEFD7,
FFEA094F,
F5A4FA9E,
F31AECAF,
F422F641,
02EEFCF2,
F72EF6D5,
ED49F5F2,
F834F583,
00C0F785,
F625F618,
01010D42,
103302B9,
17600E96,
0E611308,
14CF1E1C,
0FCF12C8,
0FA00BA6,
0F0B108C,
14EF1D43,
0DD104CD,
0B7F0C18,
21A419B3,
166C1DFD,
02360446,
06530B53,
072D05CB,
FF640090,
E6DAF824,
E2DEE7D4,
EF53E65C,
E9ABE5CC,
E678EC36,
E7AFE423,
E858E6CE,
E70CE641,
E6D1F03F,
F725E85E,
F771F215,
FC83FD43,
FC61FC8C,
0CA00245,
04E90611,
09BC0E61,
0E540E5D,
0E6D0707,
FD8B0840,
030F051A,
171C0BF7,
0F8A160D,
0F970FFC,
0D260A69,
FE66FAF2,
FE7C064D,
FA40FCB2,
0235FF3C,
F652FDE4,
EF44FBB1,
0631F382,
FA69F8E0,
EF6FFB27,
FE0BF97C,
FEE5F802,
F0D7F336,
FB9EF3B7,
060BFFDB,
00FDF9E7,
FB5A0142,
10FC0432,
0B0307F8,
0A820AA7,
0F4F1382,
09A81953,
080C023A,
06FC0A1B,
147C1426,
0F720D33,
FEC703C7,
0B710973,
0DF51110,
F8A2F753,
F5A2F8B5,
F687F427,
FAE0F3F4,
F296F66A,
F54EF836,
F789FBCF,
FAF1F361,
F266F8C3,
F0DAFB9E,
F275EBBB,
F8B9F934,
F035F445,
F8AFF79A,
FEB5F2F4,
F59BFF57,
FC750104,
03FB00DD,
FAB1FB1A,
F6E9FBE3,
06BA026E,
09C50101,
FD6D0290,
0E8B0AA8,
1466173D,
10260421,
122B13E7,
1A041A00,
171314C1,
0D270DBA,
0CF11493,
06F5FB8A,
FC33FB96,
F7CCFEDB,
F13DF74C,
F3D3EB90,
F236EFD9,
F1A9F819,
FCD9F7BD,
03A30033,
FEE60482,
0AA007D8,
10430617,
0BFA0C15,
0A8B13B5,
0FE20CF8,
079604F3,
01790AF0,
00F4069B,
081D0272,
FCD1FDF5,
FECBFECB,
F68BFE86,
F6ABEF43,
EED2F6FD,
F082F23C,
F5C5EB00,
ECFBF01E,
F0F0EF15,
F37DF12F,
F82BF0E5,
FA26F77A,
FA01FD36,
04F0F882,
FB870003,
FD2901E1,
FA38F5F2,
FF1BF76D,
027D0570,
FBED048D,
0442FD38,
04FFFF3E,
005709CE,
0C110141,
05D8026F,
FF74091D,
06540AEC,
09690263,
0C2103AD,
05240D28,
08410778,
08530285,
04330746,
087C07C9,
05D801E8,
02A8FFC8,
F6D1034D,
F9EBFAF0,
F804F076,
F4D5F70C,
F97CFDA8,
0245FE9B,
FF5AF769,
035C0411,
12E610D5,
0F9B0BDE,
0748089E,
0E710F4A,
0F190CE8,
063B064D,
009A03F8,
FE1F0436,
030BFA5E,
F3ABF78D,
F921FC89,
FA84F4A0,
F883F448,
F8F6F991,
F7E0FA57,
FB3AF2E1,
F76CF7AF,
F4CCFD6E,
018DFB1B,
0394FC92,
FF200726,
0708063E,
082602A5,
FC24FFAA,
F802FD28,
FFFEF896,
FD59F849,
FD8FFEE4,
03C706F7,
04DEFC0A,
0187032B,
FDA5056D,
FD06FCF2,
0397FBEF,
0577010D,
03680785,
0CDB01ED,
06430173,
01AC0681,
0663FEFF,
04F5FAED,
F3B5F9F4,
FD90FAA9,
07A20435,
02B0FA63,
FBD3FD58,
FF9AFA44,
F2C3FD95,
FAF1FC95,
0541FF8D,
0290FA2E,
0086F7CF,
F96B0B5F,
09A70BEC,
060000AC,
07520334,
FBEFF9F4,
07CDFA4F,
F813025A,
FB98FD48,
07BC0458,
0441FEC8,
F549F739,
FDCAFF0A,
017D03E7,
073F0320,
EF7400D8,
0686FE69,
08E5FD80,
0A680ACF,
03BC0A16,
0EFF05EB,
FED5093E,
07150861,
FBCE05D9,
FED0F51C,
FC35FC82,
F0F8F4D0,
F3F0F481,
F9B6F2A5,
F91CFEE0,
F7D2F5FC,
F7B4EC00,
F9D4FF63,
F560039C,
F891F0F6,
050200F6,
025E01A9,
07B106CC,
06860A79,
0CBA0729,
05530B30,
0D3E0737,
05190168,
01350C18,
039F091A,
03F1FADD,
02550746,
F30A01FB,
FA5CF484,
02BDFCE7,
FD7904A7,
005500FE,
FB25FE50,
FF17F9CE,
FE0F0190,
0308F90A,
06350326,
FC51032B,
029D034F,
03F1FFC4,
005FFF20,
FF8F021A,
FF210236,
FF02FA4D,
F16FFA73,
F84AFA48,
00FFF920,
FA5CF8A1,
F944FC62,
056C000F,
001C00A9,
0369FFCE,
080306B3,
05AD03B4,
04EBFFE9,
03F80CAB,
053E088C,
092BF82F,
00890CE1,
FE5F0448,
0754FA9F,
05ED078F,
0349066D,
044C01BA,
0636015D,
FCBEFE76,
FB53051A,
0068FC65,
01A6FB88,
F598FDD9,
04F0FD67,
FD67FBFD,
FAEBFC88,
F648FEB3,
F95BF38C,
FC4EF7B4,
F52CFCCD,
FA25F8E4,
0203F8AA,
FB78FCCA,
F460FEEF,
02C8F840,
FF98FF84,
FBE701E9,
FEB7006E,
0536FE12,
FF79FF47,
0529092F,
070C0588,
05720365,
0135063B,
03F40A23,
035CFFDF,
FE00FEBD,
0420040B,
09B8072B,
00C2FDE9,
FED402BA,
06590446,
089901FD,
049D0176,
FC750231,
00E300A4,
FEB5FA3B,
FFCD053F,
05680434,
02B30036,
0193FBD1,
FBE802A9,
FA99FDA5,
FA77F491,
FACAFEC7,
FF010087,
0198FEE7,
FA6CFC16,
FA30F9EC,
06E700E7,
0033FE73,
F62AFB1B,
0358013A,
03D501D6,
02A4000E,
00870994,
00B905C9,
FD42FB6E,
FF06FD3F,
FFBA062C,
03E2FEAE,
F9B9F6F8,
F8B3FF04,
FC2DFAFD,
0129F950,
F721F827,
FF1D01C5,
FF6F0033,
FB46F912,
F886FB42,
FCE3F856,
FF79FC01,
FC9CFED0,
045A01BD,
01FC05C5,
0106FC15,
019B0464,
05D105D1,
04B00533,
01140225,
05990710,
0A5E057E,
069700DE,
083C0977,
0C331070,
085B0758,
FEB101E3,
03B205DF,
05F904D8,
FCC5FF40,
FC010185,
0094017B,
0454FDFF,
F9DBF9D5,
F87DFE76,
F8D7FC8F,
FDF3F60E,
FB7100AD,
FE8EFD0C,
FDA6FAA2,
01C6FAAF,
FAC50123,
014EFE20,
FF9AFF5C,
FEB4FE56,
FE47038C,
00EDFFB5,
FF7FFAFA,
FFF708C8,
024400E1,
00F1FD89,
FF0701EC,
00200027,
01B3FC2D,
FB2CF9FB,
F7FEFAA5,
FCE0FF1C,
FFB1F7FE,
FB9BFFBB,
FBDA0122,
0063FB1D,
FEADFC22,
FD80FE89,
00DBFE44,
FA63F829,
0278FFE8,
F82D040F,
0498FE41,
FB97FF46,
FF0DFD19,
FB80FF45,
0071FB19,
FD94FF11,
FC46FEA6,
01630080,
FF18FD67,
00D60473,
055C0310,
09200402,
057C0667,
07460B03,
0A480B93,
0BF408E8,
03BB0E3C,
0FF60D08,
08A60608,
09B90830,
FDD908A2,
0CF30552,
0088FDCA,
03740702,
014D02CD,
00E8FBFC,
FDB4FCF9,
FCEBFE1F,
F81FFA80,
F7F4F5DC,
F2BFFC6D,
FDD7F88F,
FAACF50E,
F8F6F3C9,
F2EFFCFF,
FEFBF50C,
FC6700F1,
F580F64A,
FD010049,
F973F08A,
FA05FD13,
F5A0F5C5,
FFF7FD52,
005DF352,
FC260472,
01B9FD00,
013C01B5,
01D0002C,
02D208B1,
05A702FC,
05E3028C,
03CC0469,
048B03E3,
05A40302,
FF7E0473,
000F0752,
087D067F,
066604CB,
016A06A8,
0B430A3A,
071905B2,
006404C0,
024D0491,
06CE087C,
0389FFBA,
F970FE36,
FF2300AA,
0308FB29,
FE0301E9,
FBD903BC,
0B25FE5A,
F9BFFEDD,
FCEEF50A,
F3D4136F,
00B0FAB2,
F6F3FE28,
01C506A0,
0AA6FD8D,
0205FA4D,
07E9F8C2,
FA240A88,
F8020046,
F9EE034D,
0653FE4D,
FA440080,
F5A2F93E,
FBC2F8E6,
FEB5FE2E,
ECE60BDF,
0505F927,
018A08B6,
F8F30CD4,
FE92FD34,
0188F3A6,
FAFA0D6A,
017AF265,
FC75FC7F,
005AFD9F,
F85CF984,
0231EC8E,
FF2E0BA5,
00F2F7F7,
F6ADF198,
05E7014B,
FC340366,
FF0AFEC6,
08C3FC38,
FBC50A7B,
041FFC78,
FA510D4D,
06E2000E,
06380848,
026F0591,
0756016E,
0359FFDD,
FD55039D,
12BE0DCA,
00DAFD85,
FAF90EB7,
089AFFF2,
FF6000DC,
FB15020D,
037700AE,
038207E3,
08DD00A4,
FEC60705,
FD7F01BE,
020B00BE,
F94EF2BE,
FF650DF8,
014EF53A,
FFA00746,
0445FF65,
FBE406E0,
F8EBF360,
FB60F319,
F8DB066A,
0722027D,
F9FFF723,
FE46FE82,
F760FAE3,
FC41F846,
034900E4,
067305D5,
FB82FACD,
0146FF6A,
F391FF70,
F772F761,
FD64F926,
09B904D6,
02B70316,
FC5001E3,
06A600CA,
FB51FDA5,
06630490,
039504A9,
064002B5,
011E02B1,
0B2C08FB,
08EEFE1D,
03630723,
FED4FFE4,
0108FC9A,
FBA6FC6E,
FE680080,
FC37FEF3,
071CF9DE,
FEAF0783,
F8ECFF26,
0093FF02,
FAF8FB4D,
FE46F998,
FF3105A4,
0296FB39,
FB5BFDE3,
FFFAFF26,
FD8B0008,
FCF1FAD5,
FB64FD62,
FE5DFE1A,
012AFC9E,
0755FD70,
FDC704C2,
FD08FD71,
02BAFA88,
FB7AFCE7,
F9D6F9FE,
05ADFF4E,
030FFD4B,
FFC40446,
FE7AFBB1,
06D9FCF0,
FDE40360,
06E10640,
06A2FE2A,
07CF048D,
01C505C4,
047A020D,
01F704A4,
01BD00D8,
FF2001C4,
05B4FBDA,
061D06D3,
01F704D9,
FF0C0568,
0349F963,
FFC70535,
F485005E,
FA3EFBB0,
FB25F5F7,
FA20FB54,
043DFE7D,
057B03BE,
FC26012A,
FCD4FEE3,
0069F974,
018DFCD1,
F948FF6B,
FFC50002,
FE8DFDC8,
FDC4FDA2,
01FD03D5,
FB4FFC2E,
FDB6F988,
02D401E6,
067104E8,
010AFC75,
FF100220,
FB980221,
04030477,
004DFE0C,
FA650232,
01F2FB5A,
0205FF7E,
007CFF94,
FDA50425,
02A9FCA5,
0149FF82,
0113FE03,
033F0803,
04B4FF61,
0364019D,
00E40689,
FEEFFFB9,
FC88F882,
FD1D00B1,
052E076F,
FEF3FFE9,
0025028B,
FD94FCF1,
01A4037D,
055CFD58,
005F0407,
02D303D9,
01E70364,
FFF1FDC1,
012B0263,
02B70148,
02A9FF97,
FB39FD1D,
FBA5FFE2,
0542FFDE,
FF5CFE89,
FF8402C3,
FF16FE4C,
FE62FBC5,
FA65FE1E,
FC35FD92,
FCB0F956,
FCD8FB71,
FCEA0040,
FE0A0007,
FFADFD3B,
FBABFF06,
FCBEFF5A,
015DFD91,
0029FDBD,
F89EFC9E,
01BBFE15,
095B014D,
F83CFF2D,
FC52FFF1,
029CFF44,
01ECFFAE,
FF8C02CD,
F9A3FDB3,
FD26F5F8,
FC72FAE0,
03290676,
02B5FF97,
07B6037F,
017805B1,
0692085E,
03890487,
FF8E00A2,
03A801A7,
05210473,
03DD01E6,
FD8D068D,
03F10319,
07150117,
057D046F,
FEF305B0,
05100089,
0581FEF8,
024506AF,
002302A1,
029DFCD4,
F950FF85,
FCAFFF52,
FEE2FF3B,
FC88F96D,
F847FBA0,
FAA7FDF1,
FD97F800,
FEEBFB88,
00A40192,
FBC8FF9F,
F955F4B9,
F3ABFADD,
FAEDFAB7,
FCC2F771,
F9F8F9BD,
F9D201A5,
00C8FDF3,
00E2FC66,
FE1901F1,
013D053C,
0121FB43,
FDB3001C,
FD970356,
023B03A7,
0284FCCD,
FF6201DF,
020709F2,
058DFE6D,
0232029B,
01C305B1,
055E064E,
0AC703EC,
01790804,
0462092C,
0091FFEF,
0452FE0D,
FD6B0465,
0139038B,
03E6002B,
02BE0279,
FF160526,
013FFDD6,
FDC2FB5B,
FBFFFFA9,
01A40193,
051601B6,
02FD006A,
03B60974,
094A02E5,
07E80459,
01460654,
018C0341,
03ACFB89,
FD500257,
FC9E03BF,
FDBEFCAD,
F8E5F466,
F3BAF87F,
FC60FC14,
FE18F7E5,
FEBFFE35,
FC8A00E3,
FEFBFBF2,
FA8FF52C,
F2F4FBA1,
FACDF7EC,
046EFD85,
FC69FE96,
FCC501A0,
002BFE4D,
FD80FB6A,
F93EFCE8,
00D3003C,
03D1FF00,
FAEFFC57,
FBFF0315,
FF87FC44,
0181F9B1,
F911FF93,
0149FF92,
03E40121,
00BE000A,
0586079F,
086407ED,
08CE0520,
FF840643,
037B055B,
0771015E,
01980599,
FDB8FFD6,
0A55061E,
0313067F,
FDD70018,
07520686,
072C02C4,
00E70064,
02960588,
FFEA02D3,
03B2F9BA,
FE7703AE,
FFEF0597,
FF80FD89,
FDD8FC2F,
FD1D0251,
00FDFFB5,
02BFFD52,
FB8C0278,
FEE4FCF7,
FBA3FB02,
F7D4F5F5,
F575FC36,
F835F75C,
FC9DF4A7,
FDC1FAB1,
F9BEFE36,
0407F91E,
F8A8FD69,
FDBCFFAF,
FE9401C3,
FFC1FBE2,
FC3DFF00,
FEF504D0,
06750258,
026CFEA0,
FE34029C,
FF3704F4,
0750FD23,
FBB202E0,
FF6CFF54,
0637046F,
02E0FFEF,
04920B62,
0A0009D7,
0C5D053A,
07E40AB5,
04850695,
094FFB8B,
022AFD6F,
FC0DFFB2,
00FBFF67,
02B8FA67,
FD8EFD37,
FFCC0393,
02BD0086,
FEB3F9C6,
F8B9FB43,
F94D036B,
058CFC56,
FE57FD6F,
F889FE6E,
008DFB73,
00E2FB15,
FCA10058,
01170286,
03EFFC85,
FE2EFE9C,
F8DFFF67,
FD34FB42,
FC18F8AC,
F44EF974,
FC61FC8F,
02DE007F,
FABCFCBB,
FF44FF32,
0365FFDE,
058CFD13,
02020393,
005D07F7,
0412FE32,
03BC0076,
00C6061C,
01E40219,
FFCFFB4F,
F84CFE79,
FC30FEED,
0322FD6B,
FF23FD91,
FD1905F7,
02A50356,
0372FF79,
007601C6,
FCDF0324,
0207FDD8,
01ABFF75,
FE2102B7,
05410481,
079B018C,
00C30523,
01CD05F9,
02BDFD52,
02F3004E,
FF2A0468,
053B02BE,
01A5FF85,
FBCFFE5B,
032401FC,
050E03EB,
FEE4FF01,
FB50FF55,
011A0362,
FE63FB16,
FC67FBC5,
FC39FE84,
00DAFA6B,
FF1BFAB5,
F728FF6D,
F591FA37,
06CEF84A,
F8BA002F,
05630032,
06C3FD9C,
0CFD0182,
FCBB075B,
FAE5F26F,
030FF614,
0DB009CB,
06B30F3F,
F2410414,
02C2F27D,
FEDE05E6,
02D60F80,
055209EA,
002FFB23,
01FD073E,
08740792,
109C0509,
FE0702FC,
FDDD04DC,
0A9FFD71,
0440FE67,
069F135B,
05D80859,
030A0344,
0292035A,
05CE095A,
003D01A5,
061AFE1E,
FC72FF3B,
063D00DA,
08C9FCA9,
F8EEFDCF,
F954FB68,
00BC029D,
FD5DF6F6,
F2F4FCC1,
FC6804FE,
FD25F82D,
FBEBFB3B,
F6F2FE4E,
007BFAEA,
03A1FE87,
FE260594,
01C207AC,
FCC5F997,
F69BF824,
FAEBFF87,
FF7CFBA7,
FF5CF95D,
F554FC78,
FE59FD6D,
05C8FB7B,
FD0201F1,
01D507F7,
034EFCEA,
088A02F2,
03650A19,
04AB0612,
05D103E2,
035103BC,
FF960850,
0184FEF4,
055CFB61,
FB3405F5,
04170667,
0367FDE0,
FEA0FD47,
008504F8,
02F4075C,
FE9BF9EF,
F8A802AF,
002502E0,
019CF503,
0384FC28,
F8D70563,
02CAFD45,
085CFF7B,
FC5C0146,
F90E01A3,
FE770309,
FDD3FC18,
FDAC0322,
029FF97C,
095BF65E,
01B1FC5E,
0183084B,
054F06AA,
FF05FA32,
FF9A0823,
F9B004C3,
F644F40B,
EF97FD62,
FBC0F999,
0052F4B2,
FCB5F873,
F907FF4F,
00DF0121,
FDA6FCA8,
F29BFD21,
FEAFFC97,
FAABFB6D,
07BCFA0B,
F65AFC1D,
FD9B09A2,
0826FF7F,
FB29FB96,
00B90DE1,
0EA50177,
0F9EFE24,
FB13120B,
0BA40E21,
083FFBE1,
FBC007E8,
FFA30AC9,
046702FD,
0515FF51,
000706B1,
0581FFBA,
0BCB0120,
F367FC7C,
002F0844,
07FDF3E2,
EF9D0D66,
FDB010C1,
07D9052A,
0276FAE1,
FAA901AE,
FC5E0F99,
0D60F771,
FFF4FD95,
EFC60361,
E2770A03,
00E5F9F3,
FD30FCDD,
01CB04DB,
01B3FEFC,
F19FF252,
FE2B08ED,
0877F176,
EED2EF92,
0BEB07F2,
0D65DB7F,
E95A0DF2,
FF5608DA,
0A98F320,
F8A7FEE6,
0E19FCAE,
0913DE71,
FEA70F25,
FEC7041F,
FA29ED3F,
FACD0C51,
F56A00E1,
0B29D745,
FBEAF9C0,
0FB418E0,
F64C0257,
0D8C0CC8,
EEEC0B82,
F92A0837,
0F23FF54,
F90CFDF8,
FBF50CB3,
0C1A03B4,
0C9C0997,
F4A7033B,
0A790C8A,
002BEC76,
F7CEFAB0,
FBE5017C,
01030A39,
11D3FF59,
F360FD37,
06AF10BB,
0F3F07FF,
FBDBF46A,
FC9CFF53,
FCBD0C6C,
0612F5CF,
F724F58D,
0C470BDF,
F2780574,
0705ED6C,
FE96FD3D,
FD050B2C,
FA93F676,
00CFFA26,
EBEEFC23,
04F6FDDA,
FCDCF5B5,
FDFAFCB8,
028CFEB9,
01180595,
FA37F58C,
0582FEBA,
020505C1,
0D28042F,
07BE0866,
013B07A9,
002AFB8C,
099CFF6D,
FE2F096B,
052606D4,
FEAEFAB8,
FA9EFDB8,
0250FC52,
05150306,
0393051E,
FEA5046D,
F96FFBEB,
FFA2F904,
0377FD17,
FE180652,
04B9FB42,
FE0E02B8,
F9E3FFA9,
FEB1F814,
057202BE,
FD970324,
FC11FBE2,
FB67F934,
FCE8F9B7,
FA4AFDBE,
061A00DC,
FDBCFF8E,
FDC2FBD8,
FCEA031B,
0679FCD7,
FF520708,
FC46050F,
FEE5FBF7,
FE6BF7B9,
FC7BFF35,
FE88FF5C,
0392FD2A,
0041008B,
FA66FBF3,
042B00C4,
03F5FC69,
FBEA0174,
FE8904A2,
06DBFCC1,
0241FEAB,
01BA0577,
008F0590,
012B00EC,
FC08FBE9,
FA68FF3F,
0435FF65,
020DFAB2,
FD8B05F1,
02E1013E,
02E0012C,
FEB10004,
013A03F6,
028700D7,
036E0027,
00FB0A1D,
031D0253,
033FFF04,
FEE2001B,
02D60566,
0195002B,
000EFE09,
055806F2,
058F0565,
028EFFBF,
FF93032E,
FE660287,
02FCFF59,
0430FE5E,
FD9F05A8,
01BD04A8,
050FFDB0,
FDE6FC4C,
FB410454,
0218FC1D,
FE97FD6D,
FE49FEF5,
FD410082,
FDA1F998,
F894F96F,
F9D9FC5A,
FF0DFE5A,
FBFAF72B,
F7FEFB86,
FA82FF20,
FFC0FBBB,
FC93FC32,
FAA10085,
FF88FD64,
00A7FB18,
FB8F0110,
FB5EFEC6,
00DDFA75,
0004FD9A,
FF070334,
0336048F,
0334FC00,
FE71061C,
030F0275,
0624019A,
050602A7,
FE4F03B0,
077A0598,
086F0147,
FDA90260,
00CD058B,
04E80201,
01F2FFC7,
00A7047B,
01AA0023,
04E3FE79,
00A0021D,
FF1D053B,
053EFE4A,
0155FDE2,
FD9A03F9,
030C0612,
022AFE45,
02160370,
037203C9,
0549047E,
009AFC6B,
FC360352,
01BC0237,
0439FDC0,
FDA2021F,
FCCC041E,
01D5FE7B,
FE14FDF4,
FB0F00F5,
FD55FB9D,
FE58F8F1,
FD0EFCE5,
FC1E00A3,
FBECFD67,
FC69F5E7,
FAE5FCAC,
FE370084,
0215FE2C,
FC4CFBCA,
FE8A025F,
0103FD6F,
FDE3F834,
FB6BFFDB,
FBC6FEC0,
00EEFA2F,
FC16FF9D,
FB360012,
FFBFFCC1,
FEDFFD57,
00CB00A7,
00C40352,
04160334,
031EFFEB,
0209074A,
05A800A8,
0423FEDD,
FFC40524,
043D05F5,
036901E6,
FFC3FFF7,
00AC0327,
041201F0,
04E2FE5F,
FDA501AF,
029A05E8,
0541FF19,
FFBF017B,
FD4202A2,
01680087,
0127FF1E,
FF7F02E5,
FE660510,
0504FDFD,
0168FD17,
FCE901E5,
FD75FF3C,
FE07F7C2,
FBBAFCAC,
FCFBFFBF,
FEA1FC32,
FD3DF974,
FC71FE6C,
FF3FFF86,
0132FA39,
FCA0FCFC,
FC9201F1,
04E0FE44,
0164FF4A,
FD5B0194,
00A90039,
03C6FF05,
FEAFFFB1,
FD0300FE,
05CD006B,
0346FF92,
02840563,
016B0367,
0601FF77,
01670111,
FD3C0335,
048FFE7C,
FFA2FFF9,
FCDC01A1,
01BF0102,
057002C3,
00120011,
01BE038B,
056106AC,
0142FFA3,
FECC00FB,
023C04A9,
03BE0068,
FE10013E,
FC5D006F,
FFD7FD5F,
FF1FFA80,
F82DFE1E,
FF7EFFA4,
0197FC21,
FA20FB2B,
FB72FFBC,
FF32FCDA,
FE79FCAE,
FBDAFDA4,
FDCF013D,
0299FCE4,
FB17FAA7,
FC32012A,
FE7EFF03,
00E5FB23,
FDC20119,
FEC102B8,
021AFDA2,
FD63FD0C,
FCC90046,
03EB00DC,
0342002E,
FC180187,
005A01E5,
02900260,
0159FED0,
FF93044E,
077805ED,
05DA01AB,
030203EF,
022406DC,
0187FC52,
020BFECE,
FDFF03B6,
01FE0185,
0471FE8B,
FD67FEB3,
00030269,
0341FEFF,
018AFE31,
FF860497,
03EC0599,
03990033,
FCBCFFC0,
01A50323,
FF950129,
FF33F9A9,
FC29FF75,
FD9101EF,
FE86FB3F,
FCDFFC9B,
FC1AFEA7,
FF31FD17,
0134FAB6,
FB560198,
00CA0069,
FF9DFC5E,
FC59FBBD,
FDF1034E,
00E4FE36,
FE6FFC8D,
FC0700C5,
0048024D,
0174FB6D,
002E0120,
FECA0512,
0134006E,
0238FC78,
FD2C02AA,
FFBC026E,
0546FF19,
FFFA014A,
006501F8,
039600C6,
02D40039,
005802FC,
00A50402,
03BC015C,
FD8BFC84,
FE8C033F,
0143FFD3,
01C0FF15,
00CA002D,
006301AC,
02D2010D,
FF92FD6F,
FC7C0252,
FEB0FF13,
FFF3FCD4,
FE640045,
FAF9FFB7,
0153003B,
FEA1FC18,
FBCB0065,
FF25FEF8,
FED4FCFF,
FB02FF1F,
00270231,
01A8FD6E,
008CFF51,
FF97020E,
01A10196,
018AFD40,
009200FF,
009702BA,
024AFF7F,
0044FE1E,
FFA50308,
FFB101B6,
00E7FC79,
FF4C0011,
FF000283,
0145FF8E,
008BFFB6,
0116021D,
FE9000F8,
003FFDB7,
FD87FE0A,
FED1FFAD,
FED1FD2F,
FEAFFAB7,
0012026E,
04D103FE,
00F5016A,
034F0103,
FFD90504,
046A027B,
02EC0243,
00CC04ED,
FA26FF74,
01A1FA13,
FFA8FDB9,
FC28027A,
FFACFEE4,
023EFC71,
FDB001DA,
00A70224,
05B8FD73,
005B00B7,
FF7A0359,
02D50180,
FF50FF6A,
FD3700A2,
FE940098,
FEEFFE13,
FEDBFCA0,
FCBD009A,
026EFD8B,
FE89FB84,
FD1301F7,
FC2EFE6F,
018EFA64,
FADEF83E,
F967FF64,
FD41FBF8,
017CF851,
F8C6FCC8,
FE8B0229,
022EFF08,
FF4BFBE8,
FFBC03A5,
030202AC,
028301AF,
FE7101B0,
FE5401B2,
0105FF88,
032CFD8A,
004701BB,
00FF04CC,
04F3FED0,
FDC6025B,
FF2A02DC,
076F0318,
032EFFDF,
FE350517,
057601F8,
09C60530,
01530280,
03D705EB,
06620490,
027B0157,
003F03E0,
FFF20277,
0265017D,
001100BD,
FFAA036C,
FF3CFE05,
FE95FAFA,
FA7AFF00,
FC03FDEB,
FEA5F99E,
FDADFE1D,
FED2007D,
004AFDFA,
FFB0F9F3,
FD3A016E,
02150266,
0186FE57,
FDBD0042,
FC3103EE,
FDECFB08,
020DFC86,
FB10FF2B,
FC75FD22,
01F4FD05,
FE41FCD7,
F91DFF80,
FE18FB05,
0089FC90,
FBDAFF21,
FE41005E,
02D2FE15,
011DFF58,
FFA60548,
030201EC,
0159FE3E,
00380423,
01F805AF,
033F011C,
031AFEB3,
00870471,
01880209,
01DEFF6D,
FD3D00F4,
FC8F01E7,
00EBFD92,
018FFDB5,
00250262,
0050FFED,
0599FEBC,
FF1D003A,
FFB3066F,
059BFF5A,
0593024A,
FFAA02C8,
0051FEB2,
FE67FE47,
FF0F0007,
FC63FF80,
FF9AFE9E,
FF0EFD97,
FBABFEEF,
013600F2,
034B03D3,
FF99003B,
00DD038C,
0346FF7C,
FFEC004A,
FD9803F6,
00A000F8,
02C3FEAD,
FCD2FFF5,
FD17002C,
013AFF28,
FD5EFDFF,
FB2FFD87,
0150FFE9,
FC49FB6A,
FABDFBAA,
FCEDFE25,
0086FD95,
FC0AFB56,
FD2A011F,
012FFF1B,
03BAFC98,
003800EB,
FFD10014,
033802F2,
03A30194,
02F20033,
04710028,
03FDFCF4,
0000FBFD,
003904C2,
0475FF32,
066BFCFD,
017600BF,
053303E1,
0382026A,
FFD8FFCC,
036C0236,
05850170,
0542FBFF,
FEF7017B,
01130793,
019401B8,
FD81FDA2,
0045FF55,
0334FF7B,
0160FF0F,
00C601B0,
FD40FFBF,
FFA7FCB8,
F92BFA01,
F7FD0024,
FE22FF98,
00CDF9FC,
FC1AFE6C,
FC260022,
007CFE06,
FDE6007F,
FDC20166,
00D4FFF6,
01F80010,
F97B021D,
FBA5FE46,
FECF00B3,
0091FDB3,
FB42FE35,
0368FFE7,
FF62FE1F,
FDB00046,
FC5E049D,
048D00D5,
00580148,
014D04AF,
01140121,
FFC6FEE7,
00C7FECE,
FDAE0163,
00590241,
01E0FD26,
FD7E0295,
01B3026D,
00BBFCB6,
FEA6FFA7,
FF6A02D3,
01E5027C,
FF5BFE48,
00620126,
FFFF01DB,
0262FFF9,
00FCFD39,
FE360215,
022202A2,
0143FF7A,
FEC2FFFF,
FE7B013C,
0427FEDF,
FE61FE9D,
000C0369,
022D0234,
007AFF4D,
FEF6FF65,
00920129,
FFDA00A0,
FECCFEFC,
FFB200A0,
011A029F,
FF88FD9F,
FEDEFE52,
FF9B0122,
FE5DFF16,
FB3CFB15,
F9D3FEF4,
003A0015,
FDF2FDCE,
FCA7FD97,
015D0039,
FFCFFEC4,
FEE3FDCC,
FF38FED8,
FEDAFFA7,
00D1FF1D,
FF5201C1,
00F3040A,
03CEFFB2,
00790042,
01C60201,
014001AF,
02560056,
0109020B,
02AC0391,
002F00CC,
0155FC80,
FDDA0159,
017A02F4,
FFE8FC43,
FD3FFEBC,
FE0C009A,
FEF7FFA8,
0007FD7D,
FF5701A4,
FFBF00FC,
024900CC,
0213009C,
004E0518,
01210047,
012EFFA5,
FDDBFF91,
FEBC007D,
FEA5FC82,
FE2EFF02,
FED1FFD5,
FFEDFFBD,
02EC0082,
FDAE0255,
FF70FF1B,
FF42FE24,
003EFED1,
FE7F0139,
02AB01D6,
003CFFBD,
FDC9FEE2,
FE4A0003,
01D8FFA2,
FF6BFF81,
FE0801EC,
022400DC,
FFC0FDC3,
FE4AFF40,
FFE201B7,
004400A4,
FEBFFE43,
FE0401B6,
00D20003,
0278FE9D,
FF4C0223,
00650233,
0302FFFD,
005DFFE7,
FF3102B0,
0190014C,
0123FF36,
FDD3FFAD,
FEA9FF72,
00D5FF2C,
FFABFF0C,
FCC201DA,
0096FEC1,
01E7FE8C,
FDD30081,
FDF20152,
FEA2FC85,
FDFEFD87,
FD92FEEB,
FF14FDE9,
001FFCD3,
FE9BFE64,
FE440122,
0379FE20,
FFA5FEE0,
FEF50123,
01DE0004,
0140FE6D,
FEFEFEE9,
FF55FF81,
0002010C,
0287FDED,
FF6B0275,
03DD0238,
03CE014B,
0175FFE1,
0146065B,
035BFFF5,
036B02D5,
0114028A,
01CE0323,
028C009F,
FF0F0089,
00710235,
0011FF9E,
0150FFDF,
FD4E00F2,
00250251,
022AFE7C,
FE740084,
FD1F0009,
00E2FEFB,
FEF0FE37,
FE96FF6F,
FE950038,
00EAFDA2,
000FFE0A,
FC680268,
017EFE86,
FEA1FC8E,
FF72FF21,
00140088,
02D6FEBE,
FFE5010C,
003C01EA,
019D0226,
020F0032,
FEE0FF2B,
FE3B0036,
0431FF56,
013900EC,
FE0F020B,
00A4FF89,
FFB3FCA4,
FEC9FE3B,
FFD600F2,
014C00ED,
FF2CFEF8,
FD8800C3,
FF53FF62,
FFE3FD98,
FEB4FF50,
FEBF0158,
00DCFE9C,
FE84FDE2,
FD9F0073,
009DFF81,
00F2FD03,
FFE9FEE0,
FED7003A,
0184FF7B,
019F012D,
00F4033D,
FF120041,
010AFEDD,
002BFFCE,
FE04FFE0,
FF0FFE5E,
03310035,
FEBC018C,
FFDB0211,
01D3FFCE,
008200FA,
002A01C1,
01FBFFB1,
01B40130,
00440105,
007101D5,
007BFDC1,
FE8E008F,
FEF800A8,
FF63FF79,
FF5EFD97,
009A00D5,
FD7C0183,
029DFE59,
0039FCEA,
FE6001FA,
FD7FFDA4,
00F5FE21,
FBE2FEE9,
FE97FE6C,
FFFAFE9A,
00C0FEED,
FD4E00DB,
0139005E,
014EFD8B,
FE68FF8E,
FEFAFFE8,
0114FE4F,
FEE70169,
FF68016D,
0037FF82,
018C00F0,
FEAAFF14,
FF8C017E,
0077FF08,
FF90FF77,
FE3401B8,
011F0141,
033DFF92,
FDA401CC,
FE6AFFBE,
02B1018D,
FF5E0112,
FEE10097,
02B00194,
024100B4,
001B0084,
02060255,
02CB0351,
00270146,
FFBA01D2,
FF69012D,
0287FF34,
0031FF15,
FF9B0176,
00E5FFC7,
0073FEE6,
FF63FF70,
00B40030,
0103FEDE,
FC98FEEE,
FEA9FE20,
FE44FE23,
FE15FD2E,
FCAEFE0D,
FF72FD8E,
0047FF7A,
FDD9FDC4,
001700F2,
0069007B,
FDBCFD34,
FFA40022,
00C60181,
031F00A1,
006800E0,
0095015B,
01730077,
020F01F1,
00730144,
00E704B2,
00FD00FA,
007101EE,
FFFF011C,
00AFFE18,
004F004F,
FFF9FF7E,
FEB4FEC3,
FDF9FE90,
FF5CFF3B,
FEB6FF2F,
004B0044,
FF43FDEF,
FF30002F,
00DE00F1,
018B01A3,
FDFCFDBB,
FDF300D9,
005DFDE0,
FEE6FE5A,
FE8CFF8F,
FEF1FFBB,
013DFF05,
00E10174,
FFF8FF23,
00AF0183,
01C0FFA4,
FF8A00D9,
0067008C,
00690154,
0122FFAA,
006F0280,
00E60210,
018EFF7F,
FFAB006A,
FFDCFFD2,
03610063,
FEBF00F7,
FE10FFA4,
000CFF85,
FEA2FFB6,
FE27FE20,
FEBBFFB4,
FEEAFE92,
FDEDFE06,
FF0AFFFC,
01120120,
0120FF97,
FFCEFFA3,
021F0178,
FE82FF4B,
FFA1FF48,
FE2DFED3,
01210192,
FFBCFFE8,
008D0088,
0010FFBF,
016801AD,
01D8FF77,
01400278,
00EB0078,
011C0049,
007CFF86,
01330153,
00F60181,
FF5DFDEA,
0018008F,
FE67FE6E,
008AFFBD,
0044FEF6,
FF24016A,
FF65FFB6,
FFACFEBA,
FCD4FE92,
FEDDFE99,
FDD6FCD2,
FEB8FE0A,
FFA5FF9A,
FF01010E,
0247FF83,
FE98022D,
00FC00A4,
01280244,
01B400B3,
008002C2,
021C01F0,
FFAD0085,
01830017,
003D020E,
00B30085,
FE98FEDE,
FFF200DF,
00E4007D,
00870140,
FF7DFF13,
FE71FEBC,
FF6DFE56,
007DFFE0,
FFDFFF8D,
FF18FFE9,
01370030,
FF39000A,
FEB5FE8E,
FF16FF1A,
FE70FCE4,
FE79004E,
015EFF3A,
FEBAFE6E,
00E10197,
00EA00C2,
00400051,
FF9A001A,
005B0102,
FFF8004E,
028D00BE,
026702A0,
00750215,
003FFF7B,
FF7EFF97,
FF60FFF8,
FF82FFC7,
00260047,
FF15FEA9,
FEFAFEA7,
FF430054,
FF4FFD54,
FFB40083,
FFE700BC,
FF46FFEF,
FF8DFF11,
00620038,
0165FF85,
FFA100D8,
FF23FFE0,
FF5EFFF8,
0148FEC5,
0150000C,
0142018B,
00570125,
FFFB005B,
FF960127,
001F0145,
FFDDFF2F,
FFC3FEED,
001B00AA,
FF07FFCA,
FF04FE56,
FE86FE44,
FFBE0104,
01CB00DF,
013A01D5,
005AFFD2,
02610154,
FF66FF42,
FEC90074,
FE19FDD6,
007500D5,
FFC9FF64,
FF520121,
FFCAFEE1,
FF75FE97,
0074FF9C,
FF96001E,
FE51FE6D,
FF2AFDD2,
FE40000D,
00E6FF8C,
01A500B9,
0036FFFE,
016F00AD,
01CA0203,
019100B2,
FF7D00F2,
01F3021E,
FFEB0098,
FFBA0072,
007D00E6,
00C50000,
FF78FF64,
0008FFCB,
FEDCFFBD,
0018FEF1,
0249014C,
FEBB0060,
FF4E0023,
FEFC00B0,
FE88FEAD,
00060041,
FED6FE98,
FF06FE92,
FF4AFF36,
FE400048,
FEF2FF71,
FE9EFEFD,
01BEFF47,
0044004D,
011A0129,
FF67FEBD,
0127FFBA,
01CEFF7F,
01DF0341,
0074016A,
00E20115,
00A6FFB1,
FF7F005C,
0076FF13,
FFD1FFF8,
0147001F,
000B01DF,
007AFD6E,
FF94FF4A,
FE44FFF8,
FFA5FF2E,
FFD6FF11,
FE65FFB8,
FF41FFC2,
FFAAFF62,
0057FFBC,
FF6601EE,
00C50142,
00A0FDF0,
FFB1FF7B,
FEFD0129,
011DFFAA,
FFADFFC6,
002D00A4,
FFD00061,
0113FEF8,
006F0142,
01A200D0,
016D0110,
00B40098,
FFD401AC,
003F0099,
0093000C,
001DFF11,
FE430163,
0097FEB3,
0075FE8C,
FF7FFF9F,
0054008F,
0095FE27,
FF68FFB7,
FF930169,
FF1B0051,
FDA3FD23,
FEB5FE7B,
015BFF98,
FF67FF11,
0055010F,
FF10FFE7,
02220076,
003E0067,
FFF30076,
FFDF005B,
FF9D0000,
FFC5FE59,
FF17FF8A,
FDE4FF0A,
01AEFE93,
FDD3FF2A,
FED5FFF9,
0066FEEC,
00600000,
FDA2FF64,
006FFF30,
FFAFFE7B,
FFC00075,
FEE50006,
0117FF56,
012601A2,
0076FFBB,
00E4016B,
023300F1,
FF2F008E,
007A0140,
013B0188,
01DFFF8D,
00D201BA,
00DB01D7,
00CEFFBC,
018F00EA,
007A01E6,
016D01A1,
02240186,
00840228,
028D0306,
01FE010C,
009D01BF,
002D0110,
FFF8012F,
0171FF99,
FEA200ED,
006CFEC5,
FFA4FEB6,
FF37002E,
FE11005F,
FE45FD94,
FE09FEC6,
FE48FDAC,
006FFE71,
FF96FFA6,
FDE1FF5A,
FF84FFFA,
FEBBFFCF,
FF39FE2B,
FE4AFE41,
FF6300B4,
FFE9FE5D,
FF3EFEF6,
010F00D0,
01540089,
009700A3,
027E0270,
023B01C3,
FF52006B,
00CA0019,
FFF700EE,
FFEDFFBA,
01400059,
02F60437,
003CFFCF,
FEB2FF29,
FF24FE58,
FE410012,
FE7EFD2C,
FD74FCAF,
FD9AFDB3,
FFACFF52,
FF6AFF99,
FE62FE87,
FF1D002D,
FF87FEDE,
000AFEE7,
FE020034,
0051FF01,
FF6CFEDA,
FFD9FE9F,
FE7700CA,
0139001F,
00B1FF0A,
014C0306,
015D014D,
00A8FF1D,
00A300A1,
009E025D,
0017FEC5,
FF990065,
0140FF49,
FEC70134,
0087FE95,
FFC3FF18,
0023FF26,
FF3EFF6E,
01140079,
FEC60034,
0009FEE0,
FF1BFF21,
0108FFAE,
FF82FF95,
0043FFBA,
018D0002,
FEFA00A9,
FF02FE31,
00EB0030,
01C70045,
FF500091,
0136018A,
00B0FE66,
FF3D00F7,
01350238,
00A1FF9A,
FF450008,
001BFF3F,
003000F2,
00F00079,
FF23002A,
0105FFFA,
FF5E0040,
FFC9FEC2,
FF7A0040,
FFFAFFB2,
016F0028,
FEA9FFEF,
FE37FF16,
FF7CFE24,
00EF0068,
FF020022,
01270051,
000E0022,
0042FFD1,
0044005D,
0018FF7F,
FFD4FEE5,
FFAAFEE4,
FFCD0073,
00F3FF93,
FF8AFFEA,
01A700D8,
02260256,
0272016A,
FEA6009D,
00EEFFED,
01E9FFCF,
0038027E,
FF6BFF0A,
FFD500C3,
0072FFB8,
FD9BFF8F,
FF51FDDC,
FFA5FF39,
FECD0021,
FF680022,
FFA5FFFE,
FD9FFF04,
FE94FF82,
FFCAFEBD,
0051FF12,
FECDFE84,
FF030074,
013C00E5,
FFCBFE3E,
FE55FEDF,
008301B1,
02EBFFE1,
01C30109,
01A20211,
02F70252,
02A10162,
0010021E,
0030008F,
013F011C,
0126FFB5,
025F0186,
FFF8024E,
FFF4FF70,
FF9B0040,
FF3FFFF9,
FDEEFEAA,
FCC5FDFA,
FD9EFE5E,
FE7AFE88,
FDC6FCFA,
FD62FD2B,
FE13FCF5,
FEB8FE4A,
FF2BFE48,
FE98FF67,
00B8FF2C,
FFDDFFAA,
FFC4FF7B,
00E40274,
00560008,
029A002E,
0168018E,
01DC01F9,
020E019E,
01390245,
00C204D3,
026AFF45,
FFDD01C9,
008B021E,
00BF008A,
FF23FF3F,
00F2009D,
FF3300A8,
FFDEFEFC,
003FFFB5,
FF51FF74,
FE82FF1B,
0056FF20,
FE2FFE99,
FFA1FEF1,
FEF7FEBB,
FF5DFE6E,
FF1FFFBE,
FFC00020,
FEA3FDFD,
FF17FEAE,
FFF0FEE5,
0011FFC0,
019200E8,
FF0B002E,
01A9014F,
0049FF27,
014F01AC,
015001DB,
00890047,
009D0000,
025501AB,
014100CC,
0000005E,
01270077,
FF7A017C,
0008FFE1,
0175FFBD,
FF12FF8E,
FF3900BA,
FE92FDAD,
FE6BFDF6,
FEA600CF,
FFDDFE83,
FF83FE48,
FE3F000E,
FF80FF33,
FFB2FEB3,
FE46FF97,
FE7BFF29,
FFC5FFAC,
FFACFF0D,
FF63FEEE,
FF5AFF55,
008FFFDC,
01200146,
00A20259,
021501A6,
023B0102,
0135016A,
00EA023B,
018F00BC,
00F3009B,
000F029A,
FFECFF79,
0081FF60,
FFEA0116,
FEDC0042,
FEBFFECE,
0044FEC1,
FD99FF2F,
FE93FF2D,
0033FED9,
FDD9FEB3,
FF1DFFF6,
FF13FF20,
0014FEA0,
FE930026,
FFBF0021,
0183FF30,
006600C0,
FF780024,
00B7003E,
00FB00FA,
FF680030,
009900FC,
01B3FFC6,
001BFFDF,
013B0122,
007E0119,
00580022,
004E0177,
0041009C,
FFB6FF52,
00A7FFE0,
FFDA0101,
FFB8FF7A,
FF16FF18,
FE13FE6A,
FE36FF0E,
FF16FDBC,
FE4DFFBE,
0011FEB9,
007800F2,
01F7FFEA,
FF3DFF44,
FF210034,
0122FF86,
FFE9FFED,
00AD0116,
00D800BD,
032A006C,
00E80189,
FF9800C2,
00030022,
00B5FFBA,
FED900DF,
01640002,
0132019D,
FF87006D,
FE9CFFCA,
FFD6004D,
FEFCFE52,
FFF3FFB6,
FE42FEE8,
FF2FFEE3,
FEC5FF5F,
FD82FE96,
FEC9FF11,
FFD6FE3A,
FE86FEC8,
FF7FFF0B,
FFADFE39,
00000051,
004E00C6,
FFC0FE45,
00F10147,
01F70058,
009F028F,
01A8003D,
00510136,
01230149,
01C400C6,
01F40136,
012B0268,
017401B9,
0062FF91,
FFC90102,
001C0085,
005C004E,
FF7AFFA7,
FF00FFD4,
FF8EFEE9,
FE01FF16,
FE58FD16,
FE230006,
FDF1FDB6,
FD96FD88,
FDF3FDE9,
FF16FF8F,
FECAFE22,
FEF7FFFF,
006EFFDF,
FFE40006,
FFE1FF85,
0025FFDA,
00A80123,
015D00DB,
01520173,
012001E6,
022C00E8,
01F20145,
0136012B,
020501C6,
00A0018D,
0103FFD6,
011A0105,
00DC00A6,
0088000A,
FFAEFFCF,
FF5D00CA,
002CFF15,
FF16FF36,
FE5AFE7A,
FE8FFE99,
FD0CFC98,
FD17FE1F,
FE27FE24,
FE59FE8D,
FEE8FD21,
FE31FFD1,
001FFF1F,
FF6EFF2C,
FF8EFFB8,
00B3001C,
01BD00DB,
01880203,
02E301DE,
01A80244,
00DD0152,
0288018E,
01CC02E7,
021E00F9,
02110198,
006C00F6,
FF9C0027,
008BFF99,
FEE70163,
00710097,
00A00069,
FEEDFF69,
FEDEFEFF,
FF3AFE51,
FFA6FE8B,
FF7BFEA0,
FEC6FE22,
FD8EFF8C,
FF50FEE6,
FE6BFDCF,
FDB6FED0,
FD80FD36,
FF05FDAE,
FF5DFFAA,
01A7FE1E,
FFB9FF31,
021E0065,
05D2FD42,
F7F501E0,
F4AA0819,
038F063F,
08FFFB01,
F4130171,
EEC90E9B,
F0331031,
068EEF3B,
077205A5,
F53AF4BC,
04581013,
F939F410,
0FCE003B,
ED14FF92,
091CFB35,
048B0181,
0468F531,
F30003AF,
FCB8FCF8,
00B400B2,
FE78F6DC,
FA1401F1,
03C8FB00,
F96BFE50,
0215F978,
FDE7F588,
FFE30273,
FAB4F762,
08FCF91B,
FACF0000,
09BEFA05,
F847033C,
FFD0FD65,
108A051A,
F7B6F96B,
001808D5,
FEF20A97,
0C65F3AB,
F768011A,
FF2605E3,
09180671,
0116F8A1,
02E7FDF3,
F6BE0352,
0493FD1B,
08390934,
FEF6F71C,
FEB306D7,
FF29F930,
08FC054E,
FCD00111,
002E0329,
06D00093,
FD1EFE61,
01010218,
FF0BFF3A,
039B08B4,
001C0367,
FFCAFC8E,
FEA405BC,
04A8009E,
FFD80593,
0761FC5D,
001601D2,
FF96F95A,
018F0523,
051E0014,
FC3B0698,
F8250099,
FE18FEEF,
034DF954,
015501E2,
FF7CFF56,
FECFF455,
FD44FB42,
FFA0F758,
FD4F0034,
FE610254,
FA2DFC4F,
FFCEFC4C,
F9D6000C,
04190411,
036FF8EA,
035801FB,
F9980026,
FDAEF9B7,
0519FC9B,
FC830680,
FF280611,
F4E4FAE7,
FEFAFBDC,
06FB0026,
FCFFFF9B,
0387FF85,
FD0E0001,
0197F877,
F99AFD31,
01C0026A,
00C5FE0B,
FBEDFD99,
FAB3FACD,
FFA40005,
01F701F4,
FF6402DA,
FCD901E9,
FC86FA0C,
00BDFE60,
FF040122,
0AF50244,
0079002C,
03430439,
0198FA0C,
09DEF748,
08A0FB42,
FC861C02,
0B60E89C,
FBFA00C9,
003108E8,
FE8309F3,
26900369,
060CD0A6,
12380FA1,
0A56D77B,
D9073465,
1E390097,
35D4D8F1,
E2780DE7,
F10D0E94,
0072046A,
E7E722C6,
EDC2098A,
19110FD0,
182AE767,
F70BE70F,
F8D00EC0,
FA431491,
02500C61,
05B5F53C,
F4D10F20,
F384013C,
0CCBEE3C,
EEEA1835,
02C9185D,
F21DEE72,
0A440E81,
F2CCF45A,
0D53FE11,
15001B43,
FEAFFB30,
F384F940,
FDB21339,
F731F8CC,
0BBBFB5C,
15DB01B5,
FF1303F9,
0A6EF7F7,
FBDCFDBE,
F0540BAA,
F72309BC,
0CB0004B,
FA150CAA,
00F4E948,
0DC606A9,
F3BAFEBD,
FD020C22,
027AF47C,
F88B19E0,
08B1EBB4,
F490F993,
03B21173,
FD89EFB0,
F205F564,
18A40CE1,
097609AF,
EE740384,
0E890255,
F73606CA,
F3F2F7CB,
0AACF403,
075B0497,
FBE60E10,
0BB8F89C,
FDE501BE,
FF24083A,
F6AD0064,
026603F4,
FDB7FF47,
001DF8AF,
FC11FAAA,
059F0459,
02C703FD,
FDBEFF55,
037CFEFA,
FFC3FFAA,
F8ADFB97,
0433FBF1,
FE07FEAA,
FCACFEBD,
00BEFD6E,
FF0006EA,
013D022E,
03E6FEB2,
00180042,
022902CC,
FCA1FD1E,
FC06011F,
FD89FC86,
FD58FEB8,
04D7041B,
0434005A,
027A069F,
FDC6FF44,
FDB1F9F3,
FC5B00E3,
009C00EA,
FCE6FFC7,
01EB0154,
FFBF00B7,
FF46FAA9,
0048058B,
050002EF,
FEF5FEE2,
FF9FFF03,
FDB6FB3C,
FF650191,
FFC10197,
0168FEB2,
FFE10099,
0209FF02,
00FE00DD,
FE66FEC2,
FEBB0033,
FBEFFBA6,
FF69FE0E,
FE98FCF5,
002B017B,
033F03E1,
FF5A008E,
FF23FF44,
FF87FC44,
FEB4FE57,
FF14FFA5,
032001A9,
FEDD0197,
023E0007,
0095005F,
FF38FF17,
FF05FFDF,
0272FE01,
00670028,
026E0013,
FF900039,
FEF501D2,
FFE8FF50,
00D0FEA8,
01810102,
049F0312,
FEE60102,
FE260055,
FDC9FEC1,
FEF2FBBC,
02B70027,
00BA0079,
01970390,
FFA2026E,
FF72FFC1,
FF25005D,
FDE60025,
FDE3FE7F,
FF4F0158,
FDF7FD45,
FEDC004A,
0108011D,
FFBBFE62,
FF8BFCFF,
FCBC019B,
FE75FD06,
00BFFF49,
FFC6FE83,
FD66FEA5,
FF65FDEB,
01B8FFC7,
005D00FE,
FF390034,
006900CD,
003AFEF0,
00E9FF21,
006F0324,
024702AA,
031C01DA,
02660206,
010F0159,
004C015B,
036600C6,
01D50181,
FF530296,
005E0099,
FFA7FE0E,
FEED000E,
FEF3FF97,
FCC300F9,
FEC6FD58,
FDC0FE44,
FE13FCC8,
FD21FDB3,
FCC0FCC8,
FCA4FC75,
0023FE3D,
FF29004A,
00B7FD82,
01DC0195,
00740260,
FF2F0127,
00D8FF79,
0192FFC4,
008A016E,
025200D0,
01890130,
016200A5,
00F50182,
003702B0,
00DB003E,
FFFC010A,
027001F8,
03A601A2,
00A300CA,
FF720120,
FF36FF7D,
0083FF8E,
FE95FE25,
0004FFEE,
FFC300D2,
000F00B7,
FFA70033,
FED8FFB9,
FDA4FDAC,
FDFEFDBC,
FD79FF05,
FDAAFDF3,
FFA4FF37,
FF3FFEF5,
00A7FFB9,
FFE5FF66,
004BFF00,
FFBAFFDC,
0071FEF3,
FF7000F4,
01F0FE10,
00D9FF4B,
FFCC037B,
01A1FFFD,
0195FFEF,
01A201F1,
014E0042,
013602AF,
01400134,
FFD700EE,
FFFF00DF,
010A00C1,
017601B8,
0205007D,
013D0032,
FFF300ED,
00A90010,
FD82FF0F,
FDD9FECC,
FE87FD82,
FE78FD42,
FDA9FE50,
FE7AFF18,
FD78FE8C,
FD17FEA4,
FD4DFD4F,
FDB4FC90,
FF8AFF0A,
0104001D,
00E8021D,
018D0104,
FF96FF6E,
012901E7,
0098010E,
00810055,
040101FE,
038501D9,
02F500DC,
00FF015A,
00DBFF76,
FF37FFDE,
01B1FFE6,
006F01F6,
FF42001F,
FEEBFF8C,
FE7FFF22,
FFC4FF91,
FFA2FECB,
FF33FF4E,
00A4004B,
000FFF22,
008FFFD1,
FECEFEAF,
FEE7FE77,
FEBE010C,
0074FFB9,
FF6A0043,
FFAF0000,
0007FFC0,
FD4DFFC0,
FF90FFEB,
00C5FF70,
FFDDFFB9,
00FEFFCA,
FFDD00F8,
0019FFAC,
FF8BFFC7,
FEF500FF,
FFFFFFDA,
0077FEE8,
FEC4FEBB,
00010095,
FF80FF73,
FF94FF36,
FE8B002C,
FFFD0112,
011FFEE1,
0101FFAC,
00320033,
00C30100,
018F002D,
00510066,
0053FFAE,
0118FF8D,
015E00AD,
FFBB00FD,
010500F0,
009A0076,
005EFFEB,
FFC00161,
FFD00034,
FF4DFFE4,
FF9CFEE6,
0067FF18,
FFE50047,
FF53FFE9,
FF43FFAB,
0039013A,
00670023,
00400038,
014A0119,
0168FFA1,
003001D9,
0074009A,
012A018C,
007900FE,
02040232,
01AD01CD,
03160089,
012600A4,
00110014,
021E0184,
005600DC,
00C800E8,
00740078,
00CC00F4,
000FFEBD,
010A002A,
FFC40071,
FF400103,
005A0014,
FF8BFEA3,
FF40FDB7,
FF12FF98,
FF7DFF78,
FC7EFE11,
FE08FCED,
FD94FE82,
FDF5FCA2,
FE9DFC9F,
FD6EFF5B,
FEAAFEC2,
FF54FE59,
FEB4FE79,
FFF40051,
0077FF2F,
017601F1,
0136003A,
00DA0031,
02A50148,
01EF0116,
01590216,
0285019F,
02620050,
011B02A2,
02410354,
018C0305,
025901CA,
0103012F,
00E80078,
01A501DF,
00D8FFD0,
00220063,
FF94006C,
0046FFA5,
FD9AFEAB,
FDE2FCCD,
FDB3FD3D,
FB77FD25,
FD78FB60,
FB98FCA0,
FD10FCC3,
FD4DFBFF,
FC1DFCCA,
FE7AFC8D,
FE17FE5D,
003900A0,
00CFFE80,
0147FFAE,
01F80090,
010B0028,
01E20272,
023F01B4,
02E8026A,
037702BB,
039802CF,
029103B0,
02720363,
031C0418,
034001C9,
02000254,
00D6026D,
0135FEED,
FFA1013D,
FFD300E2,
FF6CFFD8,
FF66FEEF,
FE6DFE09,
FC51FEAB,
FD5DFD91,
FDD1FDB4,
FD1CFE2C,
FC6AFD58,
FB86FB17,
FBCDFD14,
FCB8FD2A,
FC5BFD63,
FED4FD4A,
FE78FE50,
FE4DFEE7,
FF900129,
004A01CF,
011B0064,
0101008A,
011401DC,
019A01E4,
03570258,
01CB0369,
02380339,
025F033A,
029901A5,
019E029D,
01A30288,
0170010C,
02B00309,
FFD00134,
013200A3,
007D0057,
0008FFDF,
FF5CFF06,
FF010053,
0068FF66,
FF92FFB4,
FE0FFEC0,
FED4FEF3,
FDCDFE62,
FD6EFEFC,
FE5DFCF5,
FDDFFD1F,
FD4BFD82,
FE74FDEB,
FD2AFEB0,
FEAFFEC9,
FF43FE1D,
FF520028,
01200018,
0000005F,
00D701AD,
01420065,
013100DF,
01A801A8,
017E01BB,
01D801D5,
021F0250,
020E01E3,
01E00231,
019C0219,
00810332,
01EB015A,
00BC004D,
00580122,
009E0040,
00BE0050,
FF5A0101,
FFD3FFBA,
FE30FECA,
FFFD00A4,
010EFE3E,
001DFF39,
FEA40055,
FDBBFECD,
FE20FCCB,
FD9CFE82,
FD8AFD89,
FD53FC7D,
FDA2FD3C,
FE83FDF8,
FE2EFE47,
FF54FFCF,
FFC4FFC0,
FFB2FF6C,
FFD5FFAA,
FFA400F2,
00C2015C,
00E5FFFF,
FF4D01BB,
021900C0,
020101A3,
01A9017A,
02CE02C6,
020D02AB,
015C01D4,
018D02C6,
01590265,
00D901D7,
0061013A,
003001C7,
0068012A,
00F20081,
01D40132,
FE8B0082,
00CA006A,
FFD5FF70,
FF6BFFCB,
FE81FEFB,
FDA1FDFE,
FF07FE44,
FCC8FD12,
FC4DFE82,
FD3CFB64,
FDE7FD0F,
FBDEFD22,
FDF8FEC4,
FE5DFD98,
FFDCFFB3,
00500026,
00C60006,
00C5FFC0,
000300B3,
00F50171,
02450161,
02DC00AE,
02620203,
01AE0280,
031A0245,
02E30302,
034A0257,
016902AC,
01C40276,
01B60255,
000A0180,
00B4010B,
013600A1,
FF240081,
FF62FEF5,
FE8B00E2,
FECD00BA,
FD89FD97,
FE07FCE0,
FBECFE65,
FDDEFCBB,
FC4DFC99,
FC2BFD87,
FC45FDC2,
FF0BFB93,
FDE4FD12,
FE16FEE9,
FEF7FF89,
FFAF0020,
FF3AFF85,
0121FF9B,
0185017B,
026102C6,
00C6014B,
01C4029F,
0413036E,
02DE0367,
021202C4,
02C10322,
01D60406,
02210317,
01A60287,
009F00C4,
FF6F00A8,
00A3FFA9,
FF9B004B,
FE960044,
FFB7FF44,
004BFE50,
FE8AFF59,
FF5DFF65,
FE7EFE79,
FDC0FEB6,
FE74FDE3,
FE25FDF0,
FCF5FC6F,
FE2AFD4A,
FD97FEAE,
FE24FCCD,
FCCEFDEE,
FF23FEBE,
FF870088,
FFCAFEF8,
00DEFFCF,
FFC7013D,
01550155,
0157019B,
01BC0149,
018902C4,
02550278,
0231021E,
01950209,
01D90338,
02B201CA,
020702B0,
0079022C,
010F00A1,
020E0031,
FF830132,
FFDA00B9,
0021FF76,
FD64FF70,
FEF4FF4B,
FFFEFD1E,
FE77FF77,
FFFBFE67,
FD05FDAA,
FD3CFF64,
FEA1FDD9,
FCF4FDE9,
FD16FBC7,
FEA5FE18,
FE4DFEA6,
FE87FE12,
FF7F0048,
0076011E,
00D4FF11,
01580107,
01C80191,
00C801E7,
01B901FB,
01B100FB,
01B7016C,
00BC008D,
017E00CC,
01DD00DC,
01E501DC,
029501F9,
01DA007A,
017802A8,
015700F5,
008E0074,
0028FF85,
FFE1FF4F,
FE08FFDD,
FFF1FDA7,
FEEDFF2F,
FEEBFFFA,
00B50094,
FF23FF33,
FFD9FF56,
FF39FF29,
FD890005,
FFC3FECB,
FE01FDAC,
FCB2FED9,
FEF7FE90,
FE9DFE12,
FEA5FDA0,
FDCBFEC9,
FFB9FFE7,
FE83FFEC,
0109FF59,
000CFE83,
FFD0012F,
017D0021,
00B0005F,
002200DE,
01FF01E5,
01A301BB,
026E02D7,
025301B4,
01380262,
01E602C4,
026E021E,
01C6012E,
0075021C,
0034013B,
00160031,
0082FFA9,
FF62FFFD,
00ACFFE7,
FF4E00F4,
FFDB002C,
FE7EFE36,
FEC7FFB3,
FDCAFDFD,
FEAEFBD9,
FAC7FCCC,
FD5EFD04,
FCCEFC76,
FF60FE00,
FDF9FD05,
FEBEFDAA,
FEFBFF55,
FF93FFE3,
0034FFC0,
0089FFBD,
006B0104,
016C00BC,
0146003F,
0215029C,
012F01DF,
01FD012C,
026C02EE,
01E8022C,
0264034E,
02A9020B,
0286035F,
018901C4,
00AE02FA,
00CA01CF,
009E0029,
004AFFF2,
00650010,
FF0400E8,
0005008F,
FF92FE43,
FD09FE5F,
FDBEFD3B,
FCD1FCE0,
FD0AFD76,
FCF3FC29,
FCC9FCF5,
FD1FFC34,
FD6EFD84,
FF0FFE9C,
FF3EFE65,
FF5CFEEF,
00A5FF4A,
FF1DFEFB,
FF3A0054,
004EFF7F,
00E800D0,
025600CE,
FF880082,
0208015A,
01AB02E9,
03780265,
03F90377,
054904AB,
041904DC,
053E0456,
02AD03F7,
020B02E7,
00E1012E,
00C501F2,
FF93FFD5,
002FFFAF,
FE6CFF6D,
FD14FD32,
FD0CFE05,
FDEEFDB9,
FDBBFDD8,
FDE3FDC9,
FE37FC68,
FC16FCDD,
FC59FCE8,
FDB7FD29,
FCD1FCF3,
FE7FFD66,
FD9EFE33,
FF61FE49,
FFB1FF62,
FFE70039,
0046006C,
002AFF81,
021D0177,
029402A0,
035C02DB,
03D703C8,
04D30387,
023A04BC,
03D00374,
03C30416,
02B00335,
02520050,
01BA0396,
00D800D7,
FFAA0150,
FF91FF73,
FF79FF7B,
0026FD94,
002DFFCF,
FFD30033,
FF08FF3B,
FF38000A,
FF20FE2E,
FCF6FD72,
FE46FD32,
FCD7FCCE,
FBE0FD6E,
FCD9FC74,
FD12FC93,
FC74FBAE,
FCF2FD54,
FE01FE84,
FF5EFF47,
0000FF0E,
00DB00B9,
FFEB00A3,
00EA0135,
00870075,
018F0255,
01520158,
0234009C,
02100183,
027003DE,
01AB034A,
01F2020D,
0299018A,
038D02B1,
0139029C,
02520267,
00A8015B,
FF9BFF57,
00610000,
FFA8FEC2,
FE35FF81,
FF9FFF21,
FE9DFE5F,
FDF7FDDF,
FE36FD3E,
FCC3FD9E,
FD0AFD51,
FDC3FCA2,
FDB0FE98,
FFD8FDA8,
FED4FDC6,
FF52FFC8,
FE5A005D,
FFDEFF35,
00E70080,
FFD1FF79,
FF230039,
FFDEFFAD,
FEB5008E,
002F005D,
0077005C,
02130166,
007A008C,
02950288,
019502EF,
026602CD,
019001EE,
023C01F1,
001A01A5,
005500A9,
FEEC006A,
01780032,
FFB70005,
FF4BFF91,
FF980018,
0108000D,
00870028,
00C6FFF4,
008F0131,
FFEFFF9D,
FE65FF8B,
FF64FF88,
FD1EFEC2,
FE57FC1F,
FE28FD18,
FCFEFE09,
FD92FD65,
FE42FD06,
FCF8FE32,
FE82FD26,
FE4CFD87,
FFD8FF46,
FF77FF4F,
010C0089,
01120072,
01CEFFFC,
00670277,
032200B5,
027402FA,
0265019D,
01E30196,
01C30248,
01950253,
01EE00F6,
016F023C,
03BB011B,
01B701BE,
01CD01C5,
01180295,
01CA0159,
FF9CFFE8,
FFEB0009,
FF0EFF79,
FDBAFD9E,
FE30FE03,
FD6FFD92,
FD02FD89,
FC54FD3A,
FDF8FCA8,
FD6CFD56,
FE6CFE6A,
FEBDFE12,
FF90FF35,
FE62FF6A,
FF07FE1A,
FEE7FE44,
FFC10035,
FFE1FE73,
002A0003,
005F014D,
00C3003E,
0143005C,
01320182,
023B023C,
03010104,
0309028A,
0373045B,
0345037E,
02AC020B,
024C0308,
01660276,
00F60128,
018300B4,
003CFFBA,
006A0197,
002EFE1B,
FEBEFFBC,
FD44FE42,
FE25FD3C,
FE98FE4F,
FEB2FE99,
FD13FCB6,
FCC2FE28,
FD72FC8B,
FD09FCFF,
FD66FC57,
FDDAFDA8,
FD74FCF5,
FD6CFDE7,
FDAFFE1D,
FFB5FF16,
FF93FF0A,
00A200BA,
015601A4,
033203D8,
03D00279,
040B0425,
04910340,
01F403B8,
030F0457,
02F502F8,
015C02BE,
01B50275,
0180018F,
00940134,
002CFFEF,
FF56FFB8,
FFAD0005,
FFBEFF03,
FDFFFE9E,
FE85FECE,
FE3AFDCE,
FD20FD05,
FDF8FDB3,
FBF8FE1A,
FDFCFD76,
FC80FC85,
FDEDFD0F,
FCF0FE61,
FEEAFD39,
FED3FE39,
FF37FE49,
0088004A,
00B900F2,
013F0109,
02920274,
01A0013B,
03110413,
020F0189,
026F01C5,
00BC01CE,
017E021B,
00810118,
02090184,
0225007C,
012F010F,
022E00F4,
01AB0154,
00B10085,
00D7015E,
00D00051,
0051FFD4,
FF8EFECA,
FF05000B,
FDAFFE64,
FE14FE2A,
FD5BFDB6,
FE98FEC7,
FD46FCD3,
FD82FE48,
FE17FCE3,
FF6CFEC0,
FF96FF91,
FFD1FE84,
FF58FF41,
FF180003,
0075FE2E,
FF19FF13,
0032FF01,
014BFF09,
FF410064,
00EA0115,
007C013B,
018A00AA,
01800104,
0346021E,
02290254,
02F70262,
031C0224,
01BC029C,
02F3012F,
01520205,
0188000D,
000A00EF,
0080002B,
FE8F008C,
FE36FFA9,
FF0FFF58,
FEDAFDA3,
FE83FED0,
FF27FFAE,
FFE00037,
FF22FFA4,
FEC3FF92,
0005FE89,
FD6FFDCA,
FF4DFF27,
FE05FEE5,
FDE3FEF1,
FE70FE25,
FE03FECA,
FF49FE01,
FF1FFDBB,
0004FF08,
FF62FFA2,
01A4FFA6,
01310154,
00EE021E,
02AC0233,
01A70091,
01530166,
004F016A,
00E2008F,
02790160,
01CE0101,
0173012F,
012201C2,
014B00B2,
01C700E0,
01630257,
019E0245,
00720199,
01430120,
FFCE00AB,
FF76FDF7,
FE6FFE08,
FE9EFE2F,
FD30FE04,
FD18FDC0,
FDA1FD30,
FD84FCBB,
FDDEFBF4,
FDB0FE1C,
FD7FFD98,
FF0DFF5B,
FF37FE69,
FDEBFE7B,
FF99FFAE,
0076FE07,
FF1FFF71,
00D600B6,
0068014F,
00C60110,
02C4019C,
030C033D,
0208026F,
027B0264,
0365032F,
025904CA,
034C03E9,
043B02EE,
026302F1,
01CF00B4,
007901A9,
FFCA010B,
FE5DFEF7,
FEA4FF70,
FDA6FEF0,
FD27FCDC,
FD8FFD53,
FD2FFDD0,
FE07FE59,
FDE3FE02,
FE45FDD1,
FE5DFDE7,
FE98FE29,
FE14FF1B,
FE27FEE2,
FE45FE4F,
FE86FECF,
FE96FF53,
0070FEDC,
FFEEFFB4,
0072FFDF,
00950084,
02EB01DF,
0334026A,
0286027F,
034E03C0,
03F002EB,
031702A4,
03280330,
025A0358,
0205015C,
01C7017A,
013F0147,
00B901BC,
FF94FFEF,
FFEEFFA0,
FE49FF8B,
FEA7FD9D,
FE26FEA6,
FE2FFDF2,
FCBFFEFF,
FCFBFD81,
FD2FFDCC,
FD8AFD4D,
FD19FCEC,
FD97FE5E,
FDA8FEE8,
FF30FDDF,
FDAFFCCE,
FEA8FEE2,
FF0CFE2A,
FF69FE38,
00A0016B,
02280005,
0074007D,
0166011B,
00B4FFD6,
00680134,
0200006B,
011200CD,
01420213,
01C30042,
0168009F,
0204020F,
008E01BC,
03130276,
01FF024B,
01BA01FE,
01CA0379,
023C0155,
00680197,
FF90019D,
FF76FF1D,
FF44FF90,
FD97FF2B,
FECCFF22,
FEA7FEFE,
FF84FEFD,
FDE4FD90,
FE8EFED0,
FF25FEF8,
FE86FE8F,
FF5EFF2F,
0013FF3B,
FE1FFEB9,
FE19FDCD,
FEA6FF13,
FDBDFF24,
FF1FFE4C,
FF2CFF09,
FFD3FF24,
FFE3FF40,
01BE00E7,
01920121,
020201CF,
022F026E,
02A20206,
029E02BE,
025E018C,
010C019D,
01C8019B,
0101019E,
001200AF,
0090017E,
FEE2006B,
FF42FFD6,
FEF3FEC4,
FE94FF2A,
FE33FE2D,
FE4BFE38,
FCE7FEB4,
FE09FEB5,
FDCCFD2C,
FD92FD60,
FF6CFEE4,
FE25FE5D,
FF2900AC,
FFE7FE98,
FE82FF0E,
FF9BFE83,
007E0071,
FFC30095,
00F20032,
003800F5,
01400155,
019100D0,
019201AD,
01A701F5,
01B80123,
0159012C,
001E01A7,
00EF00C8,
00B90160,
FFFC0025,
0053FFDB,
00120059,
015CFFB9,
00AF0167,
014901AE,
01130108,
0140011E,
007A00EF,
FFC8007A,
FF57FFBB,
FF7AFF88,
FF51FE92,
FE5DFFAD,
FFBFFDDC,
FD82FDD9,
FE10FF0D,
FEC0FD9A,
FD1DFDEA,
FD72FF03,
FEF8FD9B,
FE06FDF2,
FDF5FEB0,
FF13FD67,
FE2FFE2B,
FF74FE5A,
FF47002D,
015000B8,
024B0131,
017F0269,
02860263,
03AA024B,
035C03AA,
03D004A6,
04C30320,
02D60306,
031C0387,
02390243,
01250260,
00660051,
FEF6FF57,
FEB8006F,
FF11FD86,
FD17FD0D,
FC87FD4E,
FCBFFBF7,
FBA9FC51,
FCC9FBBA,
FC9FFC0E,
FE15FD78,
FE63FDD9,
FFA0FEF3,
FEE9FF0C,
FF33FEDF,
FFF4FF58,
0084FFBB,
FF6EFF32,
00A00103,
014500E5,
01F00010,
01BB01B7,
0251022C,
034F0297,
03440278,
02F303BD,
02E50188,
014F0274,
01BF0202,
FFFE00F6,
00DE00F5,
FFCEFF0E,
FFC9FF5B,
FEC7FF6D,
000EFF2C,
FF66FFCB,
0006FFA7,
FF8D0000,
FFB4FFEE,
FF3DFF36,
FE9CFF6F,
FFBAFF00,
FE64FEA5,
FE63FE65,
FE59FF23,
FE9DFE75,
FF06FEF3,
FE8AFDE6,
FF38FEF6,
FEF2FF38,
FF04FF3E,
FEB5FE5F,
FF27006A,
FF94FF31,
00CDFFCD,
00F90110,
010A00A2,
01550159,
0221023B,
01D10173,
013101C5,
02BF02E2,
01FB01AB,
021301E4,
00F40198,
01A802A1,
0173010C,
00B300AD,
003401CD,
00200003,
FFC6FEC7,
FDEDFEB8,
FEA9FEBC,
FD2BFE53,
FCE3FCF8,
FCA0FD5F,
FD69FC94,
FCD4FCE6,
FE2DFD9B,
FF55FFC6,
FF10FEFF,
008A0025,
01A10099,
011700AB,
00E201D7,
0171012B,
00680131,
010700D1,
003B0069,
00FB00BA,
00120068,
00E20151,
01390048,
00E100E8,
0101011D,
010D0076,
002700D0,
0082FFCE,
FFE10064,
FF92005D,
FFCFFFCD,
FF54FF5D,
001DFF19,
001E0008,
002AFFF5,
0027FFC0,
FFDA0045,
0025FFF9,
FFF2FF8A,
FFC1FF34,
0063FF98,
FF18002E,
0008000D,
FF5D0044,
0045FF5D,
FF42FEE5,
FFA3FF1F,
FED7FE74,
FDEFFE79,
FD2AFE68,
FE9EFE4B,
FE47FD96,
FD93FE13,
FF40FDE8,
FFB9FFCA,
011700A1,
014401CC,
01FB01C4,
02F30272,
0204024F,
0243020D,
018102FE,
01AB025F,
01FD0203,
00B3015C,
0153014D,
01C600CF,
009A015E,
001F0070,
00910066,
FF6EFFBB,
FF1EFF26,
FE57FEBB,
FE39FE38,
FC5AFCEA,
FC77FD4A,
FD39FD35,
FE2FFE17,
FE8DFDC3,
FE83FE10,
FFB6FEB8,
FFA1FF30,
FFA1FEDD,
FFE8006E,
010000A2,
001200CD,
00ED0165,
00F400B0,
010DFFAD,
00E000FD,
0179006F,
004F0146,
02110164,
015B0190,
0105009E,
009B01D1,
01210132,
00CF0034,
00BB00B9,
001600EB,
01AC002F,
00DEFFFA,
00A000BE,
00660090,
00140047,
FEFDFFB3,
FF70FFD5,
FDC8FFB3,
FF53FEB2,
FE14FDCC,
FE69FE45,
FE0DFECA,
FF12FEAB,
FE77FF2D,
FEC2FFB5,
FF52FEF4,
FF28FEA9,
FE34FE5C,
FE27FECF,
FE03FF4B,
FE94FE94,
FF7CFDEA,
006BFF2E,
00E50005,
019F019C,
021E0207,
023302DB,
03A402F9,
045802EC,
02F7037E,
02BE0302,
01C601E0,
0110026A,
0147006E,
FFF00087,
001B00B2,
FF56FF55,
FEBFFF5A,
FDBCFDEB,
FDC2FD9C,
FDA2FE70,
FD0FFEA1,
FD93FDF4,
FE2AFD25,
FD3FFCAE,
FDEDFE00,
FE9AFD95,
FDD8FF23,
FF59FF91,
00B0001D,
01400015,
012800B8,
00FC01C2,
024A0080,
017501A6,
021300C6,
012F01B3,
022A01EF,
023C01A8,
01650097,
004701FA,
01E10005,
FFE1FFB9,
005D0042,
FFC4FFF3,
0041FF46,
FDE4FE90,
FF0CFE5B,
FE83FF3C,
FF5BFEB3,
003AFF53,
00CB00A2,
00BC0134,
00CFFFA6,
008E00CE,
FF4D0033,
FF77FF8D,
FF87FEE5,
FF0E0005,
FECCFF56,
FF8FFFD9,
0062FF2C,
FFA0FFBF,
FF4FFEF6,
005D0084,
FFED003F,
FF3E003A,
FF7BFF36,
FFD1FFCB,
FEBEFE80,
FE02FEB7,
FF27FF67,
00A2FFDB,
00790079,
01480175,
01E20149,
017B01F2,
01CC01A3,
022801EB,
0143023A,
0117028A,
01F9019C,
009401AF,
00520086,
0052FF72,
FF66FFD1,
FF42000C,
FE59FEC5,
FF1CFFB1,
FE8FFE44,
FE20FE22,
FED1FE36,
FE1CFE70,
FE23FEA0,
FEEAFF39,
FFF4FFD4,
0007004E,
000C00A7,
0073FFFD,
FFF400E8,
FF9F002A,
FFB0FFC5,
002F0096,
FF170044,
FFB5FEF2,
FFA3FFA5,
006B0017,
004FFFA9,
00780144,
00AC011D,
014800FE,
01640228,
0157FFD0,
FED80065,
007C00E6,
FEB0FF1F,
FF8EFFC3,
0074FFC2,
FDFBFE3C,
022D009F,
040E0192,
FAD70115,
FB97FB31,
FAF003F3,
F95DF78A,
F0A4FE8D,
F5E2F264,
01A60C37,
06760442,
EFE1FF6C,
F1C0ECD2,
01EDFA67,
02F8119F,
FA0E0021,
FA0DFAA2,
FBCCFDC2,
06B30A02,
FD4100A5,
02DC06DD,
FA20FD45,
0912FED3,
054FFE74,
0417079E,
071B0093,
F646FE3E,
01EF003B,
00320252,
02E70450,
FCF105E5,
FCD3FD81,
FD620760,
0587FFB4,
FA9200E5,
FDAFFD46,
FF370011,
05BBFB2B,
FF76003B,
F983FD6E,
00CEFC80,
FD36FB99,
FCAAFE99,
FA32FCC5,
FE6DFE52,
FD7BFE18,
008EFC36,
FDB9FE89,
FF85FD06,
FF2AFD54,
FC5AFF2D,
FD8FF8A7,
FBD7FD5B,
02630056,
FCF90112,
02EF0081,
FD41FCD6,
02A90213,
00D4029F,
03930517,
03EB04AC,
FE93046C,
02EA03E8,
038303E7,
06C70283,
0044049E,
FF5CFF87,
0271FF71,
FEFBFF20,
FDC703AC,
FFFB00C6,
FFE8FEE2,
FCAB00F4,
FD2C0098,
FF1E01A5,
FE33FCAC,
FDD0FCD8,
FC9801CE,
FEE0FDF0,
01D8FCFB,
FDBDFEC2,
FE3EFC26,
FF83FA67,
FCA8FAE8,
FCC3FD12,
FAAD03E4,
0126013C,
FACCFD9D,
FE230505,
022AFDD7,
FE9400E5,
021700AC,
05A604D1,
076100F8,
FE0A0474,
028E0077,
022509AE,
099D07A3,
F74B08BE,
076E0074,
03E505DA,
FFF7FC86,
FB4DFDFF,
04E6FD2E,
F8B9FD5D,
0262FDDE,
FE4101DF,
02720125,
FC81FE35,
FC4EFEFE,
FFD9FE65,
F6AC03A5,
FADAFD17,
F9DBF914,
00FA0202,
04F3F706,
FA89FC03,
F9DF0281,
0104FF16,
FF43FD72,
FED801BC,
F99E0412,
FB7E0084,
088FFA9A,
FE03030D,
0E1803F5,
FB6AF858,
0EEDFFA8,
FA8F08B1,
FFE800E9,
FB330898,
0376ECE4,
0BFA0519,
FA0B0099,
F81F12B4,
091D07E5,
FA23FE0A,
07A80668,
0425EE36,
FB2011ED,
0670FE62,
05E90048,
FC540927,
119CF0D8,
032DEBA5,
FD090FA6,
0307F891,
ED21147D,
FBE600A0,
00EF0021,
0C3DF9D5,
F967F770,
F3E7EBBA,
F3DF145B,
11250ADF,
E32FFAE2,
11A8FD08,
FEA0FB45,
FCDAE569,
FBC904B4,
00FB0361,
0833080B,
0E4A015A,
FE650EA2,
04B8F677,
0C4F0E1E,
FA9B0090,
03A00859,
06A6F87D,
01DC11C4,
04CCF736,
FEF9107B,
FE2CF0AA,
FD0CFDA9,
F7FFF9F3,
021D0D06,
0E23EEF7,
E9CE093F,
09AFF80D,
0A4910A5,
EFB5F190,
F645001A,
08BEF9D3,
FB8DFEB6,
F739F0B7,
0510036A,
02DD0B6A,
FD0DEEF7,
F8B1F91B,
FCC30EBB,
0027EC46,
FE91FF41,
FD8D0050,
00EC03D9,
025EF7CE,
FF99034A,
0496FF81,
035C0D7F,
0142F86E,
FF290714,
0499041A,
08580021,
08530013,
FD6F05E6,
FE28FCD9,
03810108,
013808DB,
035B04A8,
0356026C,
FDF60002,
F96FFAA4,
020005AA,
03FD010F,
FCF7FE53,
F984FD8C,
FBD7FB45,
FDE0F8FE,
FE7A0211,
FE8000E7,
FB73FF40,
F7B1F9B0,
FB09F7C1,
02D9FFAA,
016B0677,
FDC6F8A4,
F9D5FCC7,
FF9AFE92,
0275FD5E,
06420122,
02A50871,
FEC80188,
0156FFF2,
04800108,
081A083D,
030A065A,
0234FF9F,
012B0216,
037D013D,
01BF032F,
04590309,
FF2B0067,
FB14FBE8,
FEFC00D1,
00A50052,
FF68FE87,
FE8BFEF0,
FA27FC8B,
F916FA46,
FED6FD14,
00A30060,
00F90350,
FD00FAFF,
FBEAFD2A,
FDF5FD1C,
FE35FE87,
0054FEA5,
01170091,
FE9E0052,
FE27FFF3,
025DFE65,
FFE30395,
00FC017B,
022E01C2,
02AE03A4,
024D02C7,
02E90314,
03640184,
01FE0265,
0060011C,
00B101C7,
03BFFF40,
FF1E0145,
008900C6,
0008FE62,
003CFD0B,
FE8A0089,
00DE01CE,
0121FF89,
FFA3FF9E,
FE4DFE1B,
FBA3FE58,
FF9CFDF9,
FE85FD82,
FEB7FF1D,
FF74FF7C,
FD20FD23,
0097FF5C,
FF350015,
FD66FF6E,
FDCEFF6F,
FF60FF70,
FEABFD90,
FFD7FDB3,
FFCE001A,
FE99FE88,
0067FF1B,
0173FEEE,
021F01C1,
0099022D,
02FA03E0,
01870348,
015D028D,
00F50248,
009F0185,
01CC014D,
0096FF7E,
01610126,
004900A9,
FF4A007B,
01D50006,
006FFFFF,
FF3CFFEE,
FE7BFF9A,
00FFFF66,
FE58FF39,
FFEBFEBE,
FF1DFE9D,
FE7DFE22,
FF85FF55,
FEC40065,
019BFF0C,
FFDB0031,
FF18FEEA,
FF8C00B9,
FDC2FFC9,
FD51FE16,
FDDEFCEB,
FF9DFEE3,
FDD1FE54,
FF1EFF1D,
FF500050,
01FF002F,
0169007C,
01BF0219,
0280022E,
01AF0344,
01CE00C4,
01B3019F,
02040134,
01050291,
0289019F,
0083006A,
01330217,
01F200E9,
01620210,
00B201B2,
02B4010A,
011E0125,
FF79FF34,
FFD0002F,
FED5FF0D,
FE26FEF5,
FEA2FEE3,
FEC6FEFA,
FE09FDB3,
FD8FFE44,
FE88FD60,
FD44FD71,
FDCBFD88,
FD72FD0D,
FCFBFDD8,
FCF1FD4B,
FC7EFD69,
FF8FFE5D,
00A40026,
0088002E,
026501F0,
030B0227,
02870274,
02E50233,
022703D7,
03360352,
0282032F,
02A0023F,
014E0270,
037A0229,
01BD01D0,
020A01F2,
01440297,
00600059,
007C00BB,
FF2D0028,
FE9AFEB8,
FE4FFED6,
FDB3FE7D,
FDC8FCBE,
FCF6FDB0,
FD62FD05,
FCD8FD73,
FD77FE7B,
FE36FD84,
FDE3FF01,
FEE0FDFA,
FD30FDFF,
FDFDFE09,
FDD7FE54,
FE96FE9F,
0054FF46,
00570049,
01CC0079,
01A801A7,
0234031B,
034A0376,
031C0213,
028A0334,
02DC01AD,
02370261,
01E401BB,
019601C3,
010C0137,
0198001B,
0162FFDA,
00C00115,
00D4FFDD,
FFAD0074,
FF28FE71,
FE2CFEBE,
FE91FDC5,
FD95FD63,
FE28FE15,
FDE0FE72,
FD73FDE4,
FCB7FC30,
FCE3FCF7,
FD59FDB5,
FD26FD79,
FD2FFDBF,
FDB1FD59,
FE70FE3B,
FF49FEF4,
FFB0FF79,
0040FFF3,
01A801B2,
0210012F,
027D0318,
045403B8,
037D0333,
045F03BE,
02DA03A2,
02F302DB,
02CA02D3,
021D0217,
01DB0192,
01EB0125,
0187008E,
02570237,
01F90139,
017E01D0,
FFC600E9,
FF92FFA9,
FF07FF8C,
FF2EFEED,
FD11FF2C,
FE8BFEBE,
FDD3FEB0,
FE84FDEB,
FDD5FE5F,
FE89FEE2,
FE2EFEF4,
FF2CFE76,
FD1CFF34,
FF4DFF42,
FD1EFF03,
FE01FCEF,
FD0EFD36,
FDFAFD2B,
FD89FDAF,
FEA5FE49,
FD57FE9E,
FECFFDCC,
009AFF43,
01BB0130,
017700BE,
020D01F4,
02C1024A,
01AE0199,
02F30296,
045F0252,
019E0273,
023A020B,
02F0026D,
031902AE,
027A0230,
01530134,
00D90183,
002DFF4A,
FF5B0020,
007DFFED,
FFA7FFE1,
FECBFF07,
FF6CFF6E,
FE86FEE1,
FE15FEBB,
FEC1FE30,
FD55FE50,
FD16FD0F,
FC5AFC74,
FBF0FDA1,
FE7EFD4B,
FDC3FD3D,
FE59FF2B,
002EFF6C,
0090005B,
01850146,
016000BB,
014801C5,
01CB0207,
02A9010F,
024B01A8,
01C10208,
027301CD,
016A0210,
02A50218,
01270205,
02480281,
01BF01E7,
01B60121,
00D8014C,
013A0175,
0121005C,
FF4AFFDA,
FD99FEC5,
FE77FF57,
FDB6FE00,
FD5EFDAD,
FDA2FDE2,
FD8DFC9F,
FDA5FD54,
FE3AFE88,
FE87FE27,
FE3AFDA0,
FE74FFC6,
FF71FEB7,
FEA5FE10,
003FFFA6,
FF3B001A,
006DFFDB,
0059FEF6,
005500EE,
017300A3,
01FF00DD,
00DF00BE,
00800215,
00D601FA,
02870248,
024701D4,
01B200C4,
01A301DE,
02060183,
0124016D,
007C0106,
001E019B,
FEF0FFB1,
FDF2FE7B,
FDBFFD13,
FE02FE7E,
FDD9FD36,
FE9FFDE6,
FF42FE85,
FEA3FEE3,
FF40FFC9,
0032002A,
002FFF54,
FED9FFDB,
0064003F,
FFB9FEB9,
FEA00004,
FF810076,
0097FF4E,
FF4200F5,
01C2FFE0,
0015009B,
009A00D8,
FFCDFFBD,
006E0184,
00400101,
012D0014,
FF860022,
00B2FFCC,
FEF4FFDE,
FFBB0081,
00B3FF4E,
FF56FFC5,
FFB7FFC0,
0156FF28,
00B1FF10,
FFAD0195,
0065FFAB,
01780103,
00CD0119,
0241019B,
0175FFCD,
0117018C,
011900F6,
FF57000F,
0065008F,
FFA60087,
000B006E,
FE8BFF1A,
FF4AFF69,
FDC2FE66,
FEC1FEA6,
FED3FF2F,
FED7FEC6,
FEE9FF2E,
FEC7FF70,
FE71FF4F,
FECDFD5A,
FE14FE50,
FD8AFE42,
FDA8FDFF,
FE6EFD42,
FEE1FEF8,
FF7EFF96,
0162FF79,
019A00AF,
01500254,
033201B0,
02460374,
0348025A,
027F02AF,
016601DE,
025402E9,
016E007B,
008D016C,
00E901D4,
0180001A,
00F500D8,
00C10051,
0098FFB3,
FFC30017,
FF5FFF83,
FE9FFFBE,
FF1AFE86,
FE77FF41,
FDFAFDF9,
FED1FDAB,
FCFEFD67,
FDA1FD7F,
FDD5FD71,
FDBBFD61,
FCE1FD56,
FD7CFD7E,
FED3FED8,
FE76FE68,
FFEA001B,
00BA010A,
022B00BF,
00C60189,
02830191,
032002A3,
021F0306,
02830359,
029002B5,
021C0254,
02260150,
020E027A,
005D0276,
00CA002F,
00C900B0,
00630083,
001AFEFD,
FFAB00C8,
FEE800C6,
FF4EFED5,
FEB6FE85,
FDBEFE0B,
FC30FDF7,
FC9DFD2C,
FCFAFC6C,
FC14FC96,
FE74FDAC,
FF25FD54,
FF09FF45,
FF48FF6F,
0002001D,
01E0FF7C,
FFA000FB,
008C00E0,
02110109,
019800CB,
01EE0269,
0422031E,
0175026D,
0324024F,
029C02E6,
028B0275,
0140019F,
016301F0,
00490179,
00B700A1,
FFE40047,
FF98FFDE,
FFE2FEBA,
FDE6FECE,
FD77FE9E,
FDC4FE71,
FCF1FCBD,
FCBAFC56,
FDD0FD0F,
FD74FD40,
FF14FE8D,
FF44FF50,
FF720000,
0028FF63,
012000C5,
0082FF9D,
0070FFF9,
008F01BB,
00AE005D,
00360016,
009F0125,
00E4008A,
0089001D,
005000FF,
0115017D,
00820190,
016700D1,
0180020D,
024B022C,
011E01F1,
0038016B,
FFFE0123,
FFC9003E,
FFEC003D,
0039FFE0,
FEF6FF3D,
FE7EFE7F,
FE7AFF01,
FE9FFF2B,
FFDEFEA8,
FF040026,
000DFFD0,
009EFF66,
FF5B0023,
00590035,
FF05FFAD,
FFC2FF79,
0008FFB0,
FFF7001B,
FFA2FFA7,
003FFEF2,
FEF500EB,
FF14FFD8,
FFE1FFA2,
FF6CFF0B,
FDF8FF6E,
FF95FF58,
FFD9FFE1,
FF7A00A3,
FFFF004F,
015200A6,
00910009,
006DFF87,
FFD700CA,
FFE30085,
FF1DFF7F,
FFA30051,
00550102,
014EFFCC,
01240060,
0195015A,
005501C3,
01F8004B,
00EF00D6,
007F00C8,
006E0083,
0075FFCC,
FFA3005A,
FFA00002,
00050039,
FFEDFF63,
FFCCFFA2,
FF4EFE61,
FEC9FE74,
FE9FFEC0,
FDF7FF2A,
FE83FF67,
FF48FE53,
FE6EFDA1,
FD93FDE8,
FE80FE1B,
FE24FF0F,
FDB3FE3B,
FEB6FE64,
FFC4FEA8,
0051FFDE,
00E0016B,
029901B3,
027301B3,
01C00365,
034502F1,
034B02D3,
03020344,
02370351,
02A50237,
02C70203,
01B001C3,
00F90150,
00370090,
FF20FFF3,
FFA6FE93,
FE8AFEA5,
FE64FEB3,
FDCBFE07,
FE7CFDB2,
FDFDFE20,
FE59FE56,
FE92FEE4,
FEA1FCEF,
FD4BFDE2,
FDC2FCF0,
FD2BFD86,
FE27FE26,
FEC7FDC7,
FEE3FE71,
FFCEFFE2,
00ADFFF7,
01260246,
036E0318,
026D02FA,
034D01E7,
03AB03CE,
0342029F,
03200347,
030102F1,
01BA0312,
01B0018E,
015802B0,
007501F3,
009C00AB,
0011FF19,
FF2BFF1D,
FE32FDD8,
FEB8FE7B,
FDD7FEDD,
FE8CFE18,
FE26FE5C,
FE2EFEE9,
FDC1FC87,
FDCCFDC8,
FD6CFDFA,
FD5BFD97,
FD38FCFD,
FFC8FD69,
FED9FE24,
FF5EFFC7,
FF32FECA,
FE86FFB9,
0003FF9B,
FFD5FE8E,
FFDF0057,
018900A9,
01D10257,
0324025E,
03B403B5,
04870434,
04120477,
02340332,
03130367,
018E0287,
019B0165,
009300A6,
00DA018B,
FFFE0021,
FFA4FFD1,
FEC7FF34,
FEC1FF58,
FE65FEBE,
FD91FE72,
FCFEFD28,
FDDCFCCA,
FD19FC6F,
FC92FCAD,
FDCFFE09,
FEC8FDB2,
FD2CFD02,
FE0BFDE9,
FF65FEA5,
001CFF5A,
00810061,
01520037,
00090149,
00A2016C,
019100CF,
00CC016C,
01C00092,
01030000,
0196023C,
029701D3,
014D022A,
02ED0338,
033302A9,
01D401D8,
01320298,
013D0112,
FFC8000B,
FF19FFC2,
FDD5FE16,
FD04FDA5,
FD5AFC94,
FE1DFDC5,
FE5FFE07,
FEECFF62,
FFA4FF1F,
FF470057,
FFD7FF36,
FFBEFFBF,
FF1C002C,
FEE2FF30,
FF70FF99,
FF9BFFCA,
003CFFFE,
0050008E,
01A9016C,
00D9006A,
00F500EE,
FFC40169,
00B4005E,
00200075,
FFF4006B,
0038FF76,
FFCE006A,
0080009F,
01540095,
00F500B4,
01C7015D,
009E00A2,
009C00E2,
006A006D,
0052006D,
FFB9FFD0,
00D000A2,
FFC6FFE3,
0018FFB3,
0030FFC1,
FF81005F,
00520024,
FFE7007A,
00C20069,
007CFFDA,
0011FFFE,
FF190087,
FEF6FF16,
FE94FEE4,
FD2BFE07,
FEE6FE5B,
FE49FE47,
FF2DFE78,
FE99FEE3,
FFFAFFA5,
FFD0FFA1,
FF3B003E,
FF93FF02,
FF280052,
FFD0FEB9,
FF78FEFB,
00AEFFB5,
00F80113,
00E600FD,
02CB01E0,
023901CA,
020F0241,
022C0200,
02650180,
009800C4,
00E4014E,
00A3FFEE,
FF07004A,
00B6FF20,
FFF20044,
0004FF8D,
004D0048,
001BFFA1,
FF090037,
FF9DFF05,
FECCFEB6,
FDADFDF3,
FE26FE9C,
FE15FE6B,
FDCDFDC6,
FE7CFDF6,
FE47FE68,
FF4CFF07,
FEC3FF86,
FF0DFE3B,
FEC7FFB0,
FEC4FFDA,
FF41FF39,
005EFF74,
00AD00B7,
000E001A,
021D0162,
012102DA,
030D0272,
038E0262,
021C0419,
03220274,
024202B7,
02D1023B,
01730178,
008D0145,
005601B8,
0102FFD4,
FFDF0089,
FFE9000E,
FFC2FF48,
FF87FF24,
FE0EFE7F,
FEA5FEA6,
FDBEFDFE,
FD17FC6E,
FC1EFD5F,
FCC7FC13,
FB81FBD1,
FD22FC75,
FDBFFD11,
FE55FDFA,
000CFF55,
0092FF71,
00400066,
00C20185,
01710100,
00F300FA,
02A6015A,
0192020F,
02D702BF,
0331025E,
032C03B6,
03850450,
04130350,
024901D7,
01B90265,
00540167,
FF6E00E0,
FF21FEA3,
FF95FFC7,
FD98FE16,
FE89FE82,
FE90FD83,
FE2FFF2F,
FDF2FDE7,
FE0CFE22,
FDA7FDDA,
FDDEFDF1,
FD54FCEC,
FDDDFD99,
FD63FE66,
FF28FE48,
FE71FDF4,
FF55FF44,
000AFF84,
00C5FFA3,
FFCE00FB,
0182011D,
00EF0066,
01B30253,
0123015E,
02AD0145,
002300A8,
0230018B,
01FB018D,
027E0209,
021902EE,
02BA031A,
021D023C,
01B9021B,
00750086,
005400DC,
FF18FFA9,
FE6AFFAA,
FE6AFE5D,
FEAAFDF4,
FE6EFEB9,
FF49FF11,
FF06FEFF,
FDFFFF1C,
FE91FEE7,
FF20FE89,
FE06FEA1,
FE11FE13,
FE0DFDC7,
FD0FFD66,
FEC4FEF9,
FEDCFEC7,
00180088,
017D0024,
01960166,
01B101B0,
02160250,
019C00EA,
018D0101,
010A017D,
00EC00D9,
00E3004C,
0109015D,
019602A6,
021401F0,
01D200F6,
FF8C00BC,
009700AB,
003CFF25,
FE29FF51,
FF99FECA,
FE00FE37,
FEA3FEEB,
FECBFE1D,
FF27FEF2,
FF13FF6C,
006EFF98,
0041002E,
001DFFBE,
FFD80008,
FEB5002E,
006DFFA8,
FFCAFFB6,
FFA8FF59,
FF03FFB9,
FF6BFF65,
FFB2FF94,
00770021,
FF2B00A1,
0073FFCE,
0027FF69,
FFD20097,
FFE9FF90,
FF860045,
FE5DFF03,
FE98FEFD,
FF37FEBD,
FF7FFF69,
009E0028,
01900160,
026C0208,
011F01FA,
024C00CF,
0166020C,
014C00FC,
FFF6FFAB,
00220074,
001CFFF1,
0092FFDE,
016D0198,
017800FD,
0118008B,
00A2006F,
FFD2006A,
FF5DFF8B,
FF18FF41,
FE74FF0D,
FD9DFD66,
FE24FD97,
FE2CFCEF,
FE5BFDDC,
FEABFE3D,
FE99FF99,
FEFCFF57,
FFF7FEEE,
FF8AFF83,
FF08FFE7,
FF65FF75,
FF24FF26,
0069FF6A,
FF3E0043,
0185001D,
01780145,
0214029F,
020801D1,
026702D2,
019301CA,
01B201F7,
0104015F,
00AA019F,
008AFF7E,
00BB011C,
FFEEFFFC,
009700B6,
00B30185,
00750000,
007200E0,
009600FE,
FE7AFF76,
FED7FE9A,
FEC3FF02,
FDA2FDD7,
FDE1FC90,
FD5BFDD0,
FCDCFE50,
FE81FE2F,
FF2FFE7A,
FE90FEB3,
FFA1FF6D,
004DFE59,
FF6BFF8D,
FF37FFFA,
FFABFF9B,
FFFEFF3A,
FF80001B,
0024FFD7,
01B20172,
039D0230,
03630288,
03800340,
0321037A,
022B0233,
01EB0291,
007B0187,
FFB5007B,
00AAFF6C,
00C7FFD4,
FECFFF5A,
008300F5,
007A0080,
FF25FF6C,
FE99FECF,
FECDFE33,
FC2DFD83,
FD83FDA3,
FCCEFCD0,
FD1FFD2B,
FC9DFC70,
FEAEFCF5,
FE84FECA,
FE8CFF89,
00130006,
020500CC,
00560059,
010900B8,
01A5008A,
00DD0201,
00790172,
019B0172,
015401A1,
020001F8,
02B901FD,
025B02D1,
03A40256,
01150244,
00730176,
00B00108,
FFC10072,
FE76FF95,
FEB3FDBF,
FDACFE79,
FECDFE89,
011FFE8C,
FEB60047,
FFE1002A,
FF80FFED,
FEF400CC,
FF7FFFEC,
FE7DFEF0,
FF39FF83,
FEF2FFB8,
FEB2FDFB,
FE61FF92,
FEF4FF30,
FFB8FFE0,
0196008E,
011600ED,
004F0169,
00160064,
FF24FF92,
00690087,
FF84000A,
0057FFC6,
FFA6FF10,
FFDBFFA2,
017C016C,
01B50132,
027B0130,
0189024F,
021E0097,
FF560000,
FF5500E4,
FE87FFE5,
FEA5FE98,
FEAEFEAC,
FD70FDB8,
FE94FE1F,
FF8AFE10,
FE89FF04,
FEF7FFB9,
FF1DFF3C,
FFDAFEDC,
FD93FDDD,
FE96FEC2,
0011FEFA,
FF22FF3D,
FF3D002D,
000DFF40,
02AB002C,
01480124,
0353032A,
024F02E8,
029F027B,
02F201F1,
0197023F,
03790203,
011A0282,
01D202F4,
013C01A2,
0252020E,
02210282,
02AF0313,
01550285,
019B017D,
003E008E,
FF87003B,
FF5CFFA4,
FE50FF4E,
FF0FFEC3,
FE8CFF07,
FEC4FEAF,
FFB7FED6,
0076FFCD,
000400A3,
FFDEFFE0,
FF68FEF4,
FEECFF21,
FDC0FCF3,
FC7CFE69,
FE13FCFF,
FBFBFB39,
FB78FB71,
FD4BFCB0,
FD15FC79,
FE0CFD74,
FE2DFDE5,
FD93FD63,
FDEEFCEF,
FF3FFDEC,
FF3F004F,
01D300AB,
01F00117,
02400197,
031B029A,
033F036F,
049A0376,
049B04BC,
03EF0533,
04550423,
02DB022C,
02930330,
023702EC,
0284036C,
01730147,
01D401CC,
00C60206,
0187006A,
0081006B,
FF31006F,
FD8CFEB9,
FC71FCB7,
FBD1FD52,
FB35FB0B,
FA6AFAA5,
FAA9FA8A,
FB18FA1F,
FA32FAFB,
FBC0FBE2,
FCA6FB8E,
FD32FD69,
FE21FD00,
FEFEFE06,
0024FFFD,
016000AF,
026F02AE,
03D502DF,
04AD0414,
031B0451,
0611040F,
058105A6,
0475051E,
05EC04AC,
03A30488,
030C0365,
02AF03B3,
00EB011C,
01540164,
FFD200D5,
FFD2FEFB,
FEDBFF3F,
FFF5FFAC,
FEAFFF75,
FFADFF32,
FE43FE99,
FD22FE33,
FC92FCDD,
FBE6FC32,
FC62FC22,
FC1CFBD3,
FAF4FCC4,
FCFCFB98,
FC59FC6A,
FCB4FD5B,
FDB6FDA4,
FDA8FC68,
FDC5FE51,
FFD6FF33,
FF52FFA6,
02DD00C1,
030C0372,
02C30386,
033B035E,
048103CC,
046C0412,
05630525,
0437041D,
03E70475,
02A7030F,
01B6021B,
00E301DF,
01BF012F,
007C013F,
0089008B,
007B0033,
FF80FF2D,
FF900140,
FEC8FE31,
FE0DFEBD,
FD2EFE3A,
FB50FC2B,
FB54FB7D,
FBF6FBCE,
FBA6FB9E,
FB44FB9C,
FC08FC00,
FB8CFB5B,
FDA3FCFB,
FE43FEBE,
FF8EFE61,
FE90FF74,
FFDBFF09,
02250087,
031D028D,
02D00362,
03A703BB,
044A0417,
033C0385,
040D0427,
03A30408,
02FE0384,
03020285,
026D02A4,
011F0147,
013D01BC,
0015FFD4,
FF620147,
FEC6FF00,
FECBFF8D,
FFFBFF58,
FFDEFF18,
FF730103,
00B0FF6F,
FE24FF03,
FE63FDCF,
FDAAFE22,
FD79FD7A,
FDF5FDEE,
FDF8FDF6,
FDEFFDC3,
FE33FDE3,
FD8AFD6B,
FE2CFE17,
FCC6FCE9,
FC43FC40,
FD80FCB2,
FE8CFDE6,
FF2CFE5C,
007BFFEF,
01E6017D,
019401C7,
028802A7,
02D201D4,
041E038B,
038903A0,
0488047C,
03E7034A,
03B2029F,
02C101F5,
03A00208,
030E0287,
019A0434,
02C4027B,
01C00137,
00F201B9,
004F0027,
FFF00013,
FEE7FFDA,
FE6AFED5,
FC94FD80,
FBA6FC84,
FC1EFC39,
FA8FFB8C,
FAE7FB13,
FB38FA38,
FACCFA63,
FAB5FB21,
FC37FCE5,
FCE6FCB4,
FD97FD41,
FEAAFDA8,
0139009D,
015801A3,
031C02E5,
040503B8,
037C03D2,
048D041F,
04CE0489,
049F04F3,
0398043F,
02FB033E,
02CD0424,
019D0312,
025B024F,
01FD01EE,
00DD0278,
FFF4011E,
01190191,
000200B3,
0051FFF8,
00A1FEC2,
FDC6FE7A,
FCE3FCD2,
FD34FD0F,
FD32FB30,
FAC9FAFC,
FC86FC01,
FC60FC15,
FD01FD0A,
FBE0FC35,
FC51FD08,
FD22FC7D,
FBC5FDA1,
FD9BFC6A,
FF01FF2F,
004FFEC9,
01BA01F3,
02470313,
02F503BA,
03DE0314,
04040375,
04410349,
048003D9,
0486048D,
04C6053B,
0399040D,
03DA039D,
028E02A6,
0288024A,
00F400F9,
01110228,
007E0111,
FF56004F,
FEAAFF33,
FD37FD95,
FD70FD33,
FD7CFD05,
FBEDFC50,
FB46FC4B,
FC1EFB91,
FB7FFB33,
FB8CFB4D,
FC91FB70,
FBEDFCD0,
FC6AFCC3,
FD01FD0A,
FE19FDE9,
FF08FE58,
004FFEF4,
012D011E,
02D902AF,
03E60284,
03650428,
060B0547,
05D70568,
04700519,
047D048A,
04910377,
023402E5,
01A20329,
008A010E,
0115007C,
FE9C001B,
FFAB003F,
FF60FFEB,
FF49FF36,
FF73FEF6,
FEA6FF6E,
FEADFEC8,
FEE8FF1C,
FD8AFE0E,
0212FE74,
FE61FA47,
FD0AFDF9,
FD08FC69,
FDD6FDE3,
FBB2FF9F,
FE09FEAF,
FD48FD43,
FE15FDD6,
FED0FDF7,
FFA8FCF4,
FF3E0049,
018B00FA,
00DD00A6,
010402DA,
01E40146,
023502B2,
02830251,
02630132,
015902A4,
00CD0313,
030502E6,
04170263,
02F9FF83,
0196FF1D,
0253FF96,
00D50228,
019301CD,
FE6D02B8,
005A01D3,
00CC0143,
00920091,
FEB8001E,
FECDFF84,
FF05FF7D,
FEADFF60,
FD69FCF2,
FC79FD1E,
FC43FDC0,
FCD5FE0C,
FC2DFCD6,
FC5FFB90,
FBB8FA6E,
F98FFA29,
FA6FFAA6,
FDAFFB05,
FD2EFD8B,
0018FF62,
0196012E,
053F0383,
059F053E,
05F904E2,
072105A1,
06B40616,
04BA0591,
04140366,
01A90371,
0077012C,
FF20006E,
FEFA003F,
FEA0FD5C,
FD35FE5C,
FF8BFEDF,
FF92FE12,
00090092,
00D7016E,
022C0243,
028A031E,
02A80292,
00E30139,
006F0261,
FECFFF94,
FC9BFCE9,
F99EFB84,
FA30FAD3,
F913F9AF,
FA21F993,
F81DF9A1,
F9F2F93D,
FA32FA4E,
FBAFFA19,
FE95FB70,
023401C1,
036F01B6,
075D0612,
0658069D,
08E7084C,
07DA08B3,
06D90615,
04E40578,
02B5050C,
01E10165,
FEEF00DA,
FF4CFE3E,
FEACFEAC,
FBC5FD27,
FD52FE24,
FD0AFD0E,
00C2FED8,
019F0116,
022D00CD,
050F04C1,
04460377,
01E90358,
FEBE0160,
FC7CFD12,
F92CFAEF,
F6D9F6C8,
F808F72F,
F4E9F7B4,
F843F5FA,
F536F71D,
FB61F3C5,
FA9AF55A,
F505FEAC,
04B40678,
0C3AFF8E,
0ED40268,
09CB0746,
0B751D2E,
0FB1FCC6,
10A31271,
E9C50F1D,
0D2A1C39,
FA96FAD9,
058F05DF,
F5680CBE,
F4ADFBD3,
FC91112B,
FF90ED7D,
F8240555,
062BF815,
05B1085E,
03630C13,
09440CFF,
0A6407C3,
0AD80FB5,
031E0892,
044F0773,
01EFF2C3,
E698017A,
013BF012,
F4A4F34B,
F9FCEF6B,
EF72FB6F,
F499EEF6,
0517F553,
F13FFE21,
0146F545,
080F0712,
0B120354,
FD65096E,
04B008B7,
1455066E,
067DFCF2,
F7280277,
FBB401F0,
FEC9F6F9,
008C0242,
F72EFBD9,
F948FD2F,
F4E1F4D5,
0009F56D,
00C4FDF9,
02320124,
03E209D6,
03BC09ED,
09D40522,
09430FC3,
0B11026B,
F98E05B0,
013DF5CA,
F1A7FB71,
F636F7A7,
F779EFD3,
F536F48C,
EE2EF778,
EC67EC35,
F6AAF3C2,
F8E50042,
027001B1,
050608CA,
09C90B15,
0D2908B1,
0F660E44,
09B21298,
09C80077,
FE86FC74,
F7CF03BC,
FF69FB12,
FECC0381,
FA2BF785,
F59BF773,
F5B5F5F2,
F7F7FD90,
FAE307EB,
20F802A7,
152E122A,
09480CAD,
1DB510F7,
0D6E1084,
08DF0E40,
0251FEF4,
F70DFFA7,
FC45F810,
FB3DF928,
F95FFAEA,
F041EE5E,
EDB7EF9C,
F346EF79,
FC99F4A0,
FF1E0191,
09DA0229,
07920C01,
0E7B0E66,
0FDF163C,
086B0D58,
08670471,
FCB9FE83,
FCE2FBB8,
F808F709,
F284F2B2,
F21DF35F,
EF26FBBB,
F05EF201,
F9B0F76F,
0E3D0A2D,
0736FB3F,
13E411A4,
1E6B0CA0,
11520366,
0E0A0A85,
041C1804,
0C70FEE7,
C456120D,
F73A0E67,
F939DABD,
D8B3F462,
EE9CF711,
DAA0DD0C,
DC5A0049,
E91DF492,
F1320069,
056F113D,
28600DB3,
0A7B09A5,
F6BC120E,
F71526E5,
133E1524,
F632FAEA,
F0190268,
F312FDA4,
EEA6ED57,
F43EED67,
E1201450,
088D0B48,
E468F42A,
1CC9FA8F,
F38CF28D,
0E6222E7,
3E700DC1,
11E81D45,
068A0E36,
048512AB,
09DEF3C1,
FCD9F0BA,
FC3603AC,
F03CF6DE,
E0B4EFC8,
E1010347,
E601F71E,
FF68EB15,
FE89EA7D,
07C41947,
0173EC2F,
16DE1422,
0F3118FC,
24A7178C,
06820A69,
1ED31989,
F028F9CA,
E0010106,
0325F014,
E357EFB3,
E0F6E932,
FE93EA39,
F622F740,
EB04FB85,
02D1E392,
F69815CF,
FC76FD26,
1625FE4F,
1683202B,
14C22216,
150311EF,
FFAF1532,
0D860747,
F2210240,
F47FF218,
F212F5B7,
E0AEE49D,
EDB2F18B,
FC9BEF67,
F36AF786,
FA4BFDFE,
16D00016,
0C5FFE7C,
0CA1089B,
0F490F0F,
0F2F13E8,
12A41446,
129507A1,
108E023D,
0320FCFF,
F4B3F43A,
F041EFAF,
EF66ECFD,
EBA3DF8A,
EA89F03A,
EE78EA34,
F0DCEF9D,
09F4FFA8,
FCBD0915,
0DEC0D07,
13E911FE,
06D60B6B,
0F8C1122,
0BBF119C,
0C2E0F39,
078E0CFA,
FA300878,
F39D00B6,
F800F3E6,
F8FEF0EE,
EDB8F320,
F329F0D8,
F057E6F1,
FBF0F8E3,
0642FAF5,
0BC3FC6F,
12EC078A,
14F5137A,
10A808BA,
124C1BCA,
121D0B16,
0515FE96,
054908F6,
F8E2FB51,
F14EEF5A,
E142F890,
F463F3C6,
E127F53C,
CD3DE592,
F6A8EDB1,
ED57F376,
0597F2A7,
0D14FBC7,
104B058D,
17E51173,
0F991225,
192B168B,
1693155D,
105C0C3A,
02380F97,
00200438,
00D3FB5D,
F27FF7EE,
0CD6FCA8,
E938EE6C,
EE53ECEB,
F6AC0539,
EC78F4A3,
0BBCF8EB,
0158ECE1,
079C0DA1,
07FB16BB,
08910D94,
135014A7,
0D760F67,
03750842,
FFF90378,
F781F0C7,
F30AF79D,
E9E4EFC0,
F013F4B5,
E2D1D425,
E141F12A,
F7C2E941,
EE90F31B,
FEE1FDDC,
FACF08A0,
09620E17,
15DC16F5,
102A0A99,
1264148A,
17280FB8,
0D920C13,
0B5806D2,
02E7FA4F,
05F5F83C,
F7F1068D,
E719DB79,
EFDBF735,
EB6DE455,
FCB4EC90,
F1C9F8B1,
F78E0510,
07DD025E,
0E6C0A84,
126B0B18,
10030CBE,
0C990F91,
0E1B0E9C,
080307E5,
FF6104E4,
FE35F492,
EBE7FC1B,
F1E2F29F,
DDB8F2C1,
E6ABD89A,
EA1BEDEF,
EDBCEA0A,
EDB8EF98,
F605F730,
00CF031C,
05DE034C,
149F121A,
16FF1862,
20B51277,
19D61749,
0AB6108D,
02390A70,
FB1F04E7,
F26EF417,
E4E1FA0B,
F83BE96B,
EE7BF9C1,
F8D2F79F,
EFF1EE76,
0562F51B,
03B9EED9,
0848000E,
0CD11522,
1138037E,
13201ABF,
171D1833,
180409F6,
FDEB0593,
F484F357,
EF82F15F,
E3C8EDA6,
E95DE7BE,
F128F345,
E97EEE9B,
0B17F2D0,
F81DF302,
0A25056D,
1C1C16AF,
08DA0CB7,
20A012F3,
17EF16DE,
0E5C1622,
FDF10DD6,
F19FF21F,
E9F5F169,
E784E90E,
E55CE4B3,
E9EEDFA7,
F284F312,
F3640B9F,
03DEFC28,
146D0593,
1E19215F,
16FD1475,
1F4C25CE,
0F8412F0,
08DF016B,
F96E053B,
EC53DE8F,
E1D6F48F,
D739E655,
DE87DF63,
E4A1ECB0,
0ED3F718,
0501F91E,
145110BA,
26E424E2,
16751C1C,
25B62428,
0E2114F1,
010A03B3,
FAD6FA94,
DA01E749,
E787E161,
DA57E231,
DE2DD740,
EDD6DD46,
17CFE833,
0582FB56,
157A0978,
29E329EA,
227525BD,
2F691A56,
14A42731,
035901BE,
015900A1,
E24CEF2D,
EB15DCFF,
EB75E8FE,
DCD8DD4A,
F081D929,
02EF0D70,
FA90FFF9,
25D60F23,
18F226A2,
0CD00EED,
1F4D1FD8,
00631867,
F63CF3D1,
F3CAFBD5,
DA9EE34B,
E805E50E,
DEE3EFDD,
D736DFF9,
0AF7E6BB,
FC15147D,
05DAF9F8,
23DB1EEE,
0DC31FFB,
136BFF48,
1FEB179E,
F6D30C4C,
F2E2F409,
F33DFB50,
E57AE3F3,
F8CCDF5E,
E173E43D,
F5E3DA7A,
187D16A8,
06BB1082,
1857085F,
32DF248D,
05BA1147,
0E19095B,
06231CD9,
E82E0D7A,
EB45F050,
ECF3F5ED,
E1BEE2C2,
DD88E697,
D9FAE46C,
125C13BF,
0A8608D6,
161D05C4,
1C911A48,
03F92557,
F8DBFB21,
15CEFFCA,
0000FE4E,
EB63D6AE,
F0FCE7DA,
E202F251,
D902EF76,
E01FE125,
1AB11FEF,
09051008,
0E2B0723,
22A81F0A,
0AEB2604,
0007FA90,
13EA06A7,
0B031784,
EADBEA28,
F43FF2BB,
F4D1FA79,
DFFAF0FB,
E1D5DC10,
1B3619B7,
0AD71696,
07110400,
25E012B8,
115228CF,
EDFFF4FB,
0A35F87D,
11091C11,
D906E9F9,
DF37DC6C,
F89CFD7E,
D56EED66,
E3F5CC45,
1D6910DD,
0FB415D2,
FAFDFE09,
320005A9,
17702AF3,
E59BFBDD,
FDB8EF2A,
1EF32533,
E1A60C2F,
DC4AD383,
08E2EF79,
EFE90526,
DCA6D4AE,
1B7B02D2,
21252E58,
FA4F1719,
1C61F9A0,
1DEA22BA,
FC0313B6,
EBB0F616,
0D7B1128,
EF9B0396,
DDDDD8B1,
E5A1DE5E,
DE0BEA20,
0269DB7E,
13F2199F,
22971ADD,
FC3605B1,
236F1713,
0BBD1B64,
FE0703CA,
0535F310,
0AEF1786,
E0F7EBF2,
E3E3E513,
FBAFE951,
D8ECF014,
03A4D79E,
10C50BDA,
1BDA1F2D,
EC600809,
1EE510DA,
10C41219,
100D1425,
003FF576,
F36E0D71,
F16BF0C9,
E7E1F2AA,
F864E7DA,
D650DD51,
11C5F820,
0D560D38,
0B0814F8,
FCACF590,
24EF22E4,
156014E7,
044B1AD6,
1B20FEBD,
F8471271,
F69AEEF9,
E12AE291,
F110F5BB,
D2F9DE08,
05DDECCF,
05C6F7C9,
08250FBF,
F03EEDEB,
12152036,
17BD0E9D,
1184211E,
1486FD4D,
F58FFB8B,
F936F924,
E856F5E3,
F174F610,
E7B1D6AB,
0BD2FD2F,
064AFA9A,
F1950E7B,
0FAEEB6A,
111623BE,
21400FC0,
06851536,
1C0C0F15,
F2FA02A9,
F6C3FD9C,
ECE1E87F,
EC0BFEAA,
E0E2E01F,
056308A0,
1194FA43,
F34B0CFB,
10A0EC3B,
059B1CE7,
1BD6157D,
0AA316A5,
0FF904F1,
F19EEF60,
F152FDEA,
EA20E6B5,
D8EEF7F5,
FB65CEA2,
00FF08AE,
178D1195,
E5C4016C,
1C5FF4A4,
1318177C,
20B01D6E,
F9C2FEEB,
FB1D14BC,
F66BE885,
E0780239,
F7ECE04B,
D866E906,
17A6E857,
06540A04,
17FB1876,
E1E3F75A,
28F3215B,
27211194,
0DB83009,
0E7CEC2F,
EBFB0D98,
00A6FBA4,
E288EA21,
F448E75C,
F48BD2B5,
0FC91034,
07FB0D34,
F1D70C4E,
1E7EE39F,
10792103,
24E318A9,
DA48FBE0,
029B09A4,
EFB3F63B,
DDF4FEAD,
EDEED31D,
D334EA4B,
1387FE0B,
093109E3,
0F7F171B,
F682F677,
20D52F46,
18CA07DE,
F6331506,
25E1DFB8,
EF17FC2F,
F61FF3EA,
E5E9EA73,
E949FB7C,
1517D61C,
10DB1A1B,
1EEB168A,
DE760ABB,
259D26AF,
0F401302,
00DD0FCC,
F7F5D3A7,
FB071B52,
E7DDEEBB,
D741E808,
01DFE17B,
F20ED772,
1D730B7B,
18440B65,
022421DD,
2960E63B,
F74E14CD,
17B60854,
D22CF1A5,
004D23CF,
E509EA7F,
E07EF443,
F66FDE98,
CE15EF71,
13A1110C,
184F0C24,
15CD241F,
231EE127,
FEAD1865,
094802EF,
E4CB0083,
2957FE34,
F615FADC,
E2AEE3E0,
F417E9AF,
E2211025,
197AE6AE,
07A7110D,
2610241F,
E65908F4,
00932B3E,
1438EDA6,
EAB00AA2,
1B68DEA8,
EB7B03E2,
F0C6FDDA,
E8B5D845,
EFAF0075,
1B3CCD07,
07BA17B6,
246620F5,
EF9607B6,
151611F3,
F563F4D3,
E7E509BC,
F96BE8C4,
F17A2BB0,
F737F52B,
E4B3D9F7,
0DE7FBCD,
D89FEB5A,
1A9B1B63,
3041021F,
FEC32561,
17A0F4BC,
F3E20D8E,
097C0F63,
E800D5FA,
21BD07A0,
0BE5FB61,
D066EDD0,
03C4EDEC,
D4CFFD54,
20E0FB16,
12FC09DE,
0B073049,
FF9CF3BF,
F1D62566,
0CF0F90C,
E4EAE158,
2785F74B,
FFE705BC,
D52808F3,
00D7D72F,
EF160347,
FCCBDEDF,
06EE10FD,
23B8218F,
FBAFFAF8,
139000FE,
03E6FB0A,
D391053B,
004AEEE3,
08C123C3,
F65A085D,
EDA8D480,
03200622,
D706E334,
11880EE8,
251711AF,
FA501436,
133AF21B,
FE24105A,
F70003C7,
F985DC11,
2C20137A,
00400B53,
D22CEFDD,
0E31FD25,
E89CF9BC,
04DCD93A,
19501420,
09632A7F,
F3C1F6F0,
0E7709EB,
F957FCC8,
DDE6EDF4,
1697F50A,
00F02680,
ED3BF4A0,
00B2DEB9,
F5520807,
DD7BD5F3,
22361443,
2585195C,
ED4BFC43,
18CBFB73,
FA370B20,
E0E3F949,
082BE711,
19662E2A,
F8E7024D,
EEB3E4CA,
047D0F6B,
DA21E73A,
1A79E8C1,
20262496,
F4721C8F,
FA79F319,
FE4826A2,
F11EEE17,
F34FD39E,
2AD6194B,
00570D43,
E809EE4A,
0CDAFDC4,
E58AFC7A,
E51BD6C3,
24682624,
1C421A38,
FBB3E69A,
1E9C01DB,
EA5FFF93,
D757E0DA,
18EBF8E0,
083626B7,
ED3DFFF8,
FAA9EE59,
05240C36,
D549D627,
2AC5EA78,
193A2908,
F0411B33,
096FEE0E,
F7282557,
E78EE897,
F1C5D0B4,
24032913,
FFEC0D04,
F3CDEE78,
0BC4FFA5,
DFA2029F,
EDC3DB4A,
36B01947,
1D362595,
ED92FDBF,
167C0A54,
E75D122B,
EBABCFB7,
18CDE6B2,
182E27FC,
F6D3FA44,
F58CFA22,
02F201B5,
DBDBE1EC,
F820DCAC,
2CC93686,
10D90C02,
F525F50F,
149A00EB,
D649E61B,
DCF9EB52,
2B0104A2,
055A2847,
F8E8FD40,
FC7BF584,
F7070A8F,
E13CDF76,
FFB4E92B,
305A4032,
16CB0797,
F5DFF302,
1C1D0835,
CA9EDF49,
DCD2FC99,
378C066D,
FEC824F9,
FF48015A,
064CED65,
EF880DA5,
EF9BD1F1,
F2ACE4CF,
2D854911,
0CC206F5,
F282F27A,
1F060676,
C78AD9D4,
D848F16B,
324B00AF,
FC4921C9,
FF9C08AD,
0836E9A8,
EE6A0287,
EDDFDE17,
F3DAE857,
359428FB,
0FAE1857,
E76612FF,
091804E7,
D6E80059,
02D9E20B,
1DDEE372,
0E53314C,
00200640,
EDD2F7F9,
F68104D0,
E32DE44D,
E785FA3A,
358EF037,
12F73115,
0FF71441,
020DECB0,
FBFF0812,
EC4ECDD6,
E9D808D7,
370A2498,
090B1073,
F0D80286,
F4CEE481,
E2A5FCC0,
FD15E6A9,
F4EBE56F,
319506C7,
06E31E09,
F03F19A2,
0266E899,
EFE2090F,
F439D923,
0636F01B,
198F28D3,
13C90C10,
FB93F47D,
0035E64C,
E963EE1D,
EC61FC6C,
F30EEDEA,
3789F0F4,
0C1D21F6,
F1602264,
FF53E422,
0AD4100E,
FAA4E853,
F276F6C8,
27F6282D,
0C6715B7,
E6E2ECD0,
03CCE2D4,
FAA70AE3,
EF2AF8D8,
FBE8DF09,
0191F87F,
1E69378B,
0C0FFE13,
F39AEB32,
18F904AC,
D4F9E042,
EC0700EF,
2E5110CC,
F686216D,
F811FE1E,
F19CE615,
F4A0F9F5,
F973EAF8,
F35AE975,
EE30F31D,
3904F6A9,
025D290E,
F0931932,
0B2EE692,
FFA51EA4,
E8C3DEE5,
F1D4E9C3,
2CC02DAD,
0AB00397,
E8B4F7B6,
089CF7CB,
E857FB51,
F223F693,
0287E8E1,
E7CEFEE1,
424D0405,
0CBE2B87,
F6EA1D87,
0E60E8E8,
E665241D,
FD90DCAC,
04C6E2BE,
29CB38BE,
F6A10285,
E0B3F064,
099DF61D,
E422EE2E,
E144F3B1,
05DDE6CE,
E7C4FE5A,
305AF939,
0C371C23,
F3EC1A97,
0764E51B,
F27C170A,
F470F726,
FA0BE6A1,
2B332B60,
02270E75,
D95AEC1D,
0347EDB7,
EC75F932,
E1B6F4AE,
08BFEF58,
EF7F04F5,
1AE0ECB7,
279631C2,
0C57212B,
F2B7E4B4,
02CE0E8D,
00BEFCDC,
ECFEF9D4,
2BCD0383,
0C311D03,
E708056E,
EFD8D8E2,
F316F2CB,
FDF6F6A8,
061A02F2,
F9130974,
ED32F3B3,
04C3F25C,
24871F03,
0E561DB4,
FB2E06E6,
02660006,
EE09F838,
F77FF924,
FA42F602,
FBFAFEEB,
F8C006C6,
E879E855,
FED4FA4A,
0E9600A6,
F10DFF29,
E69EF27E,
FB91EC7D,
08330190,
1C431358,
0E7315DF,
21F42A54,
F7831537,
E973EA6F,
06F2F9C6,
0AD609BE,
04F70173,
FD14FD1A,
F253FCD5,
E95EE859,
F0B8EDAC,
0EB303CD,
0C00152B,
0DCE182D,
0072F260,
F3E2F33F,
0A00006A,
F161FCDA,
021CF705,
0B800115,
0E6B1DF8,
1A4312D3,
EE130F46,
F2F5E1DB,
048DF271,
0AFE06F0,
F66BFEC0,
F1EBFD95,
F5FDF8F1,
E8ECEF5A,
ED73E2F0,
052A00D6,
0E131871,
06570F6A,
032C0873,
EF69F17C,
FB1BE4D8,
FE0E02CF,
10ED06C1,
190708B9,
17BB260E,
175B0D22,
05F72023,
F9310A9E,
E431E06B,
F77CF2CB,
06A0F0B3,
F314FAC9,
000FFD4E,
F476EDDD,
EEDFF6C6,
E804E6BA,
04C9FEA6,
1B6B1580,
055F131B,
07F7028D,
0962076E,
FB68049A,
FE08F82E,
0FC70210,
FF4602EA,
FA8A04A1,
068001B1,
F9660C92,
F71AF878,
FFF7F696,
FFB9003F,
FA75F65F,
014005C1,
F944020D,
F8FD0049,
01A0F8C3,
F0D4F97C,
0556FCBA,
0C470283,
FEB9075E,
FD36FBC2,
00DC00A7,
0D6D0765,
03B505D1,
04F80130,
F820FBB4,
FA5CFC39,
0513F9F4,
FCCA06F6,
00D9FCCD,
FB7DF70D,
024602DF,
FEBEF7E4,
03E308D5,
0321FE48,
FADDFE7C,
07120301,
099910B5,
03E706F1,
F437FC4A,
F24FF912,
FA51F739,
03A00087,
05C1053A,
FA1DFCAB,
FD75F997,
F6CBFB0B,
FAAEFA4A,
0346F494,
049A02B3,
0915FF6E,
039505A5,
13A607F9,
FD2EFFD8,
FB46018A,
FDD4F979,
029E02A0,
0928FF66,
0422110A,
01A00330,
F2B7F8DE,
FD86FF22,
0589FD6B,
0CC106F3,
0CC80F92,
F399FB67,
FD20F886,
F9DBFE77,
F729F69D,
F658F0FB,
028700BA,
FD16F8E3,
FE44012E,
05490596,
F420FAF3,
F51CF33E,
0369FCE2,
0BD10FCA,
04B503A0,
FE61F89E,
045E0316,
FC92FD9D,
FF7DFCCC,
09070636,
06DE04F4,
FFC9FC74,
FF86028B,
04E104F8,
067D0589,
F65B0214,
044F003B,
032D012B,
FFBE080F,
0061FD9D,
021401A5,
FC0A05C5,
FCFCF768,
FE00F950,
FDC00468,
FF00FCAF,
FA23FAB4,
01510492,
FD33FCB4,
FD6AFDBC,
0A00009C,
FB5E03F8,
FBFDF8F4,
FC59FE89,
FD570216,
FF98FCC4,
00150242,
FEE7FB12,
FC5CFD34,
056F00E3,
F95DFE38,
022CFD60,
07B40297,
048F0A30,
FFDD0137,
0361056A,
07F3046A,
01CB0225,
FC60FAEE,
FE1FFF07,
06690145,
FC70FD33,
FEB80106,
003EFF28,
F83900BF,
00FBFA93,
FE49FD76,
0404059D,
07E903AA,
FF0B03CC,
FF94FD06,
06BC0081,
FFDD084F,
FF97FB50,
00F1FE59,
03190534,
F688F9A7,
FC6BFAD1,
015BFCE8,
F545FA4D,
FD64FBAE,
FBCEFFE1,
FDD6FFEE,
058AFF7B,
03FC0141,
FD57FFA6,
0C3E04E5,
042109A3,
FBBC0012,
0807FE5A,
02B60847,
F9DCFE98,
056DFAC5,
08A30843,
F7BB017A,
F95DF50E,
0440FEC7,
02F20311,
037D021C,
0311049E,
0060042F,
FA73F836,
F9B8FAB1,
01ADFF79,
FC3A00BF,
FE8BF99D,
FEC0FDA2,
01620434,
FA6CF9EA,
FD78F85B,
02B9015C,
006C0364,
FF1FFAF4,
077505B7,
03D8088F,
F744FBBC,
01BCFE27,
00C5FE22,
00D10386,
06350362,
017A0236,
013700A3,
0215FD81,
FD430378,
FDFDFC89,
0278042C,
FE330453,
FDD0FC29,
039EFE1C,
01C2037F,
027903DD,
00D8FF4A,
014001FB,
01EA00A0,
0196026F,
0404052C,
FE6AFCCD,
FA4FFB46,
F9B8FA13,
F86EF8C7,
FC22F971,
FFC8FC09,
FBACFC59,
FBB0FBD0,
FFA5FE6C,
FEE6FFF4,
01FCFF6A,
036303BE,
02D604D4,
FF0FFF1D,
042804A7,
FECA02C5,
F79BFC14,
FD30F7F5,
FE2DFF06,
05EEFEBF,
0518043F,
03A40425,
FDD6FFC3,
FD7BFE64,
05B60087,
034406E5,
062903BA,
05050716,
013C048A,
FBFEFA19,
FEB300BE,
012601FF,
FED20246,
067800A1,
00090501,
FDC3FF36,
FB77FCA5,
FCE3FBA2,
0225FE31,
012CFF5E,
FBC400C9,
01F4FBAF,
FE78FC86,
FBCFFE47,
0104FC9B,
00420497,
020901D0,
FD0E01CF,
02AD00AD,
018A019B,
FF7AFE21,
02C9FFA8,
00E00109,
FC61027E,
FE93FB52,
FEEA0089,
FC920035,
FD7DFD30,
05B90423,
012B0419,
01F4FC2A,
FF0D00D1,
002E024B,
0259FF01,
056E0594,
058903CF,
FFFC04D3,
FF10FF06,
FBEEFE3F,
FED8FB60,
FD56FE0D,
019101C6,
FC10FD3C,
FC60FE0F,
01BAFDB4,
F855FF77,
FF1CF89A,
00A1FD7A,
003802B1,
FEE2FC9F,
FF1000C3,
002FFF24,
FA1FFB15,
0237FCB6,
FD830039,
018C0236,
023F01AE,
03E20416,
FE3BFE13,
FCEBFD74,
06A000DB,
027D04C8,
069002B1,
030B0656,
012B050E,
FBF6FB4C,
039DFF93,
02CF0327,
000A0350,
03DB0143,
004602B4,
FD05FE1B,
FBC2FC3E,
FD42FE41,
FF3AFD4D,
F956FD9E,
0494FD53,
FC52FE90,
F76DFDCF,
0017FB03,
01EE0478,
011EFDC3,
FE51FD95,
024604B6,
F928FD0A,
FD53FB6F,
FF82FC3A,
02350132,
03DF03BA,
010A03FC,
04FB02A4,
FFDC0246,
025B02D5,
02CBFFE6,
04AF0760,
034101D1,
FCC000EC,
0152FD47,
FEF7FF93,
02BBFFCE,
FEE10237,
05010384,
01E0007B,
002E00DF,
033EFF0B,
FED9051D,
FD2AFE25,
FD56FDAB,
FD1CFD68,
F985FA13,
FB9EFAF1,
FD32FC45,
FB8CF8EF,
FC0AFC0F,
00EDFC32,
FFD403EA,
02360166,
05BB00DA,
022B0449,
FEE700D3,
02AB0193,
FFBD0200,
FCACFD63,
FF0CFC7F,
052B067F,
04810575,
FCB6FF6D,
03EC0147,
03D103AD,
046E04D4,
073D039B,
02B8085D,
FF2F03D3,
F9E6F9C1,
FE45FB0F,
FD35FD3D,
FBD2FF19,
FBEFFD04,
011FFEE5,
FF94FD2D,
FA72FBD0,
0090FA68,
FF3A0164,
FB8FFF0C,
0072FB4A,
031F0302,
FD01FE09,
FC02F8A0,
01EA00A5,
02CD0221,
01E40079,
037F0330,
003F0470,
02F20100,
031401FC,
00FE0208,
04D902A7,
033E0792,
FE3DFDA7,
FF14FD71,
FF720096,
FE78FAD3,
047903BC,
00300106,
FA66FB06,
020E006B,
FE6FFF5E,
0125FEE3,
01D9FFCC,
FD8BFFE4,
FC56FCDC,
FC1CF95A,
FD88FD40,
FD55FC3A,
FDAFFABC,
0366040F,
005A00A8,
FD4FFB18,
0366005C,
013200C6,
FEBC00EC,
07240123,
02D305B9,
00F903F7,
FF51FF0E,
FCE3FFF9,
000FFB9F,
025D019E,
013800BE,
007A01BC,
03140266,
00160139,
01D4FEE5,
01A2FF3B,
04030468,
FDBD02F2,
FF4EFF5B,
005BFFA6,
FA09FE64,
FBACF925,
FF70FE63,
F96BFCBE,
FF16FA00,
FFB500CE,
FE440370,
0088FFBE,
007F02FC,
FFA5FE3D,
0514FF0C,
050604D0,
FD7402E3,
04D30049,
04DD0638,
FAFFFEAC,
00E4FC35,
02F702D6,
FFB00187,
00BD004E,
054E0378,
FDDD025B,
FB40F9E2,
01E30059,
FFA80248,
FE8EFD20,
040C01E4,
013B0398,
FAC7FEC8,
FFB7FBA2,
FE65FD50,
F9BEFDAA,
FE0BFC00,
035005A6,
FBFBFD99,
FD3CF83B,
01E0FFD9,
FFA301B7,
00F8FEEA,
08830697,
00260443,
FCB2FC39,
042BFE49,
00D00596,
FF09FE1B,
06B702E2,
01D206C5,
FB80FC9B,
0199FB1B,
031B0150,
FE25006E,
0357FFD1,
0129033A,
FEB80049,
FC15FCCB,
FC83FBC4,
F936F7CC,
01A6FDF7,
00CC017A,
FC1202A6,
00DCFD3E,
FB44FEF3,
FF64FF96,
01BDFFD4,
04BA052B,
039F0404,
01160305,
00B7FF85,
FDB20041,
017CFE1B,
FF50022B,
FEA9FFFA,
013FFDAA,
02FE06DB,
017C001A,
FE3A01FB,
05C8033A,
FEAAFF83,
FC40FF64,
0531FF53,
FEFB049C,
FD0DFCAD,
FF59FD56,
FF6400D7,
FC2DFBE7,
0089FD83,
FFE7FC83,
FB70FC26,
015AFC15,
FCFC00B5,
FFDAFFD2,
FF9AFD0D,
FDCB0288,
0001FEBF,
0298027C,
06C603B3,
FF750154,
02F40122,
00B0015B,
00FF021B,
00F0003C,
02A50138,
029701CF,
FE67FF83,
FE53FDB8,
FEC6FFDC,
00AEFFF9,
FCB4011F,
FEB3FE74,
FFECFFD3,
FFDA02DC,
005FFBBA,
FE120270,
0248FFC5,
FC7C0155,
FE1AFE2B,
FF7AFC5E,
FCDAFDAA,
FA22FA1C,
012B0010,
FE5DFF76,
FCD2FF0A,
00F4FD27,
00A40302,
038B001D,
FEAC0173,
053F0449,
03D20470,
01D505C3,
03C6FC56,
00CD0337,
01E1FFAA,
FFC100F0,
01330116,
FE40FE4A,
00BF000E,
FF64FDB1,
FA9200D1,
FE1BFDA7,
01270164,
012003F7,
00F4FD78,
FF750161,
002BFEAE,
FCB6FE77,
FCFEFD05,
FAC5FC47,
FDD0FF48,
FCA2FC66,
FE41FFDE,
00C1FF37,
FECE00D4,
00F600C4,
007D0299,
00E70381,
FFA3FECB,
03BE012B,
037C02EC,
00B7031F,
049E0119,
013604AB,
0055FDF2,
00B100B3,
020802B5,
FEAFFFFF,
01B204A5,
015C0028,
FE38FDF7,
00CFFDA0,
FE79FFDE,
F955FF62,
FF0CFB25,
FF46FFA8,
FB36FC52,
FF8CFD29,
FF8B00C5,
FBACFD63,
008DFD1C,
FFF20021,
FFAF00AF,
00ADFF9A,
01110079,
033D0452,
01690154,
003402CB,
023302D3,
FDCC0069,
00F2004B,
03980126,
FE980237,
006E0132,
00D9012B,
FED40029,
01AFFA3E,
04CB0349,
039303E4,
FCDCFDBA,
00480061,
FE22FD10,
FA0EFBE8,
FDC7FE25,
FE930075,
FBF0FDE4,
FEF9F9E1,
FD07FD7B,
F9700020,
FCBFFA0F,
004E00BE,
0403FDD0,
FE6FFFB1,
0057000B,
FED20078,
F9A8FEEB,
0227FA7C,
040D0322,
009500A2,
04730CF8,
0E92015D,
07F3175A,
F586033B,
020200E1,
0E9600BE,
0A9F0CA5,
02E004E7,
F9D8F7C9,
01AFFFC2,
FADCFE4D,
02A2FF51,
FFC40271,
F98AFE59,
F6C400C8,
01CAFB9A,
FA5402DF,
03E3FFD3,
0122048C,
FE380740,
0650F784,
03B207E0,
FF340064,
F7B1FD84,
02C802AE,
03BD0189,
F1F5F9BF,
FB3503DE,
0601FCC4,
019F0077,
05060664,
FFCD062E,
012CFF17,
04F1FC93,
FC9003BA,
0012FF7B,
FDBAFE3F,
0903025B,
FB970606,
FFBFFED0,
FED9FB74,
FE66F915,
FA91FA01,
FD54FEBF,
001B0192,
FC4AFB95,
FB57FCEA,
FB7EFA68,
FEE0FF76,
FC27FCBC,
FEAAFDD3,
FFFFFF66,
056E006E,
042504B3,
FFE70127,
02D902AF,
01C1FFA9,
021200BD,
FE67FDB1,
009101AB,
FE940024,
FE62FEF8,
FC350026,
0096FD3F,
065E02C6,
FE3E00DE,
00ABFEE8,
01380147,
03BD03A6,
FFD600B1,
FE57FDFE,
FAD6FCB1,
FB60FD1F,
FA72FC5B,
FEFA00F7,
FCBB0012,
FB62FB90,
042907A8,
0963FC02,
FE81FFDC,
001901A3,
FE5A0665,
FD51FF9F,
01A8FF11,
FBCF036F,
FF530E89,
0744FBF1,
FE27FBAF,
07000334,
0B93034E,
017C014A,
FD93F565,
F6030883,
0032F9DA,
FD43F4C3,
0075054D,
035700DD,
FFE1F6E1,
FA250618,
071F04C4,
F9A6FD74,
FB64FBCA,
08B8FF6C,
FF30FC58,
FFFA0139,
021B01B5,
04D2FF75,
F9BD06E6,
007D0AD5,
011AF50D,
00250519,
07100556,
FBAD01E0,
0172FC54,
050A01FA,
F338032C,
00DCFC01,
0475FE51,
FBB7098E,
F98801E1,
FCAB000E,
0E9BFB49,
07A8F068,
FD0D0201,
00A8068D,
03910207,
0E09038B,
F24AEFD7,
F4FD0A3D,
0193FDEB,
0550F6B5,
0A28E90F,
F937F83F,
F2930C15,
0507F911,
F64FF96E,
FF350CA9,
FE33F20E,
E43F0A02,
060305CB,
E7D1FE18,
084B1BFC,
0EB7E891,
F2560135,
FCDF20C9,
FEBA00FF,
E61EFE1A,
0C760913,
10960CF7,
EEA9F5BE,
1526F1EC,
0E5B0721,
D456F981,
044614FB,
1F2B0407,
F9980F90,
04E8EB1E,
0033014B,
EFE7F28E,
03FFF5DE,
F8050C55,
001DF412,
FDE0F242,
FCFFFA16,
04E50BC2,
06B5EB0B,
F4DF0ECB,
043AFFBC,
FCA0FEC5,
131EFBED,
FF0805BA,
008611CD,
0C45EEEA,
06F402D8,
FB7417D4,
FC7FFEF5,
12C200DD,
FCC30469,
FB62F801,
08C6FD90,
0C681473,
F0E6F982,
00D90B4B,
0FBA02BF,
F75DF73C,
FE32FF59,
FB0001A1,
0280F89C,
F9DAFF73,
00ABFFC3,
F67902D7,
0D6DFE53,
F7AEFCEA,
F89BFC76,
032A0214,
06EEFD13,
FF9708AA,
0104036E,
FB69FAC0,
037CFEA3,
02EC06C5,
04FBFFA7,
030400BF,
FF6306E0,
FB34FA5B,
FFF8FF64,
0661023E,
015E0130,
006E02A3,
FBC9F88E,
FC7CFE27,
0295037A,
FE8DFD05,
02BF01FD,
FD93FD34,
F696FE0F,
0553FC00,
037700F6,
F80A014C,
0165FD22,
F9BAFD3D,
FDD2F891,
02AA04C7,
045D0467,
FCDEFB6D,
005EFD76,
FD3CFF98,
0328013F,
0201051E,
FDDCFED4,
FB2CFC08,
01A9FBE1,
FD2EFFB3,
03010289,
03770386,
FBFC0088,
00E2FFD0,
01AB035A,
034404D4,
04F603CF,
FEB902B1,
FFD50221,
FFCBFF09,
03A60205,
015701BD,
FEFD0009,
FD2BFD24,
FAF9FBEA,
FF7DFD77,
0046FFDA,
FED0FDF5,
FCEEFEBF,
FF20007D,
FFC5FF2E,
FF3AFF94,
FFC8FC13,
FD72FF7F,
FEDAFE9A,
01E6FFE1,
027500C2,
0396FFED,
038705E3,
003E00C9,
003CFFA3,
01C4FFC6,
02B50241,
00C8FEC7,
0187007C,
FF87FF5E,
FF0E0046,
0229008F,
0181FFF2,
005E0223,
FE19004C,
FD0CFD17,
FF50FEB8,
FEEA0186,
FBE3FD9B,
FF36FD2E,
FC24FE51,
FE01FC46,
00D1FE71,
032C0353,
FE7AFFF8,
FF2CFCE4,
014401A3,
009AFE56,
030DFEB9,
041006C0,
01910271,
FFECFE72,
05130119,
FFE70175,
01CC0332,
0450FFDC,
003D0448,
FCA4FC9D,
FEB5FD4D,
011C006C,
FA4FFD53,
FC8CFCC5,
FF88FD9C,
FBF1FE0E,
FB46FC28,
FEBAFF2F,
FD82FDAB,
FDC9FFDD,
04420064,
00E703D4,
019D01A2,
01E50360,
0202023B,
FF460081,
046700ED,
043A0328,
00430653,
005AFF47,
03C10107,
FE420072,
FF65FEE1,
005CFDF1,
00B10210,
FE6EFDDE,
FEC7FD4C,
FD55FDC5,
FD24FB1D,
02F20172,
029C023F,
00130200,
00D4FE61,
FD1DFF3D,
01A00019,
FF21FE21,
FE2CFD80,
FF7FFFE0,
FF96FF44,
FF88FE53,
0069FFB0,
00D90109,
00C10142,
00420138,
FFB60063,
01320010,
FDDA00CC,
0287005D,
FEDD00E3,
FDFA0115,
0163FEF5,
FCC20013,
009700E6,
02CB00F8,
00C5049A,
005A013F,
01E5FF19,
003F0165,
FF58FDB3,
00B80125,
FFEE0194,
007DFED7,
004EFF6A,
FF58FE91,
FDFE0019,
FD3EFBC6,
FE52FE82,
0010FF55,
FF41FD8B,
FF4BFF94,
FC59FF1E,
FDD4FD4C,
FFD9FF6D,
FF89008D,
FEC3FE10,
022E0069,
00340024,
006EFE71,
036A02A5,
00B503D2,
02E8FFDD,
05130411,
01680350,
01FA009B,
033003B2,
033B0340,
011900CB,
015501BF,
00390128,
FD0CFEE3,
FF970009,
FAF8FBA9,
FAEFFDBC,
FF9DFD58,
FAD1FD15,
FB14FA2D,
FDB8FA55,
010D0328,
FF95FE5B,
02EC02A1,
04E903DA,
FC1E017D,
0075FCD1,
FF54012C,
00940134,
0085FF10,
014C01DA,
0041FE34,
FE6800B1,
02FF0119,
0035FF96,
044C0155,
01040174,
024D03A3,
FF2CFE78,
0008007B,
0003002B,
FDFA00C1,
00C7FE7C,
FD8C00BD,
FF17FE65,
FEC9FF6A,
FDAEFFF0,
FDD0FC28,
FD34FE67,
FFDBFE85,
FD4CFF41,
00ECFF99,
FEBDFD56,
FF7C016F,
00ADFD29,
01AB036F,
06570306,
FEA1029C,
022E0067,
FF45FDE1,
000C00A7,
00CEFF71,
FEC000A8,
FF4BFDC3,
FCCEFDA5,
FBB7FE1C,
FD7DFC67,
FFFA00CB,
0347FFD7,
0314036C,
04B70328,
005F037E,
059A036F,
FF5303B0,
020800CD,
0191FE59,
00A30334,
FFB1FF34,
FED3FF31,
02C3009A,
FE6E0155,
FF5000DD,
02EFFF56,
0082035C,
FFF6FD82,
FEE3017A,
03FA0238,
FB85FED3,
0001FDFE,
0187FFD8,
FF6101B4,
0211FD3E,
FFFA016D,
00BC0221,
FF2EFFA2,
FF79FF46,
FE74FDDF,
0039FEA7,
00E300B3,
FD6300DF,
FBC1FE1F,
FC7CFDFE,
FEC5FBD8,
FD27FD62,
FDA1FE21,
01A0FF5C,
00660322,
FF8BFFA7,
FF8AFEF6,
03CB0285,
FCC4FF76,
02E4FFDB,
066D03A4,
010C047F,
02E0FF6E,
016902FA,
00E2023C,
FED7FD20,
002B0182,
01C900A2,
FD770013,
FF00FD91,
00C8FFB0,
01EA003A,
FFCC002D,
00260186,
0079FFC8,
FDF3FED7,
FFE1FE39,
FCA5FEC5,
FC0AFCE2,
FC2CFCE8,
FBB5FB50,
F94CFB9D,
FC1DFA9A,
FD69FB5C,
FE12000C,
005F0041,
032901BE,
04B40331,
02F103F2,
035F02DA,
0203030C,
03AB02F1,
043F02C0,
00A60363,
01D7017B,
01FE01CD,
01AE0293,
02D4018A,
012F02F9,
0380017C,
FFBAFF81,
FCEAFDC3,
FEA4FDE6,
FE66FE3A,
FDA0FF58,
FD27FE6A,
FE7CFE60,
FF13FE6C,
FEE6FEC9,
FCCEFCFA,
FC85FF0C,
FE7BFCF5,
FCCFFE01,
008CFE4F,
FD08FE6E,
FD66FD39,
FF65FD45,
005500B8,
0126FFBA,
025400F1,
016102BD,
014F0119,
047C0220,
03470567,
03E2029C,
012103C7,
00C700E4,
FF09FFD9,
013A007F,
00BEFEFD,
0040009B,
040D01B2,
FFD7026F,
01C50043,
031A0311,
FE86017A,
FE09FF6F,
0124FD28,
FE8B0012,
FD3EFD69,
FE07FE92,
FE3800F8,
FCBAFC13,
FD5DFBB7,
012900E8,
FED1FD57,
FE560010,
00870068,
FC29FD26,
FE49FD3B,
00F70095,
FE77008A,
009EFF7D,
00FAFFC8,
0059014F,
01B7019A,
0302026A,
03530237,
019401D4,
026A014F,
FFA80191,
017200A0,
FECFFF07,
02760271,
03930194,
00EB0415,
00AC00D1,
FF28FEEA,
00BE0015,
FC72FF20,
FD14FC57,
0037FE65,
FE21003E,
FDF5FD3E,
0016FED5,
FE86FE6A,
FF66FE8C,
02F501CC,
003A02D0,
FF69FF9F,
00170028,
FF11FF91,
FEFBFEFC,
0103FF86,
FF2BFFAC,
FD0FFDB3,
FDE0FFDD,
FF41FEA0,
000AFE24,
018EFFFD,
FFCDFF87,
017600A6,
016A0217,
003400FA,
FECDFFE6,
01110114,
FF8E0015,
FF72FDA8,
03EC0133,
01780469,
001F0030,
01490172,
043D035B,
009B007F,
FE9DFF2E,
02DF00D4,
FFFD00AE,
FE8D00CA,
0235FF6E,
013302C4,
FEFC0033,
FFD0FD3A,
FFE5FF94,
FEB8FF83,
00B300AA,
FD270027,
FBF3FC6F,
FBEAFB4F,
FC4DFCE6,
FD2CFC04,
FF2EFD53,
FD71FFB3,
FFB8FE83,
00A400E2,
00560110,
01F10026,
02640272,
00EC025D,
01E202B5,
019B01B1,
0021005C,
01770169,
034C00CD,
024E023C,
016F01B1,
03AF0399,
026C03DC,
FE62FF08,
0153FFD3,
006D0013,
FD73FF82,
FEC1FD45,
FFC5FF39,
FE0CFFE1,
FDE1FC34,
0026FF55,
00560073,
FE9EFFAB,
FEB5FEBA,
FD07FE2A,
FCD9FD0E,
FE25FB54,
FF6E0150,
FE16FCB6,
FDB7FF3A,
FE47FCE1,
FDC4FD33,
0221005D,
001B0211,
03DD0367,
0339020F,
0213030B,
00B50126,
00B90098,
02E8027B,
011101D3,
033800EF,
040F042B,
041D03F7,
01B001E8,
00480204,
01DD0071,
000002D9,
FF73FEDF,
FCA0FD32,
FE53FFC8,
FD0DFC74,
FC74FE89,
FE39FBB3,
FD99FF8F,
FEF5FE10,
FCB4FE7B,
FEAFFF83,
FC7DFC65,
FD3DFD03,
FF6CFCBA,
FC11FEAE,
FF30FED7,
FF01FD70,
FE75000E,
01D1FBFA,
01230251,
03EB035C,
04CF037C,
027D0315,
02F20298,
03690311,
038803A6,
04A8033D,
01B10282,
03030485,
01DB016B,
FFC70103,
0269023D,
FF48FFB9,
009D0015,
FD2FFF68,
FB45FCD5,
FE66FBF0,
FCEAFFAE,
FD54FCDC,
FF4EFE82,
FD50FF45,
FF11FC79,
FDE7FFC9,
FED300AF,
FDECFCB1,
FE68FE76,
FED9FECE,
FD79FE7F,
FF69FC73,
001B00E1,
00410024,
0030FFF5,
01CF0066,
01020193,
04B602C6,
02440386,
01340010,
01420133,
FECB00FF,
0073FFA1,
00DF0029,
0282FFDD,
00760104,
02560140,
000E010D,
01E90228,
022801D9,
FFEB00D6,
FF1BFF1E,
FCBFFF91,
FEC9FDE4,
FD25FE93,
FF5DFE7A,
FE91FF47,
0007FF0C,
FF70FFB9,
0071FF2A,
FE850061,
FE25FEBE,
FE98FE25,
FD09FE6F,
FE4DFDCA,
FD88FE1C,
FD95FF23,
FFB4FEED,
FF77FE02,
014D0113,
025C01A6,
007C00CD,
03670241,
02CB037E,
FFA10169,
002CFE9D,
012D0169,
FE380043,
0093FFAF,
03AF01EB,
01AA013A,
01BC005B,
0284008D,
008F0187,
009E003D,
015400AD,
00CA00B5,
FED7FE90,
FE96FFA4,
FEABFF65,
FD670011,
FE52FD5B,
FD84FFC9,
003BFE89,
000AFF6F,
00BD0169,
FECCFEF7,
FEAD00C8,
FF36FF57,
FF31FE88,
000DFF98,
FE8BFF00,
FEEFFD96,
FE090125,
FF5AFE2F,
008CFE67,
02BD0257,
004401B9,
FF26002A,
0136FFB5,
014E01BA,
01A201BF,
FF26FF55,
030803A0,
017100A7,
0011020F,
034700FD,
017902AE,
02E901C0,
004B00DC,
011D024E,
FF6FFF3F,
0023FFC5,
009EFFFC,
FE92FF10,
016C0089,
0009FED7,
FD1B0016,
FCA5FD04,
FC71FC08,
FAF6FBA0,
FBFCFC10,
FD7DFBC0,
FCEDFDE9,
FDEAFDD2,
FD40FC86,
FFB1FF02,
0186FEDA,
00450085,
00FC018A,
0054FFB2,
004A00C2,
00C8014D,
02B002D2,
024501A2,
032E0390,
03490297,
03320291,
031702DF,
02D00576,
02720254,
02C80234,
02BF0363,
0298019E,
01B5027E,
FF9E00B7,
FBC4FE37,
FDA4FD46,
FECFFE6F,
FEABFEFD,
FD2FFD18,
FE9BFF54,
FEC5FDB8,
FBCBFCE7,
FE0AFC78,
FDACFC99,
FC12FDA1,
FD30FCFF,
FF68FE6A,
FD92FE04,
FD93FD1D,
FE36FDF3,
FE8FFF17,
003CFEEF,
013C00C4,
03EA01F3,
0256015B,
FFF200DB,
015E00C3,
041C02D1,
03EF0254,
053A05BB,
04150554,
04D906C7,
034003DC,
FFA6033B,
0029FE68,
00F1013E,
FF0F01C0,
FD6FFEB3,
0044015D,
0068FE4F,
FD54FE39,
FC24013F,
FED2FEE2,
FF71FE87,
FDEDFD8D,
0005FD48,
FB7EFFF1,
FD69FE6B,
FCBFFA38,
FC30FDC5,
FF52FA39,
FD32FBFF,
FF91FF1A,
FF340069,
00590149,
03FBFF80,
03B60078,
0432FFB5,
037E04D4,
02430085,
02DF0184,
021D0407,
01E40102,
049D007E,
01DE0117,
008DFFB1,
015B0172,
FF7801E6,
FFB7FFF5,
00B0030E,
015F002D,
FF1500C3,
FE09FEF6,
FEC1FD93,
FE4AFFA9,
FF8900F0,
FFC5FD80,
FE6AFCD5,
FEFA0074,
FDB6FFC1,
FE54FED0,
FA05FE3D,
FD65FC32,
FDC5FDEE,
FF21FFE8,
0048FE94,
FECE0147,
FF9300AB,
000B0081,
02B10547,
001E00C1,
001000BD,
03A90226,
FFD9FFD4,
FE5202CD,
02ADFEB4,
FFF90180,
FEE4015F,
01270091,
0174004F,
00EE0353,
02B60126,
00A501A7,
02580147,
01AF0163,
01350196,
FC65FDFE,
FF67FD50,
0058FF96,
FE16FDDA,
FF2EFEC1,
FE73FEBD,
FE71FF12,
FD5BFBCD,
013F0063,
0041FF6A,
FEF801B2,
0097003D,
FF6F041F,
FCCBFCE8,
0192FFD9,
0166FD7D,
01EC00F5,
00B1FB31,
FEA903AA,
0289FF78,
009D0236,
FEBCFBF4,
0039000E,
FF7B0050,
021F01D5,
FFB8008B,
022E0482,
00EA01F3,
01B60074,
018BFF91,
009B0155,
FD5B02F1,
00C300B1,
FD9AFC3C,
FEC6FF5A,
FE55FD1D,
FD080315,
01840046,
00D6FFFC,
032F0185,
01C7FB83,
FF4A042D,
FEDFFDC5,
FDD8015D,
027AFE14,
FEEEFA33,
FD63009F,
FC73FBD1,
FF82FFFE,
FD04FB28,
FF98FDF7,
FDF2008A,
02D602DE,
FEF9022D,
01B40106,
FF0B0046,
FE35006F,
FDAEFD76,
FF2E015B,
03A5FCD0,
FCEBFFC1,
0225FFDF,
FE6403B2,
022E0070,
FE3A005D,
032301A9,
FDB0005A,
04B90545,
FFCFFE99,
041B010E,
FF5AFE59,
025200D3,
FE63FF37,
FEB103B2,
FF340392,
03AEFB6F,
FBE5FA8C,
FFA803FB,
FF59FFBC,
FF3CFF8F,
00A8FCAA,
FFD1008C,
F84501DC,
0418FF77,
00B0FD81,
FE98FDF2,
FBE103CB,
FF7AFF56,
FF1900F1,
0263FF78,
00B7FBA4,
00D0FD40,
FFAAFDF8,
FE54007D,
FEC3035C,
04D2F9A3,
031C00E3,
0A6B00A1,
039DFD9D,
02360396,
022E045B,
01EF0431,
004CFF84,
003600FB,
FBA301FC,
FE920453,
01F50074,
0121FB12,
FCB20023,
03F8F728,
FFB0FE70,
0359FC95,
FF51FD30,
FDE00234,
FB680165,
FF3A016A,
F782029B,
FEF4021B,
FF6B0099,
FCC5FC22,
0155FAE6,
0632F751,
FE9D0080,
049600D4,
00A1FC32,
FFCA09DD,
001101C1,
032A0337,
05960254,
041E03C9,
08D5F670,
FFC70572,
04250259,
0012FA84,
06A0FCF3,
01C0F8B4,
0372FBC1,
FBA2FDE8,
006B002E,
FDD0FD16,
FE0700CD,
03080194,
0043F452,
060BFFBF,
0518F72A,
0A4FF5D8,
FF56FF41,
FC1BFD76,
FD10085A,
FABCF44B,
071AF81A,
FAC2F47D,
02EDFDB1,
FDA6F6A4,
FF50FEA4,
00D90532,
0A68FCEE,
05C8FA43,
FB6EFDA9,
FDD4097C,
F88006E4,
F8970233,
F9010568,
F7670243,
FD5A0E52,
FA9BFA40,
02F80A6F,
0070F5EE,
F85005D1,
0A87FA09,
F70406F5,
0C0C0666,
0353EB63,
019BFD96,
FF62FEF1,
02DDF284,
FD30FCEC,
FBCEFE2F,
FE7B0229,
FC720514,
0B330077,
FBABF9FE,
07E3FC38,
0590FBC0,
F1261114,
F9FB0CB2,
F97B0912,
FDAAF9D2,
FBFA0C6F,
0640F6EB,
0671FFBF,
FEC8032D,
FC5D03CB,
035303A0,
0851F4EA,
0199F2CB,
04AB0327,
0C3DFE99,
F40505B7,
03C20BD5,
FC2107AD,
FAE501AB,
FA38FA1E,
F733FEDC,
0517018B,
FE3E01F4,
0536F117,
F880FD97,
FF5DFEE8,
FCB50356,
008404FC,
FC95FFE8,
F84DFA0C,
00C9035A,
F44007FB,
0244FD84,
F886FF3F,
FFD80039,
F8FFF733,
F4490388,
FCA304B8,
F1B00B17,
FFC70211,
F7350447,
F5320331,
02AD0949,
F3A30C17,
03830DA3,
FEA8FAF0,
F72908C1,
F0D40122,
06B8FDAC,
F493035F,
004A0194,
FBEB0C21,
0026FED1,
F926080F,
043AFCFD,
03800767,
020AFF18,
00A111D1,
02930370,
FB92024B,
F8EF01EC,
FD7AFF77,
00C900C6,
002B02F7,
FE8C035E,
F00BFFA9,
FBEE0A91,
F9ED0244,
02B7F8D9,
FF60FDC5,
062F0083,
02E0F3F2,
FCA7FFF7,
0311002D,
F717F470,
05B40445,
FE1AF8B1,
00CB083F,
FE24024D,
111FF8A7,
F5FBFDCF,
075DF70C,
038E0197,
070C0F3C,
08B70B65,
022F00B8,
FFB6FE76,
FEC501E0,
FE950599,
0289150F,
09B906AD,
00AA0809,
FF9AFDEF,
0393F923,
F5BCF74A,
02F10EA7,
094FF64C,
0057FE9F,
FBF80538,
FF32FC02,
041B01E1,
F291FB13,
FF08012B,
04420775,
FABF0134,
F72F0CB5,
06D0FED3,
E42FFC75,
F546F70B,
F2BDFE4B,
F615F9F1,
F669F63A,
03B3EDD8,
F2E1FF4E,
0553F5EA,
F753F320,
FAB5FBEC,
F9D7000C,
0110014A,
FDECFFE4,
0AD8FA6F,
03C2FE8F,
F906091C,
0E7EFADC,
047F11DC,
134604C8,
FE71FE25,
098D0E40,
0472085D,
FFD50A8F,
0644F6BF,
01070BBA,
FF0F03B9,
F5BDFAE8,
10EAF993,
FDC10980,
FB93F722,
0C24FE34,
F7DAFF7F,
FE0A054D,
ED9C0377,
F88EFB35,
FAA703E8,
F9F800E4,
FA0B0ADD,
06E2FA4D,
F582FB2D,
FB2A06D7,
1005FF3B,
F75501ED,
0B48F7B0,
FD46132F,
0485FEFC,
FC8EF7F8,
09D007E1,
F4580A21,
F8200059,
032A052C,
0D05FC0D,
069FFBD6,
08C6EEB6,
035B0177,
F03AF808,
FEB80691,
06CBF022,
FAF70334,
EB0EF8A2,
F9A2F669,
F2C6FE22,
EDDE1033,
0A01F651,
F3C609A2,
06FFEC42,
F55E019D,
0EE00223,
FE12FE5D,
FE25F510,
FF16F3DA,
0D6813C3,
F2B8ED58,
FA230765,
0E54F347,
FD47116D,
F2580072,
0ABAFC92,
099FFFBE,
0252067F,
0621FC78,
F1CCFDB8,
040D00BF,
FAB0FC98,
081003A5,
0B400B11,
FE690960,
0DA204DF,
FAAAF4EE,
0C1B04E1,
F8DAF959,
015CFC07,
02A3FE5A,
041005F7,
087DFD3E,
FBA80118,
FD62FB0E,
1243FDD3,
F1B20180,
097FED3B,
F4E60AB0,
0BF9094A,
FBAEF7A8,
F362F74B,
FD2901AD,
052DF70D,
FC460861,
09450DCE,
0616F63C,
0BC8084A,
FF5A0972,
0093019D,
EA7E036A,
0D99F73E,
F7410D8E,
F905086E,
07DAF2B1,
F3510065,
FDFA0525,
F8AFED98,
EC6CF85B,
07B5F43A,
0B4F044D,
F63DFD6F,
F4E00D80,
F6EEFF81,
F8FB034D,
EB4C06A9,
F270F1BF,
FA010A6B,
0D97048D,
F31604C5,
FE220C63,
0D710922,
F6C5EA53,
0CCE0FD8,
FE65F9E3,
022F1523,
F8F80A12,
FEFC0CA4,
FD39F27F,
04D2FDB0,
FE17FC4B,
F769FA05,
F795FF98,
F90EFE83,
FC55017C,
0344FE7A,
ED31FE8F,
F1CD069E,
02E3FDFA,
021600BB,
FA4B02BE,
EEA3FF96,
FB66F2BF,
0EA8ED69,
0655F763,
0FFF0B19,
FC48FC74,
00E0ED7F,
063CFE08,
03A9FD5D,
FAA50EE6,
07FCFAC9,
050CF6E5,
F1FBF9FE,
F896055D,
F4D7FA25,
0505F9E9,
03B7023B,
F728FA9F,
FBFAEE93,
F96DF56E,
F0A90214,
007F0593,
FA8AF8C8,
FA0B01C3,
F6800550,
06D3071E,
F664FB12,
04FB0201,
F23308AF,
03E00E52,
E82E0DE1,
F74D0496,
F87BFF56,
07DE043C,
0E6F047D,
FC1A0867,
FFCB05E1,
07F1FF5B,
17E109EF,
072AFA38,
06690368,
FAE50040,
06BF0BC9,
03A30387,
0D3EF6E1,
FD12FD1D,
FA03F35E,
0035092A,
EFA1F3F0,
F928FA94,
0AF60671,
FE1E0140,
F929038F,
E5D9F655,
E8C9FE1A,
F665FE42,
07B00673,
00B7F774,
150BF41A,
0659F67D,
0FA8F349,
0107F83C,
0300FFB6,
0C8B0635,
0B470B48,
FED6FF78,
0BBF1220,
096C0D53,
F4770128,
FA98036B,
087708E2,
FEE71617,
FEA0F8B5,
F974F799,
F3D60E96,
FBED035A,
01E506DF,
07AAF991,
095200F3,
01290290,
F70BF633,
F96EFD67,
FF3CFA8D,
0EECF9E8,
E81E0136,
0760FB93,
F77BFF84,
F5E307EA,
077A099B,
FEBBF9BC,
09D9F838,
006BF4C8,
FCAA0750,
ECAAF4E4,
F96AFC0D,
1049FE56,
FE21053A,
F72E1156,
FE1E00E6,
0EA50841,
E83CFE7E,
FFBAFEC8,
F96CF629,
FE0C0BC5,
0449FDE4,
02380453,
0AC1F746,
FF16F7E9,
0B36F64C,
099BEA89,
E7EE0859,
03DAFB76,
EA9A0BBB,
F9B1F249,
04E30F79,
FEDFFC9B,
ED590C47,
18030194,
02A1050F,
061900B6,
05591882,
FF84F810,
FD44FA86,
EF7E00BA,
E081F4A2,
F8FDF6C3,
1B67F6AA,
EAD90C5F,
037EF912,
F9620755,
F9C7FFBC,
03F8FB37,
0D520A48,
0011FD6D,
FED0F341,
056EFFDA,
F927F0CF,
F99BFAB5,
0470FD86,
0102089A,
FD2111B7,
E205FF5B,
03B40600,
024E04FB,
F8FF0104,
F6AD13F2,
F9CDFC35,
0000008C,
FB5701E4,
F8A703CB,
031A02DE,
0765EA97,
FD9BFCD5,
07040359,
0139036A,
01F5FF90,
106001F5,
11F5F9C9,
03CF02AF,
095EFF6E,
03B5078E,
F997FE75,
061F0753,
04AAFA47,
F533F5F1,
FAF5F890,
EFDA0196,
EE6C0958,
F96FF525,
F78CFB8B,
004509FB,
05BEF2FE,
FE3DFC75,
06E6F860,
104109F7,
0EFE1862,
0B690D04,
154B0F27,
113F0D77,
01CB04E0,
030105F9,
021001C0,
FA29017F,
F440F980,
F52EF83A,
EF6CEEDB,
E9C4F9FC,
F73AFC4F,
E9E3F90A,
F642E777,
E995F968,
F1B1F074,
03E6ED2A,
232C1AC5,
040E1016,
28240FBC,
1BD029C0,
FE810401,
0888FF8B,
F9A0073A,
EE33E7BA,
165D0522,
EA56FEC8,
F841E1ED,
FEE9FD95,
E294E8A5,
F0DFEBD6,
F4B6F2A0,
F1E4F3B6,
FD97EAFF,
FFE8FBAB,
2ED0157F,
204F1F43,
231A18CD,
2D2C2B63,
012E0B0D,
F470F0F4,
FA32FC05,
E00BE651,
146AE6DB,
109C1E89,
F0C2EAA1,
0639F789,
DEFCF4DD,
E4F9CB6E,
E9C8EDE3,
E69FE378,
F18DE475,
1E740287,
1F532A19,
0FCB0C23,
2E7126E1,
08CC28F3,
F134FAD4,
FC7EF58D,
E88DFAC0,
EC54EB0D,
232E0845,
0E1B2979,
F1F3F710,
05C5FF5A,
D5AFEF43,
E6D2DA2B,
F225F179,
EBDCEA4E,
FF97F7DA,
30FB0D62,
189C2CED,
17690B8F,
250C276B,
EDF2069A,
DEC9E374,
FE67EFD0,
F2DC0366,
FD3BF8AB,
259D1A66,
F6CD1E57,
E328E2F3,
F5AFFADC,
D70BEB69,
E7EEE8AA,
F27EF4E5,
F1DBF757,
052AFF19,
2F782F5C,
04121B4F,
11E108B9,
079117B1,
E78BF7C3,
EE39DF82,
18CC0B95,
03961317,
18220811,
1A782ADB,
D241EAA0,
F7C9D88B,
F8E6FC99,
E583E694,
FA89E54B,
0CB7FEF0,
FB210072,
299202CE,
14D72753,
01F50263,
0076FBEF,
F9EF04A6,
E4C3D849,
0D33EE71,
1459226F,
0CBF2515,
18B90ECC,
E153EC6B,
C727C635,
FF73FE87,
E6D801E7,
FBE8DF1F,
DF2CF7DE,
FE5FFAC5,
23831B59,
124E1297,
09050CBA,
033305C3,
FA38FFB0,
E059CCCF,
1B56FD8B,
21A32DBA,
0D312041,
F9560A78,
C684F168,
DBCBD62D,
FAEB01C9,
F4E10991,
E5C0F317,
F656EA57,
016C1116,
32042CD3,
1AEC2DF1,
029011C8,
042B013E,
E3DBFEFE,
F794DA8F,
261905AA,
1B7B25FA,
10D5271C,
F91EFC01,
D768D480,
E8F6E4C6,
012EFB6A,
F16C0060,
EDA0DD13,
F844ED82,
0AF0074E,
315626E6,
FE7718E9,
FE3A0A6A,
FA8A0088,
E44FF453,
0785DE89,
207F1085,
23662B47,
101511B4,
E61AED77,
E653D321,
FF7BEAC8,
112C0BDE,
EB8FE9E6,
FEDEF2AE,
F9EBF5B0,
36230A65,
1BCB2335,
11950648,
F25EED79,
FE0408A2,
DE71E2F3,
017BF4B3,
252021DD,
131E27AB,
F8DC0974,
C5FDDCAD,
EF51E555,
04F2FC96,
F3F30A09,
E6E0E763,
EA20E841,
FF03F242,
1AF028DA,
FBB61900,
E0140A4F,
0278FACD,
E1E8E9DD,
E64DD91F,
1C57075A,
2F382C7F,
11951DEF,
D866EBC1,
DC49CAE3,
068AF524,
06D21121,
E9CEEEF4,
EE4DEB09,
FD5AF562,
247F15CC,
2403236F,
0D6F0978,
F823F581,
F06BFD07,
E85EE5BF,
088B0B0A,
2BCB2B7D,
17C12713,
D8EC0152,
D847D1B1,
FBA3EFB5,
0BCB0CFE,
EA430AAA,
E53FE949,
EB96E46B,
108E03FA,
16562B7C,
223429FC,
E92AEFDB,
E0340604,
E718F0B6,
0241EA17,
3BE602C0,
F3BD4980,
1635125C,
B0F9DFA9,
2DE3F4C2,
17E0EB05,
E4E4225C,
002F1C53,
FC82CF22,
0E7EE144,
4F8531B2,
2ABF0F99,
EEF7153D,
E15C104D,
DB930447,
1373D2A5,
2D2601D3,
1E3523C0,
FDAA074E,
CBAAFA82,
F8A2B9D1,
0DCDEB86,
066D1CA1,
FBE6E12E,
D1D6DEB1,
F359EE9D,
1EE7FD25,
214C18F9,
0AAA17AD,
F565FDF6,
E513E8D3,
FF39D76B,
EEAAF16E,
2881310C,
17DF2559,
DCA60491,
DFBCD4C3,
FD7FECF5,
1B421F4D,
FABF009D,
D4BFE30B,
FCE9FA1C,
156FF277,
26DA1C60,
123529EF,
030FF9BC,
E01AF70B,
090AF81F,
F142F8A5,
2C9F1988,
28A51C66,
DFD90891,
D3A7CB65,
0A41E722,
1A5A21CB,
042115B1,
F14BDB45,
ECE9EFA8,
0162E021,
12D2127F,
134434A2,
FB8F1530,
E1B7F1A1,
E9EFE883,
0E2CE450,
21D503F9,
1E9114DF,
FAA21887,
C53BE5CE,
EE8BCFDE,
1CB5F951,
14331E45,
EE74EF37,
EF71EA3E,
E3B0F449,
1A6713E7,
161B2908,
FE7C1F7A,
FA5FEC0F,
EF38E7C3,
FA08F2A9,
156309E6,
228E3448,
0DB22A05,
DE15F594,
E076CDC1,
0DB3F0E6,
10821221,
ECF9047F,
EA19ECCC,
F355EF57,
249FF3AF,
32211925,
18A41828,
E51BFDA2,
E26AEE1D,
EE79EA32,
03D8009E,
2DC3169F,
1B72149E,
F68D08A7,
C77DCB03,
EFE0DF60,
1F370BF6,
FED610F8,
E816DF30,
EB52E24E,
F29AEFF9,
1C101E63,
206A3685,
01A21DDA,
EEFCEA3C,
F1E3E2AA,
0194F0B9,
103104EF,
262329EB,
10E223BF,
D294FBB3,
E794CCB8,
164EFC1B,
0DB720EC,
F08F00EB,
E5E9E34F,
F2C1F2AB,
0E3CF137,
2E541B07,
1F7422B9,
E5B81145,
DDFEE671,
EF54E577,
10C501A4,
25A909E8,
186C1225,
FE520FA4,
C486D690,
E79ED95D,
21630CF4,
06E61473,
EB03ED65,
F213E053,
EFC0F357,
2467FB89,
2A8C20F3,
12FE2342,
E92CEDE8,
E7F8EDC9,
F7D7FE4E,
0ADB1395,
24731A21,
1E0B1B8E,
F3010258,
D541CBCD,
05A9E14B,
1BB42679,
F3D411F0,
E4D9E603,
FAC3E658,
E9E1F154,
2095026F,
1FCB2993,
00991BC2,
E779DB56,
F098DFCE,
0A10029C,
03D4105F,
120E2058,
09281836,
D33DF6C9,
D95DC212,
1088EFC9,
157A2675,
E0110052,
DE94DFCF,
F92AEF93,
F9BBF7FA,
1761191E,
219D39B7,
FC721C44,
E924E00C,
FFF3E25D,
19E60087,
0E4D11D4,
0E9E254A,
027822AF,
D4B0FA86,
E743D15C,
1BBDFF19,
130D2380,
E28CF366,
E191E155,
00AAF782,
F2EC0029,
19D30714,
22122849,
FF3117DF,
DF5EDA1E,
F108E097,
13C50E7C,
FF4E1BF3,
00BA1980,
0EC51184,
DFF1FC11,
E0C6CE91,
0F33ED80,
0DC61D46,
DBC1F75E,
E562E1D3,
042DF819,
F359FABD,
117210B3,
1CE232BD,
050F21C8,
EB20E17A,
FDA9E2DE,
1C44069E,
0671177A,
FF321BC1,
0AA01920,
E0380A58,
E554D6CD,
0FB0EFD8,
120A1E44,
E189FEC5,
E655E7B4,
01A8FBEF,
EF56FC90,
15C8ECB4,
372913FE,
16991D01,
DD48F8FF,
EA7DEB1D,
117F0997,
089719C8,
0F03FD94,
1F39070E,
FBF50ECD,
C65AD335,
F383E02B,
18C512EA,
EDC00A30,
E64CE0E8,
FC5DECC4,
F5CD038D,
20C7F2F4,
2E6C0F0D,
13AC221A,
E0E0E91B,
E38AE0F4,
063E0296,
0EE923A0,
1976118D,
1E2C0EBA,
00B609A2,
CEE4CA3D,
F24DDE21,
1FEA1928,
F0B81AC9,
DF2DED9F,
FC9CE43F,
FBDA00BF,
F55EEEC6,
14CA1F60,
20563A70,
E68B08D4,
EE07DED0,
18D9EC78,
1CF007B7,
07E70148,
0D8B1318,
FDC31F1A,
CCFEEE1A,
E675CF56,
263CFEE1,
05141235,
DCC6E39F,
EFE8DF05,
0ACE09CC,
F45DFBC2,
0E6B20CD,
281B3728,
E8D31D12,
E333DE84,
0ABBDFC7,
29EE098A,
108508B8,
01F60F21,
05761C24,
D16E0234,
DF94DA2B,
160AF7E6,
11FA1ED4,
EA7BF67F,
E8AADEB3,
09B401B1,
FC0F069F,
0004F3A4,
275619DB,
16A6285F,
DBC004AA,
F326E831,
1F8B03C1,
179D0D57,
FF23E829,
19ABF91F,
05481983,
CCD6EB86,
E557D041,
13DEFE8C,
085B0DAD,
E5A3DEAD,
FEE2E981,
09A10A8F,
F176FBD4,
02651C9D,
1F512E17,
E9EB1DB6,
E403F4EF,
0805EBD9,
229803C0,
0E97FA69,
0DBC047E,
12DE237C,
DC560C27,
D884D7BE,
16D3EB8B,
217C143F,
F344FAE7,
EE4EE44B,
099AFD43,
01D60952,
F622EDBB,
1E191A3C,
23DB358C,
E659148E,
E357DF7D,
0D97F27C,
1D770458,
F909F909,
0A81FEF2,
0B40191C,
CDB4F99B,
DA16C5B4,
1C04F209,
146E1599,
E4D0F02B,
EF44DE29,
059602B0,
F269FCA0,
0EA5072A,
233F285B,
0B9D1D38,
F1BAE2F8,
FB98EA07,
15D90D26,
04461B49,
F07C1D19,
0A4211AA,
EDE31365,
D724E3CF,
F445DC98,
101615E6,
F3771601,
DFC6F3BC,
F8DCF5E3,
03D4084F,
F12CFCE3,
186FE543,
313D1685,
1AB91E9E,
E8F3EC41,
F0DFEC82,
FD6A15F4,
ED731158,
F4EBF9D4,
16B50668,
00301037,
CE6EDD5B,
E386D1EB,
12850B61,
FB6E15D9,
E760EFE5,
FFB2EF0E,
04BB0B70,
EBD6F9F6,
0B050F39,
2572327C,
07732E8B,
ED16F53B,
FD9EEA03,
12F9F96E,
FFFD023E,
F7830547,
06970B90,
F41B1906,
E1B5F564,
EDA6E021,
0F8104A9,
00AF0FD4,
E465FF60,
EC7FEAE6,
FE3506D3,
FA4C0387,
0D79E7DF,
2C9E0B15,
288826BD,
E8A206B0,
E753EC07,
FFF6FE73,
04EB1134,
F99AF918,
0CBBF1D0,
1D87185A,
EA58FF76,
D816CF53,
0AB5EB85,
16B8164C,
F028FCBB,
F189DD4A,
12D1FB25,
F5BE0F09,
FDDAF2E0,
14100DA7,
20BA2856,
F7282253,
E5ABFC48,
F840F722,
08C8105A,
029A042E,
0B7AEE62,
1F03FF58,
01A60199,
DC5DE48E,
F338DCB1,
0D26FF41,
06D90BE2,
F696F312,
FD31F5B6,
03F10561,
EF8BFA7A,
FD82E7FF,
23061051,
222023CF,
E9E8145B,
E801F827,
F8E7FF78,
07EA104A,
0670FF68,
0F1EFDF9,
10F301F6,
EDE5F4D1,
E68DDF81,
007AEFE8,
155E09C3,
02370A2D,
ED7DF14E,
EF15E700,
FD9DF68A,
FB2AFE0E,
1D140CAC,
171711FE,
08540A98,
0E6FFAA3,
0BF504E5,
149E0519,
09160D20,
FC07086A,
EB02F7DD,
F1A5FBE2,
F19BFFD7,
F7380065,
F7380053,
F338FECD,
E8C1F076,
F84EEEFB,
0EDAFE89,
047F067A,
F084F3C8,
053AECC0,
10400C08,
13A91329,
05660F66,
0CA1129C,
02981042,
FBBC069A,
FFC8F7C2,
0BBA0320,
0CB306F9,
F358FD6D,
EAACE272,
F090EABC,
FD05F26D,
019DFC79,
F3FBF86A,
F4A9F62A,
FAE2FF98,
F1D5F942,
1953FFFA,
1C9C1395,
220B116B,
180004DF,
0CF60CAE,
09710A59,
046A07DC,
F9D30887,
F4D60974,
F23B03F6,
E549FEAB,
E706F1B9,
EEEFF49A,
FC08011E,
F61F030E,
E4C4F04C,
F187F57A,
013A022F,
F3BCFF5C,
EA45E936,
20BA0876,
21F01B6C,
0A8D1854,
0900FE21,
14420E21,
0F1E0A4F,
F9A9FFA4,
FB7DF7C1,
0DE108D7,
00020D8A,
E3CAEE2E,
F58AEA4F,
FB7AF4C0,
FF7FFDA7,
F897F4D9,
F0D6F42C,
F6ABF1BB,
0620FBDF,
FC5C0070,
191511FE,
195012BD,
135C20EB,
0BCF0C1C,
03EA08F3,
0D3A053A,
03940544,
F5ECFF21,
F5CAF2C1,
FB4FF5EB,
F394F3FE,
E895E8CE,
EEF5DDFE,
FC24F1CE,
F9A8FB43,
F2C9EE89,
05BAFC3C,
0CDA0AAC,
FB270057,
F6E7F2C8,
199F0531,
1B4E14C5,
148D1D97,
10E70871,
10300CA7,
0E4E0A5F,
03E806A0,
0174FA41,
02D6FB8D,
0014FFA2,
EEECF70A,
E1AEE58C,
F2A9E533,
07B1FE12,
07A10A18,
F721F177,
F46BEAE7,
0595FD08,
F6D20280,
025AED0E,
18100FC4,
26FD265C,
052A0C2B,
0310FFC3,
0E910ADB,
04FD0ADC,
F220F961,
EC95F37B,
F853F85D,
F3AAF919,
EA65F3E8,
F1C7F3DD,
F8FDFD2D,
FDC900DE,
F8E4FE95,
FD1200A2,
0240FF2D,
03E706A4,
FAA9078D,
F867F42C,
13A1144C,
24AD1F96,
03371AE9,
01C0072B,
09E8024D,
04210BF4,
F867009B,
FE30F449,
03DEFF11,
FE06064F,
E830EBD9,
E6A8E4AD,
FAF0F775,
FF3702C1,
F0B3FF42,
F54AF8BA,
FE09F73C,
03600184,
F9420128,
0954F577,
0F7D125F,
13AA1EE3,
05C704E0,
0D990CFA,
13280F2D,
02B20515,
F3B2FC40,
FCECF8D6,
FD5CFD75,
F54C01B8,
EDA6F275,
EB8DEC6B,
F7ACF585,
FFB3FAF4,
FEF9002F,
FF00FE19,
03CDFA73,
0534033D,
FBAEF8F7,
F3F8F3F4,
18EA0F00,
1DB51951,
01A31B70,
0B9501CF,
0E3F0504,
092B1396,
FBC4FDFA,
F3FAEB30,
FBC7FC3A,
0585FF08,
E941ED96,
EE6EF213,
0471EDDA,
F66800FA,
F3A9FD51,
F704ED94,
009302F2,
0523087F,
F273F90C,
EEE2F578,
22810EFF,
1D461B0B,
06242321,
0D26FC6B,
09E2119C,
041C1192,
F2EEE977,
F69FF51D,
0A190578,
F706F8CA,
E3C8F111,
F96AE87D,
F910F590,
FD36018B,
FB4EF442,
00DFFD3B,
0CF70795,
05FD0543,
066C0237,
FF8F00F6,
FEBDF7E4,
16211226,
150E1429,
FB571234,
0C1CFD81,
08F50AD7,
F7830723,
EF40E8C1,
FAE7F9D8,
05B30242,
F2A9FC97,
E6B0EADA,
F691F0DF,
FFF001E6,
F0DBFC7E,
F6CCF6BF,
0761FCC8,
04AA0DD1,
F8FA00C1,
FD43FE3F,
053A06D1,
10F306B5,
0E191A70,
15CD0E01,
05760CAD,
0EA60B25,
FF5B03D6,
F735FE80,
F1B0F5C8,
0090FC71,
FBF806DA,
FB350131,
ED57F8F7,
F2FDF47F,
F52FF818,
FA61FBD6,
FF790044,
012E0562,
FE8B03E9,
F7C1FACE,
01EBFBCA,
FD4AFFC0,
FF2DF4B5,
168F1260,
0D5809F6,
FE72069A,
095B010F,
0DC70E7A,
F0580424,
FA03EF61,
F7A9FAA1,
FE0D002C,
F972F96A,
F667FB35,
FE90FFD0,
F82EFB37,
F31DFC06,
0105FB49,
041B07DF,
00100393,
05810371,
008604FF,
F76FFF27,
0BA4F913,
1ECC25EB,
0C121787,
058D0215,
0A4A103E,
085F08E3,
EE80FD57,
FE77F22A,
FE750189,
EEFFF92C,
F3CFF113,
EBB6F2CB,
F573F50D,
F254F60B,
F6D9F66B,
FD00FDCC,
F7ADF913,
03E1FF12,
05E2040E,
011509E4,
F40CFE0A,
0949F13C,
1CC81EC2,
06C40E41,
0C6503C5,
118A19B5,
06490874,
F6EC02E6,
01D8F885,
02CF077D,
EC0BFDCD,
FD56F86E,
F493FF3E,
F579F422,
FCBCF51A,
FE5FFC2D,
FDA40097,
F5FAF4F4,
0697003A,
04680741,
FA8C014E,
F7F7FBB4,
0A50FB0B,
11441AE9,
FFBC0585,
146A065D,
0E3520FA,
F8FAF9E1,
F4E5F8C8,
0330FD95,
FC530106,
EC95F61D,
0207F763,
EC6101FB,
E538E615,
012BF12A,
0118082A,
FB06FDD3,
FABFFAF6,
04280143,
FA2C01CC,
008DFE29,
07830669,
0C530660,
12C0190F,
071E0E67,
16BA0BC8,
10C1203D,
FBCEFCA4,
01E700AF,
FC71FF68,
F17FF455,
F287F587,
06B3FF50,
EDE300EE,
EC1EE8CD,
FD72F780,
EE29F72C,
FE76F679,
FDEFFEA6,
FFCC02D1,
FA4B0002,
FB2EFD76,
FE98047C,
0543F72E,
1DAE1A53,
081B0D8E,
1121056D,
0E411DF9,
FA99FFC9,
07810615,
01BF09C5,
F259FB56,
F413F40A,
0201FE7A,
E46EF6D6,
F9A7EAA6,
01350411,
EA34F7C6,
0038F674,
FF3A0263,
FAB2FF4E,
0165F801,
06D70843,
F67E0239,
0C6EF750,
16BF1D2B,
02FF0602,
1AFC0DD6,
0F431E38,
FC97FFAA,
07CB04BB,
FC260528,
F0E0F05A,
FF89F8D0,
F1A9FD93,
E46BE4C3,
FC41F31B,
F5BDFD4D,
F7B0EF72,
01D3011A,
F977FBDF,
FC9DFA7B,
FC43FFF7,
FB97FFBD,
FB40FF7F,
180103E3,
05A51B82,
03D8F6F2,
238D1A22,
021617E4,
08BBF9C1,
0E4C129F,
FA1F01F9,
F7D3EF9D,
0308FFB0,
F1AB01AF,
EE62E404,
06B20456,
F218FB14,
FC76F245,
FC3D0450,
FB50F86B,
FD7CFF43,
FA0EF8DB,
FEB6F753,
FD23F945,
13230385,
019D0FA5,
0C92FDDB,
1256131D,
FAE20396,
0A90FC8C,
08E20CA2,
FC2B01BC,
0138FBFC,
FAF00188,
E8A9EF64,
051BF45D,
FAA908E3,
ECA9ED34,
081AFB32,
F66CFE6A,
FA5CF31F,
025FFDA7,
FFE7041A,
FFF6FB54,
FCB2FB6C,
0D22FE76,
043008F8,
123603E0,
147F1A2F,
02200C50,
173D0929,
005113A9,
FFBA0000,
02C306F5,
F864FA2A,
F46CF44C,
FA5EF808,
F366FB89,
F001F795,
FAE5FD3D,
E8F501B4,
F454F5F8,
F6F2FE38,
F977F7CF,
F715FB70,
FE69FAE8,
099B0367,
FB130151,
1A3D0731,
0F97179D,
FF170177,
147D0E46,
03D40BC7,
FEA9FEEE,
02D6015A,
FE9201F9,
F700FD24,
01DF0149,
F606FE08,
FBB2F4B1,
F3B5F8A8,
EFF4F8F2,
009AF8E6,
0158042E,
F38FF55F,
FECDFC01,
FD84F622,
04D80A22,
0110F709,
1ED30DC6,
07C21526,
0C47FFB1,
0E4313FC,
029804EF,
095203B0,
FC150159,
F696F43A,
F612EEDE,
0130F77C,
FC30EEA4,
0805F8C3,
F6B3FF85,
022BEF23,
F4D0EDF8,
EF6900CB,
FE3D0086,
F6E7FFA3,
0BE701EA,
F881059B,
100D0027,
18F81356,
0D861507,
14431494,
08621028,
FF6D0187,
058FFEEC,
F56806E4,
F81DF2E7,
FEDCFBC1,
F0DCF4CF,
EAD5FA0F,
F261E853,
F4200D71,
EFCBFE58,
F385F003,
FBB4F62B,
FE70F954,
0DA004C2,
F8D5FEB0,
1716FE54,
0B291780,
0A830727,
1B810ED5,
0FBE18A8,
F8560767,
048C010A,
F0FBFA9B,
EA26EEA2,
022AF98D,
F6E4F308,
FB4FE752,
FD0CEC09,
F49DF6F7,
FE58F997,
01F4019D,
F547FE1B,
07CDFD9C,
0D5C0E06,
FD55FCE1,
1C101AAF,
11831D81,
111308D9,
197E1502,
048D0F14,
026FF43C,
07C3144C,
E05FF4E9,
F470E66F,
F7430764,
F1C7D89F,
F36904E8,
E4F6F951,
EFEFFFFB,
0355F326,
ED9DF5DE,
115DFA37,
FCD0186E,
08B2FB37,
20861C2B,
0F5F1D20,
10DD0A00,
17AF1DD2,
F29E0FE7,
FC37F04F,
F67B0D2D,
E8C5E581,
F5AAEBA0,
EF39F777,
E9CAF3A9,
FE4FF535,
E53AFF04,
0000EB1A,
F1160275,
13EBFBD0,
FC12010B,
22830E72,
20442417,
162C16C0,
17BC1AF2,
0F901AF8,
FB5D0864,
066B05FA,
E763F857,
F5B3E862,
F570EE04,
EBDDE469,
E9B3E35A,
F2C3E759,
EAA2DF26,
ED3BF4F4,
132EFA4F,
FA6D1DCD,
171C005B,
2CFA3488,
0ED421EB,
173C0FF3,
0F0E1811,
ECE2FE05,
FEACECB4,
EC89F31A,
E98DE226,
007BEC0F,
E55BF8BE,
F508E76A,
E73FE369,
E882ECDF,
1B3DE526,
097133C8,
0E290382,
2F3D2925,
0B0826F1,
05D90A4C,
13651446,
E48104DA,
F960E674,
F8050742,
E1D2E447,
0892F18C,
F472F86E,
E85FE1CD,
E9B6E760,
D732DC9F,
2558E583,
0AE11E05,
15161270,
259422BF,
0F5E1BE0,
F2EA005D,
043402B4,
E6FDF2CE,
FD84EF00,
EA82FC70,
E9A7F4BC,
F4BAF3FB,
F38AFB1C,
E445E3C1,
EB35ED3A,
29ADEE94,
013126EB,
1E3C01C0,
30E62AF9,
136C2AD5,
F82D0619,
02EB0519,
DBD7FE61,
E6D6DF6E,
FBA109C7,
F255FF3B,
F9B5F676,
077D0F4B,
E15CEE01,
DF7AE246,
1DA7E458,
05F12E6C,
09E8F5FC,
29DC1DB3,
19DD29A8,
E63001B0,
05A5F083,
E9B8073A,
EAA3E4A2,
F390F607,
FD5A0465,
F56EE7D3,
025702EF,
E51EE9E7,
DC99DD90,
33B6F9DB,
076B23A2,
0F1DFFDE,
305A1D42,
15EC2796,
E2F0E067,
0C39F9DA,
F90E0327,
E362F204,
2285042C,
F3F42BBB,
E978F37C,
F66DF7B4,
EA91FDAF,
D1ABE2EE,
2627EEDB,
0ACD20F2,
078907AC,
1FC70480,
0D992D6F,
DBAEE455,
E56FEBD2,
0B4901BB,
E81004B3,
0E530338,
FBA40BD4,
E3B50093,
F2CBEC92,
DE9EEEA1,
F524D9AF,
21942E34,
11A41AD0,
FB30084C,
282C172C,
E93B0D3A,
DD89E2BC,
079EE2AE,
0CE413B6,
0D9F017E,
07780030,
10EC0E20,
F1E4F044,
E748EF0C,
E9EADE5F,
1F59DB99,
1BD035D2,
15EA1F02,
0E3C0286,
14AC30C7,
DAA0F10A,
E206E219,
1250FB5E,
049A240E,
11710574,
F0F2F8F9,
ECF3039D,
EFDBE24C,
E0CEE774,
EB8DDE77,
28B92653,
19F8149E,
F78E0EA5,
28EF08BB,
F58005F8,
E195E442,
FA46D890,
1B991703,
08EC03FB,
EFF80918,
FD0FFCA0,
E535E6DE,
E7A4F2A1,
EC64E3C6,
0306EFDA,
264B2A65,
0E432467,
04CB0B5B,
12CC0E94,
E3EA055C,
DA19E1F9,
14BEEF58,
1C0326FC,
14261152,
F87AED73,
FA50FB97,
F660F077,
E4DFE55E,
F278E0CB,
2C3A2C5E,
16AC1D90,
EF48004D,
1B260205,
EF39FC5B,
DD57E5F1,
FE72DD88,
255521AF,
0FDC1A3E,
E22DFDCA,
FAD8F028,
F3A0F2C1,
DB9AEECF,
E580DE97,
239EEDFF,
174F24A0,
06A80EAF,
FE9CEF0A,
03DF157C,
ED05F42C,
E4A6E03A,
2A71FD2D,
247132D5,
06070E5A,
EC05E1C1,
FCE3FD52,
F3A6F79C,
D9F6E10B,
0EE7E821,
31CA3E29,
0B021F0C,
ED2FFDFF,
12570BD1,
F53300F7,
DA29E27C,
1A8EF404,
28BD2E95,
FD3F172B,
E7F1E256,
FD6BEE96,
FBFEF305,
DD7AE8BC,
F2EFDEF2,
2F2E1C5C,
15B024EF,
F36CFD67,
0D5EF25D,
F3C9062D,
D802DD9F,
F115DDF0,
2CE62B0A,
06FA22C2,
DE3AFF70,
F8DBEF11,
F6FD012C,
E969FE15,
EAD7E6CF,
414603C9,
22252F98,
FDD7116C,
07A6E930,
03CA1AB4,
E10CFE5F,
EBF4DBF1,
2CAE1830,
198026A6,
EB960081,
F243E5EE,
F674FEEE,
E87D02B0,
DF7EE60C,
FD14EECF,
24F23B77,
098E12DE,
EB0BFCAC,
1FA10381,
EB58F5B5,
E7EBE1F2,
203EECB8,
255C3376,
FA3A0C33,
DE4FDB4B,
F67CEA5A,
F919ECBB,
DD01E4F6,
F871DEED,
31BB2BAE,
17272B23,
EF50FCFB,
15E3FF94,
07AC09EB,
DF66EBE4,
075BE01D,
33EA2DC4,
0E4E29BD,
DE54F4C7,
F7EEE772,
F90DF796,
EA1FF7AA,
EE15E8AE,
1E91FBC6,
28A92F65,
FB7A0B44,
F706FB1B,
063009CC,
E07AED9A,
E2D6E552,
2F8DFA36,
268B2BC1,
FA700A38,
E4AED6D9,
F551F11E,
EE65FA0F,
D8B7E80F,
FF52E7CB,
20032CC9,
085E1A73,
F0C4EDCC,
12A5FF0A,
FC360158,
E19ADBC5,
089BEAB1,
24B92CC7,
118B2AE9,
EC06FD6C,
F60CF021,
02BFF30F,
F44BF28A,
F2EBEF34,
08ACEACD,
227A3A60,
0B1B1ABC,
E425F65B,
16D209AE,
F4EAFCDE,
E5B8EA92,
253DED74,
272A235F,
041F0B92,
E826DEB2,
EE45ECFE,
0077F318,
E8F6ED4D,
EA2AE87B,
347AFF77,
151124B2,
F9950AF3,
0599EA05,
F36F16F6,
DD95F217,
E5D2DD94,
23BC10D7,
11F62065,
EFDE08B0,
E97FF032,
ED40F955,
F1DF0104,
F4EFEE0C,
FC10FC1C,
4115FEA1,
15D713E7,
F9850AE1,
0E9BECD3,
EE401CF5,
DF73FE9C,
E8D2E8EE,
229F1E6A,
191A1C65,
EC3C0189,
F912F01C,
F065FAE6,
E3FEFA4D,
ED0EE9BD,
E57AF78D,
374B12F8,
125A1619,
FB2D0C50,
234EF01B,
EE9B07D6,
E208E668,
F44EDCF0,
15551FCC,
09221F81,
E55E066B,
F2C1FEBC,
EBD7F366,
E2C5E671,
F507E9F8,
F720F0FB,
21E1EF4B,
26571883,
0B0C15CA,
0CC80694,
009C1967,
D7B3FDD2,
E65DE5FD,
28E40E9B,
130A1B2C,
0091FFD4,
FFF5FF52,
E9A6FE59,
E239F583,
F497F81E,
EC69F6C3,
1BCBED87,
276F26A7,
06050CE3,
019DFCB1,
07641A73,
DBECF0E8,
E746E1C3,
1F2C055C,
130813F6,
09360489,
0CE1007B,
DDB3F208,
DF9FE5D9,
F439EB18,
EC49FA82,
F460E7C6,
2E631297,
0E19256C,
F86B076E,
17EBFDDB,
F457073C,
E8BDE415,
109FE6B0,
192E2924,
09911745,
FC030B29,
F3860943,
E817DCD5,
F772E2D8,
FB59F70B,
F2F0E8AC,
309AF236,
24543052,
011204E1,
1011F8FF,
FC9E222C,
D403EEA3,
EA13DE67,
1C101777,
073610CB,
036E03FF,
08D0093F,
DCEAE7F1,
DEECED34,
F009F544,
EAF2F515,
F742F857,
34C902B9,
13972230,
0AD7FA96,
0F50F886,
EE01121C,
D695DD4D,
FB56F152,
164525DF,
034B0D32,
09F91435,
FF921A3A,
DAA4EC24,
F287F272,
F039F8A9,
DF53EAFF,
F67DF178,
32A02C05,
100C1DA9,
04540C12,
23D010D2,
E658F87A,
E202DE3C,
0DF9F545,
FC6B1215,
09320A4B,
131B1585,
EA0A1412,
E78BE022,
F1FEF303,
E859F7FA,
EA6EDB6D,
F9EFF488,
3C390CA3,
0F601907,
12650BD9,
15B3F757,
DF9E0025,
E4A7DBAF,
F632E484,
0DB61543,
0CB70E5E,
0A5F18DF,
FF54156D,
EAF6F1E7,
E2C000F7,
ED0FF46D,
EB95F2A4,
F4BAFEA2,
3BAD0403,
1C7C2B60,
14D41709,
112AFD21,
E8EA146A,
DF21DEE8,
FA06E767,
0FBF16CD,
0D3703D2,
12D41860,
04D91428,
E37BEB69,
E7ECF8AB,
EE74EF52,
E18CE4D2,
F754F43B,
FE7DFD06,
2A611FB3,
25861894,
FC4A0A17,
13F90523,
E2A6EB62,
DD67DE55,
0B27E43A,
0431134E,
0CE611B6,
099B0C50,
F04C1518,
F3EDF6BE,
E7A9F173,
EFAAF961,
F02EF05C,
F2D2FBB5,
191D0130,
14FF37B6,
0BC11E73,
07610C42,
F4811719,
E4AEEE32,
EBEFE45E,
0C61074E,
0939F78F,
1ADB0E7D,
1B2F0E0E,
F59DEF47,
FC0EF08F,
F951E4E6,
E95EE2B0,
F919E4E7,
070DF2FF,
F718085C,
3F25FE2F,
13F61DA4,
00691377,
18BAF2C8,
E5B701A3,
E39FE3F6,
F8DEDB6A,
F2C410B6,
03DBF008,
02A30D5E,
04A61E07,
EED0EC23,
E925F5CD,
FBE6FBFC,
F049F59E,
F94DF605,
047BFE57,
224A0439,
109D2EC8,
15FA1117,
1E1F1853,
10302527,
DDF3F281,
F916E5CF,
08841117,
F5DEF1BC,
01AA043A,
12E003FE,
EF63FAE1,
F273F4BD,
F29FF28B,
F34EF35F,
F8E0F43E,
0718FD7C,
FBC2F856,
0237FD84,
109C1AB0,
0D33F30F,
FEBD01B3,
1DEB1B3E,
FA75FB18,
FA33F6F8,
16CF0CAB,
F108F3CC,
F79AF567,
084CF926,
EEEFF23B,
058FFB87,
044BFF34,
F92003FC,
054BFD44,
009607C1,
EE01FB2A,
FD7CF6EE,
F9660EAA,
07A8FA72,
026C014C,
1BF324E6,
161F0C62,
F8DD0F03,
197C1101,
01A501AC,
F149FC76,
06A2F258,
F3A5F047,
F688ECE4,
0028EC3A,
F5D8F98B,
0616FD6B,
FA23FD53,
E8FEF1AD,
F4C2E957,
F13EF33F,
042B04A3,
05E3FF7C,
FCB30729,
159D0AE7,
0D1014DF,
00B713CF,
1534FDE1,
F8330919,
FCEAFA6B,
0BDFE3F5,
FE3A0BB8,
0394FF3D,
FB74EDB0,
F9F3FE9D,
FD1AEDCD,
00B5F6D4,
07F6013A,
088400C3,
05D4FA98,
0F6C0646,
08EC08CE,
08130603,
0DCA156B,
038D16D4,
0A370540,
0241F51E,
FB140497,
F48EEF13,
ECA9FF7A,
EE7DFD87,
EFAAEB0F,
ECBDFEE4,
F3BBFB7F,
F29AF5C0,
FBAD00DE,
F86F0599,
01C2FBB9,
00A50B10,
FF2CFE4B,
04C900C1,
06750981,
FEA8FB0A,
0480F982,
0B2115A2,
0CE90E41,
FF36FCBC,
0A371869,
0168F628,
F3CDFF91,
00CA0080,
F842F453,
F5E4FBDA,
0C750915,
0A13FE73,
EC73FFA9,
02FA07BB,
FEDDEFB7,
F3620275,
F839FF9F,
F92FF3FF,
1255EF10,
0008FE83,
FFD600AA,
0EC3001C,
045C1819,
102A0C75,
04DA0158,
F4890925,
F903092F,
F075FB2C,
F5DC019C,
021FF656,
EDCBF787,
FE4D02AB,
EE1EFD13,
F8AC079E,
01B814D0,
102D0183,
00DAF3A1,
164FFFAB,
F5E70257,
07381260,
F3C8FC90,
1DE0012F,
0901F24D,
0FF3215D,
1125EF50,
0133121C,
FA10089C,
0403001B,
FDF5FE96,
0D24062D,
01A6F7B1,
F1170DD1,
EBA7EBC2,
0C1DFCB8,
FD3EFD09,
FF13F6E2,
ED8B0612,
1525FFD3,
FB76F6D6,
05780FA3,
FE6B0236,
F70AF399,
F254108E,
1687EEE1,
E047011F,
16FD1F28,
0212E2FD,
00450EC5,
00B615F0,
020CE37B,
F072F767,
0B100815,
EC01E959,
FE6E00EF,
184B04B1,
EAAEFB63,
FDF30046,
1633FBA3,
F6020001,
07E00B23,
0CF500CD,
08700A3E,
FE8809B4,
F848F615,
F817FEE1,
0EA307AB,
F520F44B,
FAF6FE09,
11FF0941,
07C9FF64,
023E0F5C,
13C20DB1,
F64FF4B8,
FA32FCBE,
0CFDF901,
F7FFFC75,
0080FDE6,
0138F4BA,
E87EF21E,
FF0AF1A5,
FD7BF1B9,
FC7D0654,
0379FD66,
F77DF4F3,
FB7E0832,
0D99FE73,
00CC0209,
01AD08CE,
0BE1F9AC,
F03704AE,
10D20128,
0F3D03E5,
FA3213D3,
108F0104,
FE1AFC76,
FF940D82,
0FFCF80C,
02D70B8B,
03920B8C,
F81BF07D,
EF2FFCF7,
0745FBB1,
FF74FD65,
F1C000BD,
048DFBAF,
FAA6FCF3,
F6AA0568,
FF11FCC7,
FD0BFDA6,
F8A900DB,
FF85F2C8,
F6E503B9,
F695FBC7,
FC5EF32A,
F5B90707,
050AFB2F,
0208F5E7,
0A3012A8,
11EB044C,
FBA505B7,
0DFD0F80,
02CEFD1E,
F6C9023B,
0841023A,
FF36000F,
F892054F,
04F4FD75,
FBF7FFA5,
FACAFF64,
0124F737,
06A304CD,
03D10B4E,
036EFC17,
05930AC5,
057A0899,
FD6DF9D5,
FEE4054A,
FD4502F1,
ED93EFFB,
0536FEA5,
F9F6FA48,
F00BF8E6,
0783F931,
F9760530,
F7D6FE33,
06D3F973,
002B0D7F,
FD3A02AA,
028FF88A,
FFCE0C4C,
FB1AF984,
FDAFF971,
04A607E3,
FF46FC05,
FD9BFBAF,
074A0256,
02F10020,
01740450,
0858061C,
047809A8,
003906C1,
05F90094,
069004C5,
FB1103E4,
F7E5FD14,
F53BF7F7,
FAF806F0,
FC4BF19B,
F7F9FBEB,
0B7C04A3,
FAFBF99F,
FAA302DB,
0E3FFE4B,
FD7301D2,
035102B9,
0B05FCBF,
FB2309E7,
FDA5FE66,
F9F9F530,
F8BE024D,
FF07F4F5,
F9FBF745,
0337045C,
031AFF79,
FBBC0369,
07FF003E,
0404044D,
FDE80571,
FF06FF74,
01E70211,
FB98FEBF,
04DDFBB1,
03CD00EB,
F8D6003D,
01D7FA2F,
FCE5FCC0,
FDF906C1,
0A6AFBB2,
FFB1085E,
06FF07C2,
05DDFE09,
FD0E086A,
068DFFD6,
FD96FC3D,
FCC2055D,
0228F870,
F8C9FDFE,
FDDCFF46,
0364F7A6,
FED300CA,
01F300D2,
FC74FE7E,
FC0F041C,
02CAFF2A,
FF3AFE67,
FED70267,
01C1FE28,
FE97FFC1,
F9BB0153,
FC9DF6E2,
FFDEFDA2,
0211046A,
FB25F653,
FB8FFDCB,
05B90256,
FF41FCAB,
00A90361,
0ABE05D9,
05FF0318,
FF3305C2,
06AF0082,
0272060C,
035208D2,
01DBFB8B,
FC8E00DE,
FF5F0072,
FED6F8FA,
04B3077D,
0319045B,
FB3CFA88,
05120225,
01B30140,
F864FEA4,
0448FFF1,
009F0111,
F489FCB0,
FCAFF76B,
FB4FFC05,
F8A5FC0D,
FA5DF9F6,
00CCFEA1,
F94DFFDF,
FF57FA46,
FE8FFBD0,
061A016C,
F9F1FF73,
FFD4FFF1,
09C9054B,
05F10CD3,
081506A8,
00B7021D,
03B30638,
01A9FD61,
FB160093,
030AFDA0,
0440FFF4,
039402F9,
044902F7,
04BC0388,
041003F3,
FF31022B,
00F4FD5E,
002300E8,
FCCAFD36,
01E90147,
FA8D029F,
FB70FC83,
FE9AFB3C,
F801FDAB,
F9E2F85A,
FC8DFD34,
FC53FCE0,
FA97F9B3,
FC47FDD4,
FAE5FC54,
F6BBF981,
FECAFB39,
0C040BAD,
02C90226,
FD2CFC80,
0B1C052D,
01060355,
FA56FCE8,
0640FB90,
06900953,
032505B6,
04870013,
0122078E,
FF0A012F,
001CFD2C,
02900288,
03FD015B,
064A05A9,
042D06CD,
FB30FF5C,
FBFDFC52,
03770087,
FACA0047,
FC3BF8D3,
01D6FF3D,
010A04AB,
F922FC2F,
01D6FEC0,
FDA3037A,
F522FB3A,
FCE4F6ED,
FF57FFEA,
FF81FEDF,
0062FDB5,
020D03D5,
FEAB011A,
FCBCFC89,
FCE001D0,
FDF0FB6D,
FCC1FEA2,
042C02F6,
08C603EE,
03C40A3F,
032A05FC,
00CB007B,
FBF1024D,
FE34FBFC,
021EFE8E,
05DD05D9,
037A02EC,
03510484,
FE0DFF0F,
F4F8F59C,
FEA5FBAC,
050E041D,
FFC101B0,
FF3102C5,
FF1CFDB2,
FA75FF33,
FD2DFE37,
FF05FE91,
015501C2,
FF3400A5,
F71CFA31,
FA61F7BB,
FCACFF2E,
FAE9000E,
FDEEFD09,
040104BB,
02F20531,
FBF2FBB5,
04A3FEED,
04F404AA,
01440010,
03C70593,
0610059B,
007503FA,
02610139,
FF320020,
02A7FF92,
02870086,
FF47FFD6,
0327FFA7,
0A3607A8,
FF7A05FC,
F964FB51,
0092F9F3,
FD79039E,
F7FDFA8C,
0139F975,
00D0041F,
FD31FF8F,
01C5FD57,
010C036F,
FBE2FCF6,
0219FD72,
03ABFF68,
FDD3FF65,
0083FD04,
FEC70117,
FF64FFD9,
03CC009A,
FECF03CC,
FCC1FC55,
FEF2FDBB,
FD8500A3,
FBA2FB7B,
FDF7FC72,
015100E3,
00D602FD,
FF5C00C0,
FF5C0041,
FDDAFEC3,
FB56FFD9,
00B3FAB1,
01F7020E,
07DC05F8,
05590308,
06C70516,
05C30483,
004F0358,
FE3FFE23,
010500F6,
00DB0278,
00240036,
FF96FE4C,
057A01C0,
02DF0134,
F983FFF7,
FC6CFE49,
FC05FC44,
F971FC0D,
FFC1FCD7,
02C30192,
FA2A0155,
F51FF522,
F773F8A9,
F8D0FAF4,
FE6AF9FC,
03C303A5,
0343029D,
030A02B2,
03710706,
0005FEFF,
FF45FF96,
03C602BF,
0113002F,
055DFF9A,
06ED05E1,
05250834,
0164FCEA,
FEE8FF1C,
00E2033E,
002EFDD9,
02D403F7,
045B0348,
005D01BC,
016A0259,
FA6FFB87,
FF46FFC6,
0461FFA6,
00F301A3,
02F90360,
FEC300B2,
F93BFCB5,
FB4CFBC3,
FC46FD63,
FCC8FC92,
FEB4FD1E,
FC45FF27,
FE9DFD51,
FD5AFD33,
FB07FD68,
FEB0FB01,
FF59FFB3,
017601A8,
01F500D0,
033603FA,
00AB04B3,
FC7FFDB2,
FC56FC01,
FFFB0133,
01DBFE7D,
04DB0584,
0A9306C1,
FEE10556,
FF69FF55,
0394FE14,
02DA0756,
02870309,
03EB016A,
028D06A1,
0037033B,
FEC9FDA1,
FFE40066,
FF9CFF3D,
FA46FC97,
FD90FCE3,
FEA0FE05,
FED30145,
F912FB2C,
F875F49C,
FDC2F975,
FC03FD38,
FB2FFAFE,
032D0095,
010503FD,
FCB9FF6B,
03E2005E,
01B5034A,
FC8CFF56,
06F6FFCA,
06A80798,
013404AF,
01D5FF5B,
01070244,
001B0054,
0185FF42,
033902AD,
053401BB,
03D8062F,
027D0397,
FEFAFE8A,
FF160317,
FD5FFEB4,
FA62FB08,
FE24FF3E,
0219FF66,
FDC5004B,
FA44FD8C,
FC82F90B,
FEDEFF9E,
FF8FFFF2,
FFDBFB96,
02A804A9,
0008FF5F,
FC02FCF5,
FA54FBFF,
FDEFF9F5,
FF8DFE03,
FFD3013C,
00A8FCB6,
036E03DA,
01AF0256,
FE79FE26,
00FAFE42,
01C7016F,
FE4BFE76,
03BEFF8E,
023701B2,
02D20384,
02C0015B,
FF7B01EF,
FF61FD75,
03540060,
01BC0248,
04710107,
05B10493,
00C302CD,
FD47FD75,
0256009C,
FDAC0060,
FFFCFE54,
00BE016A,
00930031,
FD7DFEE5,
00470245,
FDC8003A,
FB50FD85,
F8A1F956,
F8BCF8EA,
F928FA6F,
FC8CFA60,
FC2FFCFA,
002D0117,
03FCFF91,
01D1052A,
026F01CC,
012802C0,
015B01BD,
FFC20025,
00CC01A3,
0625040A,
05680633,
0347052B,
FF47FFF4,
0088FF68,
FE89FF94,
FFF2FC6A,
00AC0228,
02FA02C3,
FF7E010B,
FCF6FED2,
FF0FFE9C,
FDB8FD43,
FB45FCE5,
FE9BFC89,
0281008A,
025204E1,
03230209,
FF6F0163,
FF57FDF2,
FCA5FE63,
FE32FAB4,
02DD003D,
00880203,
FEA1FD8B,
FE65FE1B,
FF82FEB0,
FF890135,
0051FF94,
01C900E9,
FE13FF8C,
0066FE7C,
011A01C9,
FF58FFD5,
FC81FEDB,
FC60FE62,
FD91FBD7,
0021FFE2,
02F303B1,
01B00150,
035102AD,
01C002E9,
FFE5000A,
048802FD,
02490085,
02E202BF,
032D029B,
FD37FEF8,
FEB20035,
014BFF05,
FE3A0217,
0190001D,
02C9001D,
FFA30394,
FC82FC05,
FD94FB34,
FCD0FF9A,
F999F805,
FAECFA51,
FF18FC70,
FDE2FC6D,
002500BC,
01E70046,
FE260067,
0062FF9C,
FF8DFEA6,
02110120,
02C303BE,
036A03CE,
02930384,
023C0260,
FFA5FF21,
000100B8,
02E80232,
FF97010A,
025E01B1,
0225014D,
01490205,
015E02AF,
FD06FFC7,
FC22FF55,
FFE7FF3A,
FB88FE37,
0029FEDE,
040F001E,
034906CC,
FF57FE9C,
FFBEFE9C,
0115005D,
FAE8FE61,
F829F9A4,
FE5EFC11,
FA9BFEBE,
FEB0F8EB,
033B01A5,
021B0173,
FFDEFD42,
045603C6,
FFCB01AA,
FEEDFDBE,
0095004A,
FF89FFF1,
0029FF2F,
0093FFD3,
FF06FE12,
01650184,
FF3201B1,
FC20FE72,
01ADFE67,
063D04A9,
01CE02E4,
03C001C1,
03B302F9,
027D03F5,
00D9FF4F,
01340048,
009A00BB,
00CF0310,
FCCBFE48,
FF47FF52,
03E90227,
01A90290,
FB6CFD4B,
FF26FC52,
FE05FEC3,
F8CFFAA4,
FA89F8EA,
FDA6FDCA,
FA72FD14,
FE4EFAF8,
012BFF3B,
021C0346,
FEB1FD82,
01F50230,
02BF0117,
FFFD00F9,
03F702E3,
0008003C,
028F0268,
04250355,
028B038E,
044003CF,
036504B9,
01E30245,
02B60289,
FE8902F6,
FD7CFF63,
015E00DA,
F8D8FE3C,
FB6CF88A,
FE10FD0F,
F7A1FD01,
FB26F6E6,
025E02A3,
00B70145,
FFC3FDA0,
035B02B4,
FEE3FEA3,
FDFDFE49,
022EFFDE,
0178FF03,
014401C9,
02F2011F,
FE9BFEDA,
00D3FFA8,
05C50296,
FEF70359,
014B000A,
03D4031C,
FFC40169,
02520067,
FF9B02A5,
FC26FF38,
FD55FAB4,
FBF0FDCA,
FE5DFD5E,
FEFFFCA6,
040E0475,
02BD0420,
023CFF2B,
02E304F9,
000EFFF4,
0176FE5E,
0456047F,
00D401FB,
0003FFFB,
FF9302DC,
FECEFF52,
FBBDFD36,
FCF40151,
FC9BFBF1,
FC0CFC83,
FF89FEB8,
FB00FBE2,
F949FAEC,
FF40FBAB,
FB6CFD00,
FCA9FC34,
05B0020E,
03EF05E0,
016800FA,
050200F5,
034C0503,
FFEC022E,
04C0008B,
031D01B3,
FEF6FEEF,
0238FFBA,
0257031D,
01250141,
FF0500A4,
010301E4,
00CF03B2,
02B600F0,
057A03F9,
02FB0253,
001700DA,
FF66006B,
FC73FC2D,
FDDFFCCC,
FE5FFEBD,
FF6FFE75,
FE9CFEDD,
02020288,
FD5BFCCE,
FEF5FE3E,
02C700AE,
FD84FE78,
FD24FE3B,
FDB3FCE3,
FE64FE22,
01590000,
019203E1,
01BF0159,
FF0F00E8,
0056FEC6,
FFC9008C,
008E0154,
FE07FC9F,
FF6B003E,
FC84FD38,
FC9CFBAB,
02740005,
02240112,
FD94FFD8,
0157FF30,
0099FE68,
01830024,
04DA04EC,
03DF02D3,
02A903BB,
02130255,
FEC6FE4E,
007700A1,
01840121,
000DFFFB,
FF9D0087,
0203004D,
FF8D005D,
FF42FFF3,
FE51FD84,
FCC2FEDD,
FA32FC03,
FA4CFB32,
FF65FD96,
0090FFA2,
FDAD0015,
FEB1FE9C,
00CFFF29,
FDF3FF69,
01470009,
00430154,
FE23FFB4,
FFFCFFE5,
FF4E004C,
00F30046,
02990063,
0151034B,
FFC501EA,
011CFFC1,
01F70258,
01E104BC,
04D104D0,
038F031C,
00FC0248,
008B0021,
FEF5FE48,
FD22FDD9,
FFC2FCFA,
FEA4FF46,
0012FEFF,
01A80086,
FF59FFFF,
FE29FD64,
0273006D,
FEC7FEDE,
FACEFAF1,
00DCFD70,
0011003B,
FEDF00A2,
00D2FFE0,
006E015B,
FF230169,
FE73FC7A,
0122003B,
001400BE,
FD4DFEB9,
FEC90056,
FF63FEE5,
FD9E0153,
0144FDEC,
FF87FF57,
00840146,
0280006B,
027E020C,
045E0426,
037201D6,
022D03E6,
02A0013A,
0437019E,
FEF80433,
FF3BFFBD,
FF3EFE1B,
015000C3,
FF91FE87,
FD38FFCC,
FDCBFFA1,
FF4FFFD8,
FD12FEE5,
005EFE07,
FEDEFF56,
FB2FFC74,
FD07FBBB,
FDC1FBF7,
00B80023,
01AAFFE0,
FE05FFB9,
001AFEA6,
FE540069,
FE36FEF3,
FFA6FE76,
02B40052,
02B701E3,
01A6FFFE,
00A000C7,
02AD02F4,
01C202D6,
FF71FF99,
FFD0FF0E,
0278FF8E,
03B104DB,
04BF04F8,
0210039C,
01EB0214,
FD920049,
FA8BFC1C,
FD1EFADD,
FFBB009C,
00EB0099,
FE3FFF52,
0064003C,
FF7CFDD6,
FBF1FE9C,
FB79FCD4,
FE14FC03,
FEADFF9F,
FFDBFE12,
02C8FFA9,
03E8052B,
031E01FE,
FE79019D,
00CCFF62,
0068FE06,
FF57010E,
00B6FEC3,
02FA024F,
004602A0,
FC8BFD66,
FF90FD85,
FE2CFF4A,
007BFEE6,
FE27FE74,
FE94FE2C,
0294FFD4,
01F9021E,
02140186,
033000B4,
013B03E4,
FF28FF29,
00F5FF60,
0214010C,
01D3018A,
FF2DFFE2,
0091008C,
01D60083,
FF2E009C,
FCE6FD56,
0197FE28,
FD0FFFC6,
FB44FC57,
FE64FB53,
01DC0111,
FD9300D7,
FF28FD51,
0137012D,
FDFD007F,
FF71FD79,
023300B0,
008000B6,
FF81FF78,
031A0016,
01640257,
00810143,
03130105,
FFC80241,
FF70FF7A,
FFE90105,
FFFE004A,
01B800B2,
022B018F,
005E01A3,
FE7EFED1,
00EDFEDA,
FE99FF37,
FEE0FDC4,
FFB2FE8D,
FE18FF45,
001FFECC,
008CFFA1,
FEC3FFCD,
FF15FCA7,
0008FFFA,
FCADFE4C,
FDFFFC7B,
02550167,
01A5020B,
003A00E1,
03A503AC,
FF8E00B1,
FF73FF73,
02D4022F,
FFCA0038,
FEFC0050,
00230057,
FDCA0003,
FFD4FEBE,
FCA6FDDB,
FE2EFDD8,
FDD1FC1C,
FEBBFE15,
0164FF3F,
FF8C0048,
01C2027B,
02B301F2,
02490239,
022702BA,
00510072,
00E6FF8C,
0196014D,
02320193,
01B301BC,
01B3FFB6,
0066FFF1,
FE0B017D,
FED0FE84,
FE6DFE43,
FE960076,
FD61FDC0,
FCDDFBFB,
003B0033,
FEE8FEA7,
FD97FEA8,
0094FE98,
FF29FEA8,
FCA2FFFC,
0192FEED,
FFE4029E,
FFE9001A,
008FFE2E,
004000F0,
0309FFED,
02E9010B,
01A2044A,
03AD0108,
018203BC,
FF3F02D9,
0070FEE6,
020502B3,
00440339,
FC55FC46,
FFA9FF9B,
013F02AA,
FBC6FCE0,
FC81FCD4,
00FBFDB7,
FE2BFF3A,
FD8DFD9A,
00C2FF2A,
00E0028E,
FE3AFEEE,
FF21FDDB,
0115FF82,
FFB30030,
FFF4FEC2,
01E90000,
01C201F1,
04A30340,
021801DF,
00760200,
FFE40110,
FEA1FF8C,
FC58FF34,
FFDDFCEA,
FF2901F2,
FE65FFB9,
FE03FCEC,
006C0099,
FD50FE8D,
FD28FB10,
0028FFF9,
00F9004D,
FF7301DE,
020DFEAF,
02D9029F,
029C03A2,
02A60033,
01450189,
014903E5,
00F5FF26,
FF1100A6,
01170009,
0146FF80,
FE33006B,
FD8AFE3A,
FFECFD31,
FD060260,
FD3AFD09,
FCDAFBD2,
FEE4000C,
01EAFE2C,
FFFE0038,
00E20255,
0162FEB0,
FE76002E,
FFA00005,
010FFEE4,
FED9002C,
FF6E0086,
FF66FDA7,
02CF0359,
02B102B1,
0119017F,
0380038C,
024601F9,
FFF6006A,
021D00BB,
017100D8,
FD32FEFF,
FEF8FDF5,
FF49FEC7,
FC4EFF91,
FE9CFB99,
FD7FFDCD,
FC99FE14,
FE31FBD3,
FF51FF77,
FDB0002F,
0133FF8F,
00250235,
00690065,
00BD0152,
013A0163,
03E102E0,
00C601D1,
02060277,
00FBFFCB,
FFDAFF14,
FDFEFF50,
FE52FE0D,
FD31FD18,
FB85FD34,
FB3EFB16,
FD24FCC0,
FEBCFE38,
FD61FE20,
FEEEFFBA,
00E80178,
017101AF,
01A500C3,
00660223,
036301CC,
028502CF,
0449050C,
05E10572,
063D06D6,
060A066E,
03B20391,
029C0447,
05DB0409,
026B05C6,
027A0344,
02710217,
FF8001AF,
FC99FD20,
FBC7FAA5,
FB1EFBD4,
FC2DFB2E,
FDCCFC35,
FEAAFE8B,
FE65FE2E,
FDA1FE63,
FC2EFC61,
FBCAFC05,
FD0CFCF5,
FBF6FBB0,
FBEBFC86,
FE37FCAF,
FE52FE96,
FEE3FE5C,
FDD5FE85,
000AFE3F,
00230151,
017E0060,
039703FD,
062506FC,
02FD04FD,
01A501D5,
00AB015B,
010E00E4,
01200188,
022A0125,
00470100,
01AA018A,
00A90011,
FF68FEB1,
00880164,
FFB200E6,
FF5F002B,
FF88FF70,
FE4AFEF7,
FED2FED5,
019000C2,
001000FD,
FD4B00B6,
FFB6FF5D,
FE71FF98,
FCF1FC13,
FA92FC17,
FC74FBD7,
FB0EFA61,
FC36FBF0,
FFBEFF58,
03100189,
026A01FE,
02C10394,
0268003D,
016A02C6,
024D0340,
02400286,
01BD03CE,
010B01AF,
FF86FF35,
0165FF45,
02CC0095,
010B02C5,
03C101CE,
042A01A7,
020A041F,
030B00B1,
FD7FFE96,
FDE6FDB8,
FC9EFB38,
FB7CFBB3,
FBB3FBEA,
FBC6FA95,
FB65FC65,
FB4DFC7E,
FBF8FB45,
FC67FC25,
FE7AFEC0,
02AEFFD7,
03E9042B,
038A042E,
02D90240,
02B80243,
04DE03EF,
039103DA,
044F03B0,
05540551,
02980349,
02930377,
02660243,
FEF40165,
003CFF79,
FF0EFF19,
FDC4FE8D,
FDC2FCF4,
FB30FB30,
F950FA79,
FE07FB05,
FBC8FC7A,
FE0AFECC,
FDD7FCEA,
FCFBFFAD,
FCE7FD29,
FC0FFE57,
FDB7FD10,
FEFDFF81,
0142FFD7,
0531044C,
08340640,
065007EA,
059F063B,
05D704E6,
037704E1,
00EE02BC,
023F00CE,
006D01E1,
FEBE0054,
FD24FD68,
FAF0FB51,
FC8DFD6E,
FDC5FC6F,
FEFDFCB6,
0011FF2D,
007C010B,
FE48FE65,
FE14FE42,
FE9AFF83,
FD3CFD69,
FD73FC32,
00C1FE46,
FCFBFE34,
0073FF50,
FE69FEB3,
FD9FFE1F,
00BDFF46,
0203019A,
03140176,
04EE03E9,
021A040A,
014500F1,
032C012B,
026603F1,
01DA025C,
01850134,
00A90177,
0151FFB3,
0043FFCE,
02B20209,
00AB0120,
FF42013D,
FE20FEC2,
FF6AFE23,
0014FF8E,
FE92FF8A,
FE29FDB8,
FFF6FFE3,
00C30148,
FC43FE0A,
FC4AFC71,
FD1CFB96,
F8E6FB72,
F71BF724,
FAC5F8A7,
FEB8FD6B,
FE42FE74,
01D300E2,
02CB0224,
0243029E,
01990233,
040203FD,
062D0417,
03C2065E,
05930480,
03A8037B,
02D7026E,
022B026E,
01D0FFED,
03AD02DA,
048A045B,
01CB014E,
039A0225,
016F01BF,
FE0EFEA8,
FB67FCA4,
FA32FB6D,
FA08FB39,
FA4BFB64,
F8F5FA31,
F9F5FA08,
FBB1FCDF,
F700F90A,
FB63F8EB,
00C6FDA2,
0162017D,
030601F0,
02F90221,
031804ED,
046C027A,
04010334,
04DC0479,
047203CF,
033C03AD,
05CF055B,
02050495,
02360228,
00990121,
FF2CFF20,
FCA3FE6A,
FD1DFD07,
FF33FD6F,
FE9DFE6F,
FEAAFF05,
FEB1FD17,
FE6EFD80,
FE96FEE2,
FC9BFDBC,
FC47FC77,
FAE3FBC0,
FA9FFAA5,
FC8BFCF9,
FE99FC8D,
0148001A,
02E302B5,
02AB028C,
04F703A6,
067506C8,
053105BA,
04670404,
01C1034A,
00240146,
FED0FFA0,
001BFEF0,
FE5FFFF2,
FDCCFE53,
FCE9FBFD,
FF49FE4D,
FFF50019,
FF230040,
00D2FEC8,
00070018,
FF57FFD1,
003DFF98,
0058014C,
FF400073,
FF88FE9D,
00ADFF80,
FFDEFFF1,
FF52FE91,
FE47FE99,
FED4FF24,
000300F3,
01E401A7,
FFBC01DF,
FEF300E5,
00E4FF85,
FF320007,
FF6C015E,
0129FF2D,
005B0135,
FF990013,
01D1FF79,
022B0334,
FEC7004D,
FCBFFD7A,
01D7011C,
00BD007C,
FE8C00B7,
03E9FF9D,
012A0257,
FDF20176,
00F3FD35,
00CB020C,
FFD900C5,
FF4CFF33,
FDA6FCD4,
FC3FFE27,
F982FAAA,
F966F98D,
FD79FAB5,
00680035,
00C8FFE9,
041402B9,
04D70617,
031F03AE,
02FD030C,
03880363,
018202E8,
0214010B,
021E02C3,
FFFD0045,
01C60060,
003F004F,
FEF3FE6A,
0001FF43,
FEF5011E,
FE66FED5,
00C9FF12,
FE23FEFB,
FBC8FD20,
FC16FB99,
FCDEFCEE,
FBFFFC1F,
FC14FB87,
FD1CFD1E,
FC77FCB4,
FD74FD7C,
FFD2FEAD,
02330002,
059203D0,
041B05B9,
02C303D8,
04FE04A3,
03F60579,
04FD0476,
06750532,
050905E3,
038F04D0,
0275019B,
011D0279,
FEDDFE8E,
FD3CFDAF,
FC03FAEC,
FC97FC1B,
FBF3FC1E,
FBC6FB60,
FA48F9C7,
FD30FBA4,
FB72FCE5,
FC2FFAC5,
FF8CFF2C,
FF1B0052,
FE0DFEF4,
FD68FE2C,
FE2DFCF6,
FDA0FD5D,
FD84FE3D,
0159FE2C,
0696030A,
062D074D,
051004A9,
070605DA,
069506C8,
023B05BD,
022E02C4,
024B02BE,
014B0254,
FE65FF4E,
FFC2FF1B,
FF94FF4F,
FE51004A,
FE0FFE48,
FF3CFE3D,
FDF9FF54,
FE86FEEF,
FEB0FD97,
FCF9FE6C,
FE32FBC1,
FEE9FE4B,
FE9FFE50,
FF4DFE73,
FDE0FED8,
FD8EFD02,
FD0FFCC9,
FDC2FC9D,
FF2BFDF1,
00EC0127,
02BE01E9,
01730243,
FFD200BC,
016B012E,
01880062,
006001B2,
0179018B,
01FE0186,
035D03F5,
02660289,
02B801DE,
0162024F,
018B004F,
FF48003A,
007501D3,
01F800A0,
024602B5,
019B023A,
FED8FFCD,
FE66FEE1,
FD31FDC2,
FAF9FCAF,
FF5CFC5F,
FB12FED6,
FA01FBAD,
FB2EFA05,
F94EFCBB,
FA2EFA3F,
FDCEFB93,
03090245,
03F40220,
01F80258,
03140307,
024F02B3,
FFEFFF53,
FEF300DD,
009CFE25,
003C01A1,
FD1CFE2A,
003B0010,
083901E4,
0878FA0A,
F812082E,
FCB60602,
04300460,
143C0196,
F35005D2,
0E170175,
07560EA1,
1300E3C1,
F9000EC8,
0945F81B,
12EE0530,
FEFEF35E,
117FFAF2,
FAB60A0A,
074E00D8,
F8EFFD13,
0F760202,
09870587,
01A10534,
069A041A,
043C06AF,
01EE047D,
04E606DC,
FD890723,
066004BE,
F2A3F46D,
FCFD0B8A,
F497FECA,
02DDFC90,
F362FA46,
F6CAFCDC,
074E087C,
FAC6F490,
FE1B021D,
F920090F,
00B7FF60,
0229F948,
034AFCCD,
F9B20C3D,
0179FF35,
0221FA94,
F971FE66,
0417FE95,
FA5C03ED,
0181F936,
FBBE0097,
F955F3E4,
FFB601A5,
FB1CFA1C,
FF00FEAC,
F54AF74B,
F650F8CC,
059BF9A5,
FBF4FE1E,
09C1093E,
0326FE9E,
07770779,
FCB0FB21,
03000367,
020F0104,
017501AA,
00A3FF78,
FEC1FD80,
FED0032C,
0323FC99,
00E302F0,
FF4AFA61,
FBABFE22,
FE85FF99,
05330000,
FF410096,
F9EE04AC,
051DFF45,
0320FAFB,
06080819,
07240554,
08B10325,
01750158,
FE700A39,
0F2606B7,
F7DAFEAF,
FE0D0BC6,
086BFBF5,
04E307D2,
044603F6,
0597FA79,
FACE035F,
018EFA86,
0060F7B9,
026C0596,
09120803,
FA160801,
041DFA8A,
F75EFAAD,
FA850091,
055AFAD8,
F7D20443,
FD5FFC8D,
FF3CFCCE,
04F2FE35,
093502FA,
01F203F8,
014FFF8D,
04EA05C7,
01E2FFA0,
080704B7,
0A850AE9,
047103E2,
FA6DFC03,
062801DF,
033DFB8A,
F9BE01B0,
0220FAF0,
E957071C,
E51103DF,
F419F46D,
F5A4FD92,
F1F4F429,
0001FF80,
1CD9D283,
D064EAEE,
0D0302DC,
1115E9B6,
E485F9A0,
170CF694,
FFB5FEF6,
0401E1B2,
0CBFFE19,
F9BB011A,
0236127C,
F8BBF011,
1019F84B,
1696ECB7,
079D0C3C,
007917B7,
0214F531,
FB18FDD7,
ECF102E1,
3BDDF9A1,
0EEEFFB9,
FB830DCB,
0C92F478,
E8B1174E,
0DBCF613,
FCE9F4B3,
114E333E,
F6B0EAFF,
0893F05D,
EE2AF88F,
F798FC0D,
04B4F85D,
089CF8CB,
0578026F,
156FFB74,
FD92F06F,
048CFA58,
F1BB0842,
060302D1,
EEC20A9C,
0F17F967,
067E04D4,
0BB304C9,
F6D10B4B,
0A5BFE68,
F174133F,
038DE641,
F84DED55,
05C708BD,
F953F943,
084FF057,
077A15D0,
0F4D0505,
EEB0F4BE,
0B6C0AB9,
FEF0F985,
F1D8F5D5,
0A3807EB,
0A1401C7,
F4BB0329,
01DEFD08,
FC84F62A,
FF0DFADE,
F75AF9FB,
F9F2FDE7,
F8A7FBE8,
FB45F53C,
F626F821,
01BB05C2,
0044FB36,
00D0FDC4,
02270602,
04FF062D,
FD3CFF71,
09C90511,
0176027A,
FFD6FF9B,
06F0FE8C,
FE5707A2,
00390787,
05D405B5,
03BE01FE,
FEE7040A,
FF61FC30,
F8E2FB94,
FEFAFEBE,
005DFCC4,
FFE40312,
0543032F,
FFA6FF90,
F9EEFBCB,
FE58F896,
F98FFB72,
FE17FEAD,
FE1DFEF8,
00F30125,
FEB0FFA7,
004FFAF3,
007302F9,
03910497,
FFFF016D,
FF8EFCB8,
FEA1FD8E,
FE5AFEF5,
FDA0FE10,
02B0FD34,
01E301C8,
047B03DC,
06550553,
03C805CD,
FE1902BB,
FE25FB6F,
FF76FD19,
FFFEFD9D,
02080075,
024F01CB,
FFDFFF83,
FE3EFE85,
0026FE76,
FE88FDE5,
FDF2FE3C,
0265FFE7,
FFF4FEE4,
036E01A1,
04C704F5,
00BA0205,
01C30298,
033503B0,
018500E8,
017FFF2C,
01760294,
FE9AFE9E,
FE7000EF,
FE9FFD47,
FBA6FE88,
FF96FF15,
FA75FC9E,
F807FBD3,
F94BF8FE,
FF6EFAF8,
FF9BFEAE,
04F9FEC2,
03FE06D0,
012302BA,
000DFE60,
0116FF0E,
0220026A,
00A20106,
00C000DD,
006F017D,
FE0F007C,
02AF0052,
00CD0182,
015A0179,
FF0F01AD,
02BDFF15,
021802F5,
01FF0208,
017E0308,
FFD60197,
020000EA,
FE95FFE6,
FD40FD47,
00BB001F,
FE5BFF0A,
FEE6FDBC,
FF14FF07,
FD5EFF91,
FFAFFD04,
FF0E011C,
FD03FEB5,
FF2CFE3F,
FE85FC6C,
FDABFD97,
FEC8FDC1,
00D00089,
013C00C9,
003A0078,
FEE30085,
FFBC00E8,
FE33FF4C,
01DD02F5,
007600C5,
024800C7,
010C003B,
00B5FFDA,
001F012F,
01AC03C3,
02B80168,
015900F3,
01580245,
FF45FF74,
025B01F2,
022D0299,
002B0035,
013702D5,
00AE023B,
FEB90037,
FFCD012B,
FF96FF7F,
FD62FE37,
FD8BFE37,
FC0FFCDF,
FC84FCBC,
FEAFFC30,
F9EEFC28,
F7B9F875,
FAFFFAAD,
FCC5FBCB,
FFD0FEA8,
030A0196,
03900513,
039E03E6,
028D01FC,
029E02CF,
05160302,
038602DE,
032B04BB,
031803B8,
023C0169,
00ED0011,
FF27004F,
FEA1FEEB,
FE56FF82,
FE6EFD6B,
FEF8007F,
005DFFA8,
001AFEE0,
FE2D00AA,
FF48FEF8,
FC87FE1F,
00D1FF72,
01B600FF,
FD65FFD9,
FE64FD32,
FC8AFBE7,
FBDAFC7B,
FFACFD9D,
00F6006E,
006300F9,
0173FF9C,
FE15003F,
00D6FFC9,
01890039,
010E0289,
0206011E,
028D028B,
027D021B,
01AD011E,
0156FF7C,
FE9800A9,
FEFDFE80,
FDDAFD17,
000D004C,
02C30186,
01D302DD,
00D1028D,
FFC100B5,
FE870019,
FF65FE14,
00E00032,
034B0296,
028801F0,
013D023C,
FF410045,
FFABFF9B,
FEEBFFE0,
FEB3FF69,
0023FEBA,
FFE4FF41,
FE4EFF86,
FEDDFE74,
FDC9FE54,
FEADFEEE,
FE3AFD50,
FBD5FC9E,
FF35FDE2,
FF8AFEEA,
FE54FE38,
029E0193,
009A0043,
FD95FF1A,
009FFF80,
001AFEE9,
010900E7,
023C00B7,
019302C6,
0213027B,
01EB0139,
015C01C3,
026D01D4,
004A00EC,
0051003D,
FE700235,
012C00F4,
015A00CF,
022200C7,
002C00DA,
FFCF0107,
FFCA0117,
FF3BFEBB,
FD87FF4C,
FD64FD85,
FAC8FB76,
FBAFFA68,
FC5BFA31,
FD58FDC9,
FF72FF1D,
FF3BFC23,
02430284,
0122020B,
FFFDFF89,
034101CC,
02ED04AC,
015D00CE,
012C020C,
013CFFE5,
FE850079,
0013004B,
0103011E,
00E6FF45,
FF750062,
018A011C,
032803D8,
033D02C3,
053A038A,
057005D9,
036A0288,
029D0370,
024702E5,
01E402A7,
011F0251,
02F903B2,
020B014A,
FF96FF40,
FD5DFFE2,
FAF7FC55,
F9B4FA5F,
FA04F9F8,
F839F86F,
F781F918,
FA2AF848,
FB57FB3B,
FB3FFB20,
FE71FB01,
FD30FB67,
FFC8FFAF,
FF32FF5C,
002800CD,
027800E5,
03CC032F,
03910438,
063B053F,
06930612,
02440538,
04F30404,
FFD9043C,
00C50345,
02490130,
0278013F,
02AB04DA,
021903F8,
01AA0403,
02F6023B,
FF08002D,
00DA00C9,
0113FF56,
FEE5FF3F,
FFC30035,
FF2E00F6,
FCDDFE56,
FD08FA25,
F817FB1C,
F8BCF68A,
FA49F7A7,
F9FBF9D8,
FB10FBFD,
FFD2FC90,
015F0004,
02D6022A,
066904EE,
048C056B,
01A90386,
01BA00D4,
FF4B006A,
013B000E,
0164000A,
FFDA020D,
01E80154,
FFD2005F,
FEF900D4,
00FDFF90,
00B8FFF8,
00E100CB,
014BFFEA,
01450282,
005002D6,
022EFFEF,
FFB5012E,
01DE017A,
FF28FFDE,
009E0065,
FF6BFFA4,
FD91FD42,
FB75FD73,
FBF9FAA6,
FA7FFBA2,
FDA9FD9A,
01E0FDBF,
FF40FFDB,
00C2FF4E,
FEEEFF96,
FE2000F2,
014AFD8C,
01110073,
FFD20228,
FF71FE5A,
FF23FEF6,
FDB1FE8E,
FE93FCAB,
0169018E,
0240FFE1,
00C70252,
021D0192,
007D0047,
0113000D,
FE32FFFF,
FF1FFFA5,
00A4FF86,
0151011F,
00D101EF,
01250020,
FF350123,
FDF5FDF8,
018FFE86,
028C031D,
04D2043F,
0554057B,
0492080D,
043803A3,
02300118,
FE8F007C,
FBACFCEB,
FE45FDF2,
FDF8FD7C,
FE12FDB5,
FEC9003E,
00A3FF01,
FD1EFE3A,
FE85FD39,
FE52FFFF,
FD40FC37,
FB26FBC8,
FD90FD40,
FCE3FD34,
FE48FB77,
FFD2FEE3,
FDEBFE19,
FE460045,
FF83FDCE,
FD7BFEC9,
FFA5FFF4,
0025FF8B,
018A0054,
038B0269,
0903066B,
0AD1099E,
07DC0A2C,
066A09B7,
059F0701,
02E8032C,
0278038D,
01520115,
FF9D001B,
FDA70070,
FAFEFD48,
FB0CFB2F,
FA9BFA3A,
FA64FAE3,
FC21FCC7,
FBB3FBCB,
FF61FDEC,
FCEA003D,
FE54FDA0,
FD29FC15,
FAA3FCA2,
FAAEFBFE,
FDF3FC26,
FD38FD63,
FDCDFDF1,
FE30FC33,
004DFEA7,
0062FF5E,
02C700C2,
0443051E,
073B05E3,
061705AF,
05A2069D,
043504F7,
050004C5,
039603B0,
025403D5,
030D031A,
02ED01F5,
020D020E,
01950257,
018C023D,
FFCEFFFA,
FEC8003A,
001FFF1E,
FB4BFE0B,
F9FAFBD4,
FAF4FB27,
F9F6FC3A,
FBCCFBD7,
FEB4FCC4,
FB4FFD44,
FAD9FD7C,
F8F2F8EE,
F935FA52,
FA34F952,
FBA0FB2F,
00CBFE80,
02DC0172,
054A050A,
06930742,
057A0575,
036904D7,
033D05A4,
048A03C3,
03910372,
035303BE,
019D041D,
02E7029D,
0122018D,
019D0141,
01A80150,
015B006A,
01BDFFAF,
FFB70083,
FEB2019C,
FC7EFD66,
FDEBFC50,
FAEAFC40,
FC0AFB67,
FBB7FC3B,
FABCFB1D,
F9E3FB41,
FBB7FAC6,
FBDFFB7E,
FD35FCCE,
00BE006E,
02010268,
01DC0243,
029E01CA,
FF150193,
017BFEE1,
017C0120,
03890315,
019D0256,
03C802CC,
04AD0463,
034B0214,
013B0230,
033603A9,
028A0224,
00700107,
01520071,
020601BC,
FEBCFEF3,
FE66FE12,
FEABFDF9,
007AFFF6,
FED3FED3,
FDB1FF65,
FDCCFF8D,
FC0FFBC7,
FBA4FBA9,
FB6FFCDF,
FE8AFDE2,
009AFEFB,
00AE009E,
026602C9,
02EC0320,
03190337,
01410069,
FF73005A,
FF0DFE17,
FD3BFEF0,
FD73FE1D,
FD0CFE0D,
FEA3FDCE,
FF5CFD0F,
00E0FF58,
0289026B,
02710128,
01B0026E,
020B0217,
FEE2FF5D,
0191FF85,
0065010E,
009D01A2,
029A001F,
005801E5,
FD820061,
FEB3FEE4,
FE47FED4,
017AFF6C,
02270046,
04BB0341,
043E0426,
01C80437,
FFF30166,
00CC007E,
FD61FEAC,
FDA9FC23,
FD21FE1D,
FEDDFE4A,
FE2BFF14,
FE74FDEE,
FE42FF11,
FEAFFC7E,
FDCFFDE1,
FC61FD8A,
FE47FD07,
FE73FE8D,
FE8AFEE6,
FF81FE30,
010A009A,
00A600D3,
00EE0224,
01CA02BB,
013201D9,
0094FEC5,
FF02001D,
FEB9FED1,
007E003E,
03CA013C,
03AE0313,
05C705B5,
05E106EF,
04B4045D,
02860464,
02640360,
009200CF,
FFCF0051,
FF4A012F,
FE72FDCE,
FCE3FEE6,
FD3AFB7D,
FBFDFC6E,
FEF7FDFC,
FED7FD86,
FF49FFC2,
FB83FE05,
FAF9FBB9,
FCF3FABE,
FAD6F99F,
FA56FA22,
FD87FC77,
FCD9FD39,
FD6AFEF7,
FEEBFCF5,
FF98FF69,
00FEFEC9,
014E01E9,
038903AB,
06EA0472,
074D06F1,
07410581,
05C207E6,
0548058B,
038B047F,
039303BA,
03A803A4,
03DE0314,
FFAE0260,
0059016D,
0058FFA8,
FF60FFA4,
FCECFD52,
FE5CFD29,
FBA5FD65,
FA8AFC68,
FD07FC58,
FC27FC11,
FCC0FC01,
FDAEFD68,
FC86FD9E,
FBDEFCA5,
F97FFA0A,
F9A9FB6A,
F8E7FB3D,
FC96FA0F,
FD94FBC7,
03E701BF,
05190516,
05A505C7,
06D40600,
067D05DC,
055F05DD,
03C80275,
02C1040B,
02F8038A,
041B0337,
018902A0,
010A0154,
02CD0114,
003101E9,
01C201D8,
0239027F,
FFAFFFFB,
FD7CFE89,
FEAAFECC,
FD46FE14,
FC5AFBE4,
FD94FC20,
FC2DFE89,
FB64FB8A,
F9CDFB49,
FB79F99D,
FA60FA8E,
FB52FB27,
FE80FC47,
FCCBFF48,
FF8DFD1E,
FE84FDED,
FFABFE16,
023CFF93,
02D202E0,
040C03BF,
068B057B,
066B05FA,
04FE06D6,
03C203C8,
043903F0,
01580193,
FFEA0207,
018A0069,
01BC0197,
014801C3,
FF62FF01,
024D0168,
01B9014D,
02F702A1,
040C037B,
02AF0355,
FF040094,
FD26FDC6,
FA5DFB44,
F88BF97C,
F82EF88E,
F9B7FAC5,
FCEAFCEC,
FF4EFE17,
0110FFC4,
03A901CA,
018C0271,
FD37FF35,
FC75FD8B,
FC20FC3B,
FB95FA9B,
FB39FA8C,
FDFFFDA5,
FF6800A0,
02C501A2,
03960430,
06360595,
054006EB,
0395035C,
024301A6,
FFB500A9,
FF21FED2,
00FF002C,
015600F0,
FFAA0183,
007AFFB3,
01EAFFC9,
02210291,
02AA0387,
04990561,
044F039F,
02280267,
FEF7FFE3,
FF78FEAE,
FD0EFDC1,
FB30FB58,
FBC8FBEF,
FE7EFCB2,
0125FEC2,
0068FFFE,
003A0106,
FDFDFEEE,
FC33FC9F,
F9E2FB3B,
FABFF910,
FC79FBCB,
FB3DFB31,
FC97FB18,
FE39FE0A,
020CFFAA,
055D02CE,
065E0617,
06DF06F2,
04BA0524,
01190341,
FF3AFEBC,
FD76FE75,
FFB9FEC9,
0034FFB1,
0326019D,
050E0453,
085305BF,
07AB07EE,
04A306EC,
020C0354,
00F201FD,
FF3CFDA9,
FB26FE2F,
FCF6FC08,
FACEFBAD,
F91FF92B,
FC80FBEB,
FE49FD1F,
FF5AFE1C,
002D00A6,
FE4DFE8B,
FB09FCA1,
FA88FA5B,
FB03FA0B,
FAEAFB13,
FF68FC5C,
FF4EFF48,
01A1FFF3,
035A013E,
04DF047C,
042F0555,
050A043E,
042405DD,
033802E9,
005E0120,
020F012D,
FFEF00F1,
FEB5FFDF,
FFDBFF7B,
02AB00AE,
01BC01E5,
04B704EB,
03F70487,
047004DF,
010F0306,
FF04018B,
FD72FEFA,
FB2BFB90,
FB45FAA7,
FB2CFBE0,
FAABFA34,
FBA0FBD1,
FDBFFD7D,
00EA0052,
00DE0021,
007B00FE,
FE050040,
FBDBFC54,
FB6CFA76,
FDB2FC85,
FDCFFE76,
004BFE21,
0293FFE1,
05FB03FD,
071C0767,
04B206C0,
03B2035B,
02810375,
0123FFA8,
0061000C,
FFD6FEA8,
FEFB0106,
FF1BFFBA,
022BFEDB,
0318020F,
05CC04A2,
04B50670,
048F04D5,
00ED01F1,
FE05FF78,
FC26FB59,
FB6DFADB,
FB1BFC10,
FBA5FCB0,
FBCFFBF1,
FEEDFC64,
FE64FE7B,
0017FEC1,
FEE6FF4A,
FE3CFF21,
FEABFF72,
FE5AFF35,
FEA0FD1D,
FF41FDB7,
FE65FFD6,
FD14FE58,
011D0070,
044B023F,
048503BF,
071704BC,
040E065A,
00E50338,
0038FF9B,
FF760047,
FD9BFE6E,
FD51FCAB,
FDF6FE24,
FE57FD8A,
0112FDFD,
0271014C,
046102C4,
05780619,
0240036A,
030C0107,
FFCD0213,
FD11FF8F,
FD38FB4E,
FD36FBCD,
FC15FC9C,
FD75FC32,
01C30028,
0313025F,
026803D3,
01EA0114,
FE25FF0B,
FABBFD97,
FB69FC19,
FC57FAFE,
FC4BFBC5,
FDD9FC18,
FE42FEE4,
022E0075,
05F204F9,
05290574,
03CC04FE,
023102A3,
FEAA00C5,
FE3BFE1D,
FFA1FEEA,
FEEEFEAA,
FEF7FED6,
011EFFE7,
00D400D3,
057203AB,
05170560,
058B05C5,
03F00390,
030D03ED,
00B201CB,
FEF7FEEA,
FE39FEAC,
FC92FE43,
FAD5FBBE,
F9FDFA4D,
FCFEF9E3,
FD9AFEE6,
FEFFFFB2,
FD69FF43,
FD76FE94,
FBDEFC2B,
FD48FB41,
FE91FF8B,
FDBDFF6E,
FEABFF69,
0146FF9C,
02DA01BB,
01DA0326,
039E02CF,
0438038B,
023B03F7,
00200180,
FE08FFF2,
FE290021,
FEA50072,
FEEBFECD,
FE65FF3A,
00AEFFB3,
01600157,
056A027F,
05680554,
05540508,
03800596,
FF420040,
FDAFFFFB,
FEB8FD90,
FDC0FE0D,
FF06FD2A,
FD57FF0D,
01A400EF,
025F026D,
00F800CA,
FDD5FFD4,
FB2DFE3C,
F9CAFA9B,
FC65FA62,
F7B6FA6E,
F780F8A3,
FB77F8A8,
FD86FBCB,
0192FD67,
01F00222,
051604DF,
06B603D2,
02460437,
0382029B,
012100A7,
009FFEFA,
04DC030D,
042704FB,
029604DB,
05810457,
07100596,
052E03D6,
01C60345,
00D20233,
03180190,
FF2B015C,
F9FDFDD0,
F943F943,
FA3FF917,
FA5DFACB,
F688F8CB,
FA25F50C,
FE25FAAA,
FD36FEEA,
FB57FC78,
0103F96F,
0749034C,
07B40905,
05500515,
011C0439,
031903A2,
0045FCFB,
FB48FB41,
FF6AFF84,
02F302B1,
02FF052C,
FE0401FF,
FC94FD4E,
FB99FC13,
FF6DFB4C,
FDFEFB89,
FDB6FBD8,
FCFBFE2F,
FAC5FD29,
088C01DA,
13920A54,
14BC1267,
1017121F,
0B920B9E,
033705F7,
FA9501B7,
F59DF4E7,
F459F28E,
F476F0C7,
F860F5BA,
F8C8F8DA,
FB16FA1C,
FEA9F987,
FE48F954,
FAA7FD9C,
F985FC35,
05D5F54E,
0E6C005C,
10750F3D,
100A0A30,
129F066A,
0BA602F6,
0113FE4E,
FE56EDE8,
F9B1E958,
FB0DF333,
F83CFEB3,
FA77FF6D,
F95CF5DB,
F616F581,
F8CA00EE,
F617FAB0,
0B7004D4,
21D21295,
1BCD1880,
0E691D9D,
151F1227,
04D20DC4,
F6B80726,
EA95F605,
E640F216,
ECE3FAAB,
F0FDF7E3,
F110F076,
F1C2EE3B,
F816FA5F,
FA1FF944,
033F0CFA,
20F01619,
191E1509,
087B1BC5,
08AE0B5C,
012F00B8,
FB32FD36,
ED5FF4BB,
EFDAF067,
F237EBBA,
F7BAF7DB,
FBADFC3B,
F2BCF6CB,
F0ADF861,
14F0F4A3,
225B0910,
1A661836,
18E80D23,
1AA406E8,
1661062C,
FF17F857,
F8ABDB17,
F9A2E055,
0164F7A7,
FDEFEE21,
F743EAF1,
FFABEF1B,
FED1EEA3,
F773E952,
048E08C8,
20BA0BD2,
14241438,
11771458,
115007B9,
0E70FD78,
F392FAA3,
E708FAB4,
EF86E168,
DA84DE8B,
E7BAE33C,
ED6CE5D2,
DBA601B3,
14C0F206,
20820708,
1860377C,
19BD2A2B,
15181257,
02C912CC,
EC4A111E,
E551F7E7,
DF6100CC,
E12C0240,
E563F493,
DA63E28C,
D8F3F226,
EBDDFF17,
1B97F82A,
27320D6D,
28C73270,
31532F7A,
151A23D9,
F5211F3F,
EC4419EB,
F749FAA8,
E37BEAFD,
D8EAE6C1,
E23CE249,
ED93E793,
E4ABF3F0,
0A82E1F3,
2527FE1B,
2B762DB4,
18502106,
11260DD1,
03BA0DF1,
028F0C82,
F98DFA10,
ED8D0669,
E7030DC7,
E3C5F378,
DC9CE816,
ED440923,
E968F90D,
FE3C2576,
318C26AD,
20682238,
07DF2709,
0BD81370,
04EBFEF5,
0163F797,
0056F054,
FAD5E70C,
EC5ED5E7,
EC94E24C,
F9C4E2AF,
EEB8DE79,
0CE21827,
33592271,
21651DE2,
09AB1ABB,
0CA205A9,
097DF574,
ED1BEDB9,
E5AEED5D,
F0F9DC59,
D7EAE7F8,
DD90EA13,
F00FE585,
0B34E4B3,
10A20CB3,
1DB13273,
25610B6C,
06EA0380,
010A217B,
19FFF78F,
FB1FF9CE,
E3501EC5,
E973F6D5,
EE09F614,
DA37FC9A,
CF76F6C8,
0BBD1632,
22801BB8,
0DF029C2,
0B0F29F7,
118F06A5,
FC1F0051,
F8790D50,
FD81F70E,
F7B4EB41,
F0CBEDAF,
F61BDD1B,
016BE633,
E6CDF180,
0CE50976,
2FEDFEC7,
FF7B141E,
EE032144,
00B9F751,
ED50F674,
DCAA1A3D,
EC55055F,
E6DFE3FD,
E75FF8E5,
F514FF89,
F05DDF7A,
0517E276,
22861D50,
33732F25,
235E188B,
F648098D,
00780806,
0950F6D9,
E959EFAD,
F31B0077,
0414F466,
EC64F8E9,
EA44045A,
ED74F2EE,
16C4FC9C,
253C1547,
158133DD,
04FF1ECC,
0734F521,
F5CF04AA,
EF0B109A,
F872E1C8,
E3A9F0CC,
EF7A00EA,
F8C8E20E,
E1C8E438,
0960E2D4,
1B1814C9,
28662469,
1B290248,
F21FF387,
FBC80721,
069CF104,
DF73D17F,
EEFDF604,
0D91FEA3,
F13A0298,
F2EF0451,
FAB3F1B1,
19B528F4,
3C822AF8,
06F40BA4,
F459141E,
275003DC,
022FEA95,
DD8300DB,
01C3E93C,
0A8BF2FF,
EEB70D8C,
EF6FF184,
E95ED8C9,
166322A7,
2B682097,
FED10D10,
F8631B9E,
11FEFA5B,
F4CFE190,
D808FEB1,
FC01DE14,
FA88FB20,
EBF70EC9,
EBFADE5A,
F3D5D629,
133C2530,
2C421406,
FF0CFB1E,
EB5C0885,
15A8FEA5,
F61AE0CD,
D6E3F444,
1DEBEEB7,
146001A0,
ED6B246B,
F5BEEB03,
09ABDD05,
1B1727FE,
20122917,
0A89FA17,
F49F046A,
17A3125F,
FE1EEEB8,
D361E920,
0919EB6B,
008C0008,
DD220C35,
E4C3E510,
18350FDC,
21102648,
FBC71B3E,
FB60FEAE,
06C8F141,
E834047B,
EBA8F313,
00C0D9BB,
06250B31,
FFA5FDF6,
EB32DC77,
DC0EE7BD,
25F905B1,
1A8B0D90,
EDD9255B,
0A24F093,
0830EB66,
E8F21A52,
041FEC09,
FEE6E266,
02E4335C,
0EF5EBB4,
D16CDCBC,
F472FBB6,
30511194,
16FA278E,
F8D125F8,
1D8504B1,
0468015A,
E2E704AC,
EBD8DADA,
07A7FC98,
0ADA1CD9,
EF0AF956,
E311DD4C,
164EE715,
18892881,
0A9D27EA,
0096EEC4,
F7D10CC7,
13211276,
DB43DA95,
DF36EBDF,
1530EC17,
EB3005CB,
DE15F0BA,
FB2CC8DD,
1BEB2EAB,
1E831DB5,
E20EE27E,
F17F05C9,
173100B5,
DCA7FE7F,
FCD800D4,
1BC6005C,
EB6D2226,
F572E955,
DF74E10D,
38840B71,
1F371651,
FFF830D4,
24C4E796,
EB4207AE,
FB7D13E4,
F72CCA0A,
F5830D78,
276416E2,
D713DD37,
D764EED4,
1874DFE9,
115330B5,
293B0F4A,
F46AFF38,
0CC31BB5,
039DE5EB,
CBD2F5BD,
03EDE174,
04F7F50F,
F47517EF,
E1AACFDB,
DEBCD5ED,
3A912CE1,
0B3E09CE,
D9E50562,
1DE2EFFA,
0B670E56,
E571159B,
F66BD385,
01B3078F,
18C017AD,
D2E4EA0A,
F7A5D79F,
3B3D2EF9,
1D2A241B,
E654FC59,
15850383,
14FA06CE,
E61105A9,
FD17E3B6,
0E410BBE,
FFD0153D,
DB33E180,
E50ADD35,
46711BB5,
064519C3,
EF9812AF,
1C95ECAB,
F1631AF6,
DE00EFE0,
EB88D8B5,
1C071931,
FB8606C6,
C6F7DEB5,
EDADD6FC,
2158F6E9,
09A12A6A,
0C88FC3F,
F891FD27,
0BAC2F14,
E707E75D,
D9D9E54A,
1F6F0337,
03D41B1B,
EE1905E4,
E25CDB71,
373E109C,
18A3363E,
051D1889,
090BE348,
10A331A6,
F498F813,
D234D363,
244207C7,
F8D004F7,
D89CFCA6,
DE97D534,
31C4FB06,
057D34D6,
0D080CFE,
0416E2AA,
01732BB1,
EE91E899,
DCCDDEBC,
2C95FDD1,
F12D0F04,
E414ED53,
D59FD004,
3DFA003B,
03352D94,
076A127D,
16A6DD8D,
F78333FC,
DC6ED961,
D827E01F,
3265060B,
EF0F1706,
EF44FAC8,
E5AADE45,
386F1671,
043423C0,
0BAC1447,
1B44ECB0,
FE7737D7,
E78BDAC9,
E610E7FB,
1CF106F3,
E82701C7,
FEDBFE01,
D7F0E592,
2C431002,
10321490,
055228EF,
1058E481,
F2CB2B24,
FC43E4FE,
D908E3DB,
15870381,
E886FB3B,
F73BF80A,
DFB8D794,
335E1822,
FCD50DD3,
F816139B,
11D7E70B,
E7B01E5C,
F061D566,
E91EE765,
2BB4149A,
DCD4F820,
F558EF44,
EDA8DEB4,
441229E9,
F2D60764,
0B262109,
30E1F96C,
D8C42804,
F79FCDF1,
F1C2FC7B,
2E6519EE,
D1A9F322,
0CBAFB64,
E6D9EAB2,
3A2722C3,
F086FD57,
14022F3A,
17A8E641,
E83E2C4B,
FD63CBED,
E3D4014D,
1D37FB9E,
DA7DFB06,
0CE7F870,
D38CE671,
47130BDF,
F58C1A14,
151419F0,
000EDF5F,
FFB7329B,
D5C7C1E0,
DEC8EEBF,
15F9F1D0,
D2A401DD,
FECDDD51,
ED35F061,
3DB02463,
FF6F13B8,
1524172C,
192713DF,
EC601441,
E7A8CB9A,
066201E7,
08840633,
EE4EF8B9,
EF42EDE4,
2C95FD88,
0BDE3602,
12C100D5,
17AE0977,
100728BA,
D5B7DCDE,
F8FFF533,
05FBF418,
F3EE1754,
EC7BDAAD,
E7DF0A95,
30FCFEFB,
EF3327B5,
145EF669,
127E2A1C,
ED24F85C,
D192DA66,
FD5DF5A0,
ED29E517,
F54BEDA2,
06C2FABC,
CF83FDF9,
308BE988,
FF372BAC,
184C0C98,
1C262779,
0A971C73,
C92EE1D4,
13E6F98F,
001F1257,
07F0F644,
EFEDF9BF,
FBDDF2E9,
4B3924E7,
0DDA1EDE,
1A520F5E,
22792D10,
EC34001A,
E044D2D9,
10AE0EDD,
E18B014D,
F020E133,
F21FF56E,
E547EBAE,
31D11847,
FD500DF7,
0FEAFAEF,
1EBE2890,
EB29FFDD,
E6EDDF17,
F720FA54,
DC0AF578,
F1CDDE32,
F2C8F62A,
DB43E543,
367A0911,
ED4D15B5,
1140F507,
29952D17,
E26FFB2E,
0777EF4A,
0262108B,
F641F42A,
F8E0FF62,
03D903C5,
E159F35F,
2206EFFE,
0DDD36AC,
F664E88D,
3BC5218C,
F9102DA1,
F46DEA42,
07E60B1E,
E4B9FF72,
E8F0E822,
0CFDF95F,
E824FEE7,
E8B4DEB3,
11FBFF20,
FA13116B,
02B3F912,
23B21159,
EDBD1804,
04E0DFC2,
111C176F,
CEF8D86F,
1453E88E,
E97AF3FF,
0704EEFA,
E986F1B7,
13FDF4AA,
03CC1932,
19D1FDFB,
164C2E1C,
0A181299,
1FC92237,
EDD9FD38,
FEEEF5DD,
10E7F1FB,
F02AF452,
FFBCE8DA,
F3D0F19F,
1EEFF4DA,
F5C21321,
F772E168,
325C1BFD,
FE09246E,
1D7712F7,
E6B40121,
F405F071,
1BF00821,
E0A6D97E,
05CE0A58,
FC80F84F,
F439E752,
E70000C3,
E582E839,
1F93FC99,
FED508CE,
043810A6,
19601245,
FF4F09D8,
FB5C07AA,
050009D0,
F3BF0992,
0394F009,
FB21F482,
F6CC0683,
0BBA079E,
DE17EE34,
FE32F26C,
0872070A,
12CC076D,
EDDD06C0,
14D4F6C4,
08A6FAFF,
F7E319B8,
03CDEA99,
0E2DFA11,
FBD00FA4,
E7AB1946,
DCC7F9F4,
04161009,
EFA8EA89,
F1D601F8,
FCB9F58C,
13F2F32E,
08B40918,
EC2AFDC1,
061A125C,
18842D38,
011D0F3A,
05E3FA30,
FF91F619,
E9F3F94D,
0A75F2E9,
D772D404,
EF8EBFCE,
F8EB10E3,
F968CF88,
00C6E65B,
079D2771,
143105FF,
20A2F7A4,
17B81FE2,
1897DBBB,
F4DC1B9E,
FC20F20C,
0B49EB4E,
FC01F03A,
CEAFECAF,
17B2C366,
FAF1057E,
0A120E32,
ED3FF235,
30541966,
09900648,
FEE30A20,
2B791F4E,
0F45220B,
F89D274E,
E71FE1E1,
0624F976,
FCF6E57B,
E891EA4A,
E242E8CE,
F286E9C0,
EF03F4F9,
F84F0B6B,
1B13E8EC,
15600727,
080203AA,
158D1743,
05E7FCED,
E8570548,
F8A90426,
21A5FF68,
F47900B0,
13AB0CD7,
E29CF448,
0B65FACC,
077FE7A2,
FAE1FB35,
0864FBC1,
2008F9EA,
21882B54,
11270CA4,
1EA61BCA,
140B20F3,
FEB20DF1,
1AE02307,
E91EE3AC,
1DC9DB94,
065F0502,
F024F4E6,
02F4E59C,
E76B10B4,
D5F7EC85,
07D9F934,
07391144,
0B8119E3,
FCBD2625,
EB29F101,
EB91F04D,
ECF2FA5F,
F1B40FD1,
D7C2091B,
DA4F076B,
E6A0F653,
D97E01A5,
F73BEAB3,
E72102C6,
C591E02B,
154A0754,
00C724CF,
F0D4084B,
310D1C45,
291D2B28,
FD9D06E5,
1A970C0F,
ED350CC0,
1041EB6E,
FEC31AB1,
E311EE65,
025EF9FB,
DA52F53D,
261DD243,
0B200A72,
062D0598,
0709F5C2,
FF1A2120,
10941238,
049E0843,
0B1817B3,
FBE6F047,
ED6BFE08,
EF0FC7E2,
0BA822D2,
F4570F5A,
F6E7E359,
06E50D0A,
142A19D7,
EE6AF730,
11AB0F81,
0830F730,
104F0536,
2CB412BE,
219AF94B,
182D165A,
04A3ECCC,
ED90FE48,
036FEC43,
D1A9F5A1,
F982F3B9,
F877002D,
F0FF14AE,
FD390017,
0DC2106F,
F0670891,
17CB0397,
06F6EDEC,
09C9FD07,
2EA2F62C,
23931CA7,
18381F10,
027C004B,
F55509E0,
D82AF571,
F591E608,
EAD7F389,
DC08F591,
FF1CF978,
EFCBDDDB,
FDD7042C,
0D1D1318,
FD920A81,
2BE20A71,
0FA215E6,
0B9100E0,
41082549,
FBB12351,
F66500DC,
06641210,
D8FCFF77,
D46AD1A7,
E9EFEFA7,
EA63E33A,
F2D7F275,
FD8C05E0,
F136F8BC,
12A51198,
0604FCDD,
0A6C1280,
093E2872,
0EA7164A,
10F5298F,
0EAC1719,
04880B5C,
23800292,
DF77FBA9,
E6D8D678,
FB19F478,
DC2FE905,
E35BD1E4,
015907DF,
F5F7E706,
F877FA48,
07AEFDBB,
F8C80CF0,
1DAA097F,
0E322C80,
17A30AF8,
28F826EA,
09DD2171,
F9CB02FE,
1CF410C4,
D0810874,
DD79C1D9,
E862F724,
D95FDC4A,
EC95D9B5,
F547F510,
0A6BF682,
1316053F,
F9D401B3,
12D9F7CD,
41D123C3,
018A1058,
1D28004F,
2A452D91,
F17C078F,
037BF4AC,
1940194E,
D382FC86,
EDF5D156,
F0A801CB,
D1B6E5F2,
030ADFFF,
FDA50C06,
F1C0F4FE,
0194FDFF,
F9EEFBAD,
13450170,
10BA31E3,
003AFF31,
21D4182F,
FEEE1AE2,
E9F2F084,
1481FEEC,
F5391355,
D199C86F,
0954F352,
ECA4036D,
DED0D433,
192D03D4,
FCEF1B54,
FCF5EAEC,
FC5B0142,
0F97076B,
2A2F1BAB,
1EC1288A,
1E9D1DDB,
26D225E5,
F2021327,
FAEFE8EC,
027607A3,
D4D9F253,
EC9FC2F3,
F676031F,
DFEDDD39,
EC1EE84E,
10FF073C,
E013F04F,
ECF2EF4B,
2F41ED93,
16F3459B,
084BFB8D,
1CA912F5,
1D8E2653,
C266DEEA,
F7D1D808,
185AFBAC,
D7E11881,
017CC113,
0FA62B39,
F224F8AA,
DBFBCBAD,
2253154E,
E935FF3F,
F527F675,
428003EB,
0AE53FE7,
13CA0253,
0CFD0C6E,
09EF2464,
D16DDF72,
0AEBEFD7,
10371B1D,
D833F2B0,
1076F831,
FBEE158C,
DA51E8A3,
EDA3D88E,
FE08105C,
D47EE54F,
31B60231,
1A8B21B0,
FC7A1EF6,
0AC2F197,
F419175C,
DF49DB3E,
FB31D5CC,
26E01CDF,
F2050715,
FFB4FE80,
0BA0FB09,
D7E0EF8D,
F5D9D8DC,
FBE9F8BA,
FAB6F4A2,
3EBF3086,
1AB30E59,
FDA01D17,
1AA201AF,
DB251289,
0086DD0F,
1943FC44,
07A41FC6,
FAAEEBD4,
0B351AB6,
DD7CF29D,
E71FD765,
FE39F307,
EC2AEF9B,
2D5033B5,
1CEE02E6,
EB5D1D2E,
0A0EE638,
DF000991,
F446DDB9,
0353F8AB,
2484203A,
EA2AFD2D,
EDE0F990,
F1D1E47B,
EBF8F213,
0821F603,
EFDFFFBF,
3F831C21,
04D8144B,
F31F1074,
0591ECF6,
EB2014FF,
FCBBDEF1,
FD9EFCC3,
1C091623,
F3CF06AC,
F0EEFFCC,
EDC5E6DE,
FBCFFA87,
F4E9F038,
0A8FE65A,
21D939A7,
201C18AF,
F018E53A,
0E3FFE4C,
E84902F8,
FBEFF605,
0D54EFBA,
224A2F1C,
FC9BF539,
D277E87F,
F907E5DE,
F93605C9,
E84AEB54,
332EFED1,
1D392656,
E9B71D53,
F563E070,
FDC00040,
FD24F1BC,
F2D8ED00,
14480631,
0A2D1B4C,
E4CEFD62,
E167D9C5,
F716F9D0,
F1E5EF4A,
2548FDB9,
16062C57,
00972371,
F9C1E5FB,
F71FF7FD,
F1BDF4EA,
F5C1E6F3,
27C41A97,
1BAF1AC6,
DB760FBE,
FA61D57C,
ED9FF6C6,
E90CFD82,
2C5BFB48,
27E13B43,
077128E6,
EC07E9EB,
F656FFE0,
EFC3EFBC,
E942F0A0,
1D4707F7,
1ADF23A4,
D9C70BFF,
E52BC77E,
EE30EB65,
E799EAB2,
32991680,
23DC1C45,
EF5017E7,
0429F02E,
E46CEA51,
E51DF5AA,
04D8D585,
212822C0,
167C1D21,
C9A5EB8A,
F9B2EC2B,
E557E509,
0597E62B,
391B37E7,
22792827,
F69500C7,
F6230FC9,
FE42EB09,
DBCAEF05,
25D3FD54,
2E582B9B,
F9DD1ECA,
E506D3DD,
DEB9F699,
E04EEF93,
2F75E696,
18CE2C6E,
0BA8299C,
F516D814,
DBFBFA49,
F2ADEBC0,
E4E0D676,
25071773,
20C921C2,
DDDF037C,
E6B5D666,
E801E234,
0969DF3E,
29A33AB9,
2F4E2108,
EC6005B1,
F2A60718,
F5B9E436,
DAC4E702,
2880FF08,
27FF2B2E,
FEB31FD0,
E17FE00A,
FA4BF3F7,
E0E7EBF8,
38CB0F25,
222F24D8,
F2682275,
FCF0EF0C,
E334EA46,
F47CF453,
F69EE3F5,
18B7135E,
13F317FC,
E32406ED,
DE71D951,
DA30E44E,
3E190098,
0331273A,
039527BB,
04EEED3E,
E5E20C1A,
F856DC3F,
F1E4EE6B,
21181260,
045912EE,
F9040B8D,
F029E290,
D136DCAE,
3541F91A,
036828EC,
114F2ECF,
F9B0E16E,
FC45172B,
F7C0E7F7,
DEE6EA14,
2FEE055E,
123423BD,
ECE60C21,
EDE1D877,
DB08E836,
2959F6C6,
05552FF8,
132529F6,
FAFDE716,
E9B10807,
E798DD79,
E768E571,
30EE181C,
01941E48,
ECAAF64A,
E6E5CF8A,
D17EE98A,
383EEE3D,
1AB22DF5,
11C42EC9,
0757EBEB,
E1660B05,
F60AE654,
EC0DDFC2,
2DF914A7,
156C16DF,
E12A0EF3,
F3F2D466,
D2D0F000,
31CD0411,
0D111239,
1058339F,
0860EC9A,
E08507E5,
FB82E829,
E930E12E,
2C4A0F94,
16BA144F,
E0131147,
F013CEC7,
CF91EF92,
32061194,
06F10523,
02E73CA2,
1973EEB7,
E13D1204,
03AAF7CC,
F410DD09,
11431BF5,
0DE40360,
D312031D,
FE46DB26,
F3E1DECC,
33AF440F,
2898FCC5,
DAB910E8,
1FBD08B0,
E8BFE68A,
DAF3F292,
28F4E6A4,
FC7723AA,
F5900585,
D197CE15,
D93CF1FB,
245CD3EC,
07C63387,
22F92872,
F7EEE845,
EB7E1EEA,
00ADDE59,
E01AEA07,
30451ACA,
117E1140,
E86E167F,
F32FD208,
CFB4DD40,
464B1E79,
20EF0E07,
EC9125CF,
1A15F8E8,
EB0EF98F,
E9A4FB64,
FECCCD11,
0E0919E8,
0A5F0C51,
DDC2E143,
EB05F8D2,
28BAE377,
EBFA2D09,
1A74151A,
F5F6E0AD,
FBC42BF4,
0855E0E9,
DE0FEEC8,
2899155F,
F922FDCF,
D36BFEC5,
F6B5D015,
ED35EF10,
42B42E6D,
256D102E,
E5BC19ED,
0F19ED95,
DC76F4C6,
F80DFBBA,
213CFEA0,
0D8A3AD5,
F4A7F069,
CC44D8A4,
D96BDC96,
3922F559,
1E9B3581,
07BB289F,
0260EC67,
DEE60768,
E29BDFC0,
FF55E57E,
2F55242D,
03721993,
CF2CF4D4,
DFE6CB9D,
F4A6D7D0,
2DE32E3B,
27F50D78,
F86413C9,
0A180B61,
D88CDEC6,
EB2FEA7D,
1A1AF3FB,
05841E64,
023AFC2F,
DCD0E3D0,
E84CE0F0,
3077140E,
1F321C58,
F1AB0C08,
175E0811,
FA9B07B0,
E363F073,
0A03E991,
169F1F51,
FC0A0CD3,
D03EE53F,
E311E306,
3E4207F6,
05C12A6B,
EE850ADF,
0811E75C,
F7892171,
E84AE80A,
EFB2E467,
2BBE1ADF,
F10E0C2A,
D209D9AE,
E3AFCC13,
1B66EC05,
28724047,
14B71948,
F79EF60F,
01690F3A,
E024EA7A,
F275EDE9,
39881A8B,
04663506,
E0E6F210,
EE6DC54F,
EAB9EC38,
36601BF3,
23C91080,
F610213B,
0F8BFB85,
D20AE6D0,
E800E256,
17DFEB17,
1E2C3954,
F59DFE19,
C269DD2B,
E7EEDA15,
2E5CF3DE,
12D038F1,
108A20C6,
10F2FA01,
D80D18E6,
DFE8D7D9,
FA4AE3C3,
27F02125,
04E80D15,
DD07F017,
EC60E472,
208FDF59,
0F853FA7,
1B2D1E8A,
FEF60223,
029A1EC4,
E283E4D8,
DC52E0C7,
232600F1,
09AB214C,
DCF7FBAE,
EB52CDB9,
F2A9DC92,
2BDD30F9,
2734F6A1,
EF4407D4,
14580BF8,
EBA9DD49,
DF48F2AB,
2639F87C,
03F52D11,
EB9BFD3B,
D07AD3C6,
FE03DFFC,
3B013493,
26D6103A,
F1CC03F5,
21970BBA,
F6F2ED43,
D535E495,
277FF438,
169D2A34,
E5300DA3,
D4AAC8A3,
E820E010,
37152439,
21DF13EB,
EF3F06AA,
226F04FE,
E64FEF1F,
E1F0DFCD,
1EB1E7A0,
15462D8E,
FC780F20,
CF72DCF4,
D6C9E7C1,
372805AA,
12A82D26,
068A1BA3,
0523F515,
EE330775,
E84CDB45,
FAA6DDC6,
278A1501,
0739121F,
E5B2FC8D,
D30ED1E8,
304228CE,
1ECF1EFA,
D9220492,
1FC7F0F2,
00F10181,
E1A8F77C,
00FDC881,
186A2060,
F8080AC7,
D4ACE282,
E411F056,
37E1208F,
0C302297,
F1040EDD,
0BBEE5BD,
EF8F0F43,
F7ACEF20,
FF39E666,
1CC3286F,
F7AEFF56,
CF57EB77,
DBC7D880,
32200486,
19833854,
FB6F19CF,
EFD3E0DA,
F3860584,
F10CEC92,
F26EECF8,
2D791099,
0EF81C3C,
DDA7FBF9,
E430C46C,
3349FAB2,
27233FF4,
084D202F,
F4C5EEB5,
FD43137C,
E898F24A,
E15CE1E4,
16E8053D,
0F9E1D97,
E6C602E7,
DB8DCB8D,
044EE827,
2BC926EA,
079A0E2E,
EE38FE9E,
14C2FAD4,
EECEFA1F,
E973E6D7,
0269E95E,
0E8A1571,
F4B005AE,
DA25DB54,
F90CEFA0,
3EFF3C10,
17CB1616,
EB2DFDB8,
26D50019,
F86CF5B5,
E313EBCF,
12EDE09D,
054D2AEF,
F66705BB,
D4F7E25E,
E94DF933,
43E401FB,
13D43726,
03AA1716,
F6F0D7C2,
F41A1538,
EEBCE34C,
E90FE862,
248A0ED5,
025D0975,
DBB9F38B,
E292D0EE,
1C88EFD0,
29C435AB,
089B1D7F,
F122F9D3,
01C10F68,
E92AF1F8,
E440E188,
225CFE83,
105721E5,
EA4EF70A,
DA62D74E,
FAA9EA6E,
29173260,
19BB1E78,
F5BB06C0,
106EFFD7,
E937F9D4,
E5D5E9C2,
126AE77A,
168B1FC9,
F97F0C12,
DD7CE472,
EBB3DB96,
35321618,
1BC02751,
FBFE16A3,
0D9FF827,
EFF80E17,
E487DE7C,
F407E409,
0DE6093A,
F3E6028A,
DCBAF7F8,
DDDEDA7F,
31E3FA54,
20AE364C,
00280E1E,
FCE5DB6B,
02EE17C7,
EDCFEEA6,
EC7BE42B,
1BB111E8,
FB6E1937,
E2B6FA3E,
E106CE5E,
FF51EA11,
3A6F4164,
18F41ECA,
F2DF03C1,
1ACD05F7,
F34CE934,
E57DDF1E,
1255E305,
04831A4E,
F7950B49,
CE31E239,
E2BFE9B7,
3B3904E2,
163934FD,
065A15A1,
080AF7B3,
F0B01050,
E601E0C1,
E333E9F9,
1C3A0EF7,
08B90011,
E43400A4,
F665DBEC,
14D7E324,
2CF44065,
16701D22,
EB7F0427,
12AA0D33,
EB22F931,
DC0BF3C3,
1310E31D,
FA560CF5,
F4550164,
DB42D95E,
DBF2F07D,
3AEA0827,
1A392F85,
FE2D11AB,
FE4DDED3,
F63017DC,
F30BFBD8,
E4B9E384,
09DB0AC9,
036D0AA7,
DF8EF6A6,
EB0DCF79,
038AE647,
48904C59,
2B3F15CE,
EB610D14,
23FC0285,
F453FC3D,
E8ABF56F,
017EDF98,
05A420D2,
FEF5FFD8,
CD07D61E,
E5CFF0FE,
3407DD27,
1A44353A,
18E5207B,
EB04EB46,
0255153F,
EDB6EEC4,
DAD7F06B,
18EF05C1,
013B0846,
E757F6EC,
EDF2D24B,
DC53F5CF,
3C3FFB3A,
09F6262D,
0C852956,
F8EBEE3C,
EAC91500,
F879ED45,
F4E2E8C9,
17DD1262,
06660A81,
E906FB1D,
FDE6ECF5,
D7EEF3E1,
319B00A3,
16661634,
06572F5F,
0024F250,
E8BE0508,
FC02FA64,
F6E2E8B9,
0E0F1E5C,
10E0FBC9,
E8F1F75F,
FB7AF3C7,
DB1CE129,
0956E616,
1D0B28A5,
12F0311C,
F062F65B,
FCD2FAF3,
FC460021,
E771EE05,
007EEAE8,
1C85120D,
006B0A55,
E753E770,
E506E5C6,
DE04E869,
2D96170B,
299F1E9E,
043B1B92,
11D602BC,
F00C0090,
EBE5E793,
FB8FF059,
0C901947,
08491194,
F86100D2,
F502F87A,
E326EBCD,
0C4ED7F6,
21662775,
24BC1F12,
F877F67E,
FB1204A0,
E71DFAF6,
E03EDD7D,
06A9EEBE,
24800E5B,
FEB50B24,
F2D6E25A,
EAF2E7BD,
D6ACF23A,
24A0E19D,
1F85299E,
14B22D58,
FEF5F74D,
F9F1077D,
F385FB65,
E4E6DEDD,
0C3303CC,
1FBD1FCC,
E9AE0B1F,
EE2DF5C1,
F527F12A,
D809E074,
2EFE0CB8,
24262783,
FA392ADC,
0908FA31,
EDF205F8,
D6E0F5F4,
EEFACCAE,
263F21F0,
15D0274E,
D3E2E3AA,
F768EC4C,
F7C6F589,
CB11E1B6,
30D7E2F8,
36613728,
0A8D2632,
ECE6E15F,
EDAD0280,
F62A0904,
E21DDFB4,
1F770AD8,
2BCF2A55,
E48D1B6D,
EF08E59B,
F3A0E6A8,
EBEB0273,
EC95E375,
1E1A1F0E,
22642A70,
E7890358,
05E6F3C0,
041AFA6C,
E1F7EDBA,
1242E4E2,
284F1ACE,
F9641810,
ED1CE622,
FDBF0368,
EB11F640,
DD29D8D4,
27DEF430,
39532ED4,
FF242083,
F24AE38F,
00B005A3,
E9040181,
E0EADFA8,
21521372,
283F2D3B,
DFF206C8,
E9C6DE16,
FC07F08B,
F69EF8A2,
F1ABE9C4,
2756E682,
28E52D18,
051A17AB,
EE43E23E,
08531526,
F99CFCB4,
DEA0F229,
1D610EEC,
125E1328,
E78C05CC,
F598E800,
EC3DEECF,
EB0BE8F1,
F86BE7B0,
FB9DF8EF,
2F1F4513,
26BD1242,
E0B705E6,
0E57F89B,
F845ED98,
ED63F638,
2391F2DD,
0FD91C89,
F12E04ED,
EAE2D6C3,
F190FA4F,
FE3B036E,
F104EFE3,
FC5FFBE9,
268BF18F,
19EF2B2E,
12051908,
092E00FD,
FEC51783,
F01AF9CB,
DDCBD46F,
1FFB0BFF,
18A7162B,
EBF406A8,
036BF2F9,
FA40EF4E,
D835F163,
F912DF09,
0072F43D,
F78A062E,
042BE6AC,
20D82902,
217A1C96,
F9FD0C48,
0EE20FCB,
F8CAFDD9,
DD0EEAA7,
1A65F148,
216A1FCD,
FDDC1842,
F224EA55,
EECFF59B,
DD95F7BE,
E902DFEE,
085AFCED,
FDEF0D69,
EE8DF400,
2DAE0AF9,
2D843165,
01E412CD,
016FF447,
0D8A0957,
E8C60079,
E4ACCFC6,
15BE0466,
16452307,
D83BF196,
E5D9DF7B,
0272F659,
EBD5FB96,
ECF7E95C,
19210039,
02DE176B,
F19EF12D,
1704F07D,
3359380E,
164F1F7A,
FFD001CE,
0EAD14A4,
EFC2FE93,
D62DE3BE,
126CF48F,
1C2D1C27,
F43D143B,
EE4DDF49,
E4FFEED9,
E54BEBB3,
E916DC0B,
14220AA8,
18F82272,
EB5E046C,
F82BEBFE,
0525F4DC,
083CF545,
24F91627,
24DA1CD8,
071D1413,
F8F00A4D,
E4D0EB07,
F059F039,
1A300505,
0F9C2750,
F4A11108,
DF2AE0EC,
EA04EBFC,
F380F26C,
EF11E231,
0723FCC4,
1A1E074B,
F0E4064E,
FB1CEA97,
12AF079C,
0D751A48,
EBD5EE5D,
30851AD6,
2EFA2E1A,
ECC51561,
0263F761,
FE19064B,
E74CF5B4,
E6FCE1D8,
1FEC0598,
17E0235C,
F0BB0E6C,
E1D8E061,
EB48F0E8,
F4BAEE78,
F5F4F9CD,
15200EE5,
0E200B38,
EB01FEEA,
F80CF9E7,
0299F960,
0DA9108E,
19A5122B,
05F11B88,
FF38F5BC,
03A6FD26,
0E700B44,
F9DA0166,
F88BFD27,
FB2EF6B9,
F3CEF54B,
F7A8FE3C,
0911F717,
057D0F2C,
FBE1FE3E,
E887E914,
FF4FF208,
F88CF70F,
F66AF79D,
0E37F98F,
F9AD0812,
FAFB03E7,
F9BDF44D,
047E0991,
186B106B,
057F160F,
00710697,
054BFEFC,
FCC311EC,
08B9F979,
0CE30000,
15351E92,
F8BDFBCA,
F55DF146,
FE07F311,
F84D0070,
FCC1FE31,
0011F9E2,
020100FA,
F0E10AF8,
F089E880,
F18CEA02,
015602EF,
F9BCF8F8,
FE07FA27,
FE8FFFA4,
FEDBFB17,
038501A8,
0D5F06AA,
F88C0557,
04F50004,
08C9FD9F,
FC7310A4,
005DFCAF,
07C6FFC7,
09ED14F0,
045206A4,
04EA0108,
16700BA6,
063B1268,
FDF2046C,
FA19F8DD,
F414F20B,
0101F8FC,
F6ECF66C,
F7EDF11C,
FC2FF723,
F00EF5A1,
F123EE1F,
FC81F87C,
02370B13,
09930D81,
F95F071B,
F40A0065,
003BFC1C,
FC82FAFD,
00F5FE76,
0D74FC39,
06BF0420,
0B0CF9B7,
082205B5,
10900FFB,
0007FDE7,
0E430C70,
0552130A,
F9F904B8,
09E9FF41,
F8441043,
F5B4FFA4,
F017F049,
FD72FA42,
F95D004B,
EFB2F29B,
0690F283,
FF67034C,
FF02F846,
FB6BE313,
06B301D7,
06110A78,
FC01FC28,
031402B0,
0AC90A61,
F60A0B81,
F891FCBB,
F913F7FB,
0D741443,
03EB0488,
F225F681,
FD27F92A,
FE480151,
0490F8B5,
0AE8FF51,
08EE0DC0,
FE7BFBE8,
0E6B047B,
05D006F9,
F754FED9,
10300503,
0DD810A3,
EFA6047D,
F5AFF4F9,
FD9FF97D,
FF1508AB,
F650FDFC,
F648F046,
0390FB99,
F861FAAA,
F67DEE4A,
0887FB9E,
011903C2,
EB1AEF9D,
05BAFA33,
0828FD31,
01571210,
04DB052F,
FD9803D0,
064D03A7,
FA2B064A,
FCC702E1,
10DF085F,
FF7712CF,
FC48FF4A,
0567F584,
02B20156,
00F30030,
00DAFA26,
0222FF4A,
069B031A,
05DA0A11,
FC4301FA,
FC8F03B4,
028A08B7,
F11F020C,
F6FAEFA7,
FE6AFC2D,
00D00A3D,
FE45FBDA,
F496F79E,
F311F62F,
FEA5F07F,
013D00F9,
FEEAF826,
F53AF352,
FDA202DD,
FC9EF72A,
018B00A6,
07C10A97,
0D91098D,
11CC19A5,
0178104E,
051EFB51,
1BE810ED,
0EFB1670,
F6BAFAFD,
0281F8D9,
0AA001D1,
FD76009F,
F4D6F603,
FBC9E99E,
05850007,
F25C0183,
EDA3E497,
066E016B,
07711203,
E942FFDF,
FCADFABA,
FA0BFB0A,
F840084D,
F767F05B,
F800ED08,
138402AF,
0A5B0A50,
F849F984,
0AE9FCEB,
0E2E0A68,
009C02F3,
011FF945,
12930D28,
0ABE1090,
F768032E,
F8C6FEAE,
FEC104CD,
FC340380,
F034F596,
02190066,
07800595,
FA690045,
0149F787,
00150157,
02C00067,
03ECFF0A,
01AD021B,
0E7C07D9,
FBA6FC56,
F496F8C1,
00BEFD50,
F9CBFAD4,
F5B4F920,
FDC50301,
F9CE0201,
F435F61F,
F9F0FCEA,
FD5CFD8D,
FEC5FD51,
078FFDE4,
08F8061B,
0577024D,
0490FA22,
0E5008D3,
02560646,
FC83FEF3,
042DFF0B,
02880DAD,
08CD0B18,
F9850610,
FF52FFE4,
FDFE06F4,
FF90032B,
FB42F6E2,
05B602C7,
FF8E023B,
FE10F593,
FFA6F554,
FADFFC5F,
FB1BF501,
FF62F8FD,
F67BFC21,
F977FF99,
03E201E3,
F545FB96,
F4290108,
0825FEFB,
08EF060A,
0381045B,
06C30AE5,
0BBEFD50,
079301C3,
00FEFF62,
045300A1,
0A5EFFE2,
0194FEF7,
FBAE0E3F,
000DFBDB,
FEDAFF68,
F5DA0BBD,
F3B2FDA2,
FE38F4F1,
01D90B01,
FDF104D2,
F8F9FB71,
02F3F829,
EAA0ECD6,
0228F98A,
1613FD17,
FE2D0186,
F45BFF4C,
0BAEFB31,
F172FEF0,
F479FB46,
04220B5D,
13731545,
FB840601,
F01905C0,
0586F965,
0D970145,
0028030B,
0D150977,
1DB7053C,
FE4F0272,
F0E3F281,
06B3F8E5,
07A7F57F,
F3E906FD,
F9B0FE1C,
F7E2FC4E,
F64FF8C4,
EC81FD61,
FECA0A05,
072DF775,
F50901B0,
06060BB8,
05B1FD1D,
FF29F2E0,
032D00E7,
FFE8F8B6,
00B8F220,
1233FF5D,
F93E0BAF,
0056FCEA,
0086F698,
F967101B,
0AF40AFA,
0D4F0EB0,
FB15046A,
07C21222,
FEDFFE6C,
EAC2F1FE,
0A59F8A2,
035D1071,
00FDFDCD,
FC1BEA7E,
01410559,
FECBF4B0,
FB44EC2A,
02C301CB,
0D4113BD,
F39800FF,
EBBCFCA2,
F512F7B9,
02A71070,
095AFFD7,
EEC602C1,
03C3FE30,
0327F57A,
0141F6CE,
028CFF9B,
12BA0312,
105506B9,
F711FFE7,
F679F556,
06C1FA81,
044FFFAE,
F7281026,
FC55FE97,
FCD5040C,
FCE906E7,
FCCC07A8,
0491030F,
043004CE,
05AD02AF,
0137040F,
06EBF4BC,
02FDF56E,
0BE80C2F,
FC49FA64,
F44AECF1,
02670036,
FD8B0C5A,
F0CBF3C5,
FC32FD94,
FB0E1052,
E26EF324,
FF18EFF7,
0953131D,
01730F58,
04DDF934,
FF64F8FA,
F58DFD2C,
0FA7F3A9,
1020040B,
0EC20A50,
091DFF09,
0613014D,
F80AF2FC,
F4BAFCBE,
15010829,
0B691141,
F5070C70,
F3FE00C6,
0557013A,
FC7D03E1,
EBC60014,
0AC2FA33,
066F0449,
EEAEF655,
FDDDEE31,
12A3FDE4,
042BFDFD,
F351F4A8,
0176F768,
0137F5CB,
F146FFBB,
FCDEFF83,
037EFF05,
F90D0B45,
F51400AF,
FCC0FFD0,
116E03F9,
058C0CC8,
F98D091C,
0892F666,
F9F90459,
FE780545,
1505F08D,
04910CB5,
F6E512EF,
EC4E086F,
0793DE2B,
08E10987,
E5370152,
043E1604,
F838F1A2,
051402C5,
EBE50547,
0E09F6A8,
0847F659,
036D0560,
FB340783,
01BAE956,
0051F381,
0AE7F294,
F9A206DC,
FFFCE48A,
EE69ED24,
041E02F9,
F85AFAA9,
F470FE47,
FE6D0878,
0AC4118B,
EB75F52E,
FA73F4B4,
FEA611E6,
0431FEA7,
FB53F2A3,
F335F7D8,
0ED80614,
F5A1FB98,
0F60F09C,
FF2009BE,
FDC50966,
06CBFB16,
FE1EFD5D,
FFD20571,
F85A0420,
FE7B0B22,
FE090FC6,
FCD2F244,
00E30B55,
FB9C07A3,
FA3AFC66,
086AF00A,
FDB20287,
FCB6003A,
02C8EF2A,
11FC00A5,
01F906F2,
F6470B13,
0680EAD4,
07E00542,
FE3926F8,
0455FF58,
FE4B06B7,
F99F09D6,
E696FF4F,
05CEEB71,
0E6D1324,
08E91089,
FE5EF7DE,
FD08F34B,
084BFCD7,
FD25F981,
0766F66B,
0E500734,
FAFC086F,
E8AAEA51,
F925E61F,
03A215FA,
F7C00D20,
F286F81F,
F93AF992,
F4DD10D6,
06CD0004,
0E1CEC83,
0F9F0B88,
FFAC0DF2,
F9DDE83C,
F8C6E36B,
07471668,
19970E39,
FAE9F53D,
FC38FB69,
05630B8E,
005DF41A,
F8B5F695,
FB9E0EC4,
F89BF28B,
F115F984,
EC5AFC33,
ED2CFAB5,
0409F3CA,
0197FAFC,
EF8906CD,
11EDF78E,
10ABF7AE,
03C80A90,
0676F4FF,
1660FFC9,
00AE0547,
EDC50010,
0578FF8E,
0A2D0836,
F6F3102C,
04AC0807,
19BDF418,
04081AA7,
00B4FD9C,
111AFD43,
20331382,
F8EF0B4B,
2127FCE9,
137BC858,
020C139E,
FE61D54D,
F0D12B2D,
1FA40242,
24FCE443,
DDD407CB,
F33309A4,
FBDC15ED,
D739214A,
F8BC0F48,
1AB4EA83,
102ADC52,
E4BE02A4,
F12F1CCA,
002109A8,
F5E80B4F,
091FFD73,
F63AFD1C,
FCE207E6,
F93206D4,
EDF9FF0A,
03760E87,
F357EBC5,
10410972,
E1C4F4BE,
0CE9FBEF,
153C1792,
0794046E,
EA390827,
024C1B51,
066403A0,
0B40FB74,
1676EE47,
F3D106BE,
F5D5F6A0,
FF52E7FB,
F4420220,
063C0D2F,
119CEE8E,
EB9704B2,
FB82F56D,
078A054C,
ED90F8DB,
EA9E0579,
FAD1F503,
F7A411E7,
F8D5E490,
F2E5EE37,
0D8F0735,
04A1F345,
F378FF86,
1F3F15F7,
2467078C,
FC7216D1,
0100014D,
02DE02BE,
00E20B7A,
E968F617,
FB1703A9,
16541FAC,
063C065C,
EBF502BC,
0A240C74,
FDF8F8D3,
019A0266,
009A007F,
00D9E855,
0B8AFBEE,
064D0341,
FBD0F48F,
042AF027,
FD540429,
F7960125,
F074F43F,
FC77F454,
F9B60E41,
EFB70799,
FA60F5D4,
0551071B,
FE150F8C,
0B02FB95,
09DFF8A8,
034808DD,
0B44004D,
00EBF295,
0D78FEDF,
07690D9D,
004EFF81,
047BF783,
FCA9086E,
ED7E0394,
FF11F4C9,
F3ACFC50,
F7AE08FE,
0375076B,
EF2DF740,
FC4CFA0B,
13CBFDAF,
120F0CFD,
0868FD9B,
0687FB74,
04EC0853,
F7B8E7F9,
F454EFFC,
0DE70DC8,
05B102E3,
F3B8015F,
FDCB0B1F,
FE640984,
F6020C76,
F2D3FB82,
FD750B75,
08230F56,
F090ECD9,
FA9FF2E8,
1165040C,
01E9F763,
F9E4F654,
0839FC82,
0E02FBF8,
F94EFC47,
0179FDBC,
043811F6,
021B0795,
EBE60334,
F0860825,
FE1AFCF5,
FADFFA60,
FC640CD9,
02EEFB54,
17B10061,
08120741,
0116FC28,
0E73F494,
0C1AFBC6,
F418FF79,
0109FC7D,
FEF2F588,
F4AAFF7B,
F72C09B5,
F694F58F,
FF620035,
FBEB1824,
F6B70403,
0EF401EA,
09AC11D3,
EC0B065C,
0021F318,
05C8F086,
F623FF5A,
093CFE4A,
FEDAF4F4,
0299F3D7,
FF270522,
F816FE47,
0169F759,
000C0BD7,
F79D0DC0,
FB2EF9BB,
F6D0FF7D,
FF61078E,
07BF0C00,
FDFFFD82,
FEF4FAAB,
13460FDB,
0482FA12,
FFE9F73A,
105C060B,
09E6069F,
FAE7F11D,
FBABF4FC,
0A95FF4B,
0C48052D,
F45BFB58,
FDC90615,
100C0AD8,
F573047E,
FB9407D5,
042E0B65,
FA8C03F0,
F2BCF52C,
F20FFB27,
FA9DEECB,
0352EF6B,
F364F5E9,
F510EA15,
0532F31A,
FF35F867,
FEFE00B9,
104C0973,
08C30B90,
F63F096C,
056C0E8A,
038F0037,
049F124B,
03B70C27,
062B096B,
0742031F,
FF310132,
FE9C04B1,
0FC4FA4A,
0014F500,
FB8CFBE9,
037AF3B7,
0100F1D7,
FFBC06FA,
F55FFA5E,
FE0001A3,
04930973,
F235094F,
FEE30677,
08DE0FE3,
F5B30A39,
F6A1FD24,
FBDCF6FC,
F66DF0D0,
FCD1F308,
065FF7F7,
FA81F5AE,
043FF38F,
FD69F98B,
09DBFFD6,
11240543,
F98A0AEC,
0400053D,
02AC0694,
F15F08DF,
034A065A,
03340E0F,
EF71048B,
02E4FABC,
FEC60574,
FB77FAA0,
0DCDF3B8,
039C0BAB,
0422F53B,
0B4AF30D,
010505F5,
00DCF50E,
0800FB6C,
FD6A06BF,
FA8FFD51,
FE1D08DF,
01AA0B32,
FF4D07D9,
0275184E,
FCF30067,
F8E901FF,
F002F8F7,
F0FFEAE9,
03EFF143,
FC88FD72,
F3FCE84F,
052BEAFA,
0766FC88,
FFD7FC52,
0AF9FE42,
1ED11A31,
F7511194,
F59803A2,
0B6108FE,
F6FA0FAA,
F6760415,
005A0513,
FBE3070D,
F4C6F69D,
0A00F864,
0C03028C,
13790342,
0725F88E,
FC82FA3B,
00C8ED70,
FEB4FAC9,
077408B3,
FBE6FF1C,
F81C04EA,
FE1F0BBD,
E953FFE5,
F447F86F,
0EF80FA8,
F9D512B2,
FE70F75D,
0533FFFC,
FA31F8EE,
FEFCF26E,
08B8F411,
F072EF67,
0A4FF14C,
0CE50AD6,
FC81FFB5,
09B003CD,
0CAE1A45,
EB6806E9,
EA98F323,
04870B05,
0B2F1B21,
FB150259,
F018FCFE,
01D7F731,
F9A4EDCA,
F464E9C7,
0EFEF7F8,
21E00D63,
047506F3,
FFAEF861,
04E702E6,
040709D7,
FD9AFAE5,
F1C108D1,
027807F1,
F1280042,
F7BD03E2,
FD6203D7,
023A0555,
0035FED1,
F692FF6B,
0663F4A0,
0C2001A1,
15D20878,
FEC4FFE2,
FD71F055,
F75AE888,
F2A5FCDA,
0322FBC0,
008D03EE,
04AB0C51,
F7EF08F6,
EEFD0000,
FE58F95F,
05A41043,
FF67008F,
0B0D09DD,
102E0BE7,
FD5300AC,
16A0FCA2,
FF39046A,
0343F9C1,
1069FC55,
06020923,
0319F57D,
012D0A32,
F177FCE2,
F5EFFAA5,
F4B506D1,
F64F041A,
00390093,
FE8711EB,
FB910586,
06470071,
FDB9FE5C,
FB78EF85,
173EFC24,
0297FECF,
F507ED65,
FAB0E541,
F0A8F2A4,
F738EC8E,
F869FACF,
01801591,
0403050D,
F23310C6,
FB32011F,
057B0E13,
FCE311FF,
0726FC01,
0D5F0F11,
09EAFFA6,
FECAEA16,
05DAFD67,
05BEEFF8,
0CF9F0A2,
0D7D1684,
0962048A,
FA13FC6C,
FFE31657,
F344034E,
F1A40607,
FE510418,
F6F109E9,
FA350A20,
F899F33F,
FEACF497,
FF06FE6F,
029AE877,
1131FDFF,
07A5FEF2,
F159EA01,
F81EF206,
F9DAF471,
EFDAEF7B,
F3DCFD11,
040F03E9,
F9700FD3,
F3650629,
FD3E008D,
02260B20,
0973086C,
07EC11DC,
0C120BDE,
06CCF944,
FFEFFEC3,
0C64FD07,
0374ECE0,
128E05AA,
1A8B10D3,
FC62027C,
FCACEEA9,
FDE80879,
F31D0368,
07C5FDE4,
05221296,
EB981875,
F474F12E,
EDA0F073,
EDF40990,
020DF00D,
11A1030F,
018A097F,
F90FF0AB,
096FF05B,
F741F042,
F7E5E3CE,
13E008E5,
0924FCE2,
ED1EF666,
F8540786,
F905F6FF,
F3A20180,
05D212C0,
02C0144E,
0A521491,
F52A0720,
F98A021D,
0494F91A,
1664061A,
09EAFFCF,
089E0C59,
10A1EAA1,
FD15F73B,
0573000D,
092BF44C,
08CD087B,
FA790CD9,
EDD5FE0D,
F75BFCFB,
E7470432,
F6D2FF12,
082D1411,
06C208CE,
F06F01D0,
0125FF2E,
0923E5B5,
06160117,
0CD6FFA1,
0904EB32,
0706FB33,
ED5FF229,
EC28E507,
01C2F3FB,
FEAE0F96,
F69C0F6B,
F9C6076F,
F87C08F3,
F4B40FD5,
FE9E0BA6,
07BA006D,
0A720B46,
0CC203CB,
FF0EF973,
013FEA7C,
0D53E7DF,
17E815D4,
19CDFDCB,
FDCFFB17,
005F0FD5,
F598FD64,
F405F8A2,
F83D0ADB,
03A1197D,
FF8E0CE8,
E5DFFFBA,
F145F79E,
FEF2FAB1,
0DD80105,
0CF7FA29,
08670E90,
0AF1EDCD,
FDB8E97D,
F67DFC32,
051AEB53,
0791FE80,
F3D008D9,
DFCDEE7F,
EDE0F39E,
F892F936,
F8081387,
145219E7,
01560E27,
F87308BC,
FE81FF43,
FBD7F1FA,
0B5EF520,
16460BC2,
1376027A,
FB91EF0C,
03E4F3CD,
0392F524,
0F2810FD,
17EA0CDD,
F4FE1693,
FDA50D9F,
F229F8B4,
E681069F,
FBFF065B,
04120984,
FE8E07CA,
F460F423,
FDC0FB01,
1422ED20,
08C100B8,
10840623,
0B98F4F6,
FCA2F270,
F571F43A,
F05DFCAE,
FD6AF38A,
EE7A04DC,
EB970B6C,
EBB9EF5B,
EADF02CA,
0F2F03FB,
00061779,
12A20DAD,
0CA9F4FF,
F9F10778,
1044F55B,
07B7E451,
0FEF08DE,
0F19042C,
0001F82C,
0818026C,
F81A07FD,
07EE1160,
07D307B6,
EBF21501,
FD940E7F,
F7A9FF7C,
EF9D058B,
FE2AFA4C,
052A067C,
06A0F42E,
F69AF249,
0067F4F4,
14EBE5D5,
0C1D0284,
02E402AD,
FE1BF27A,
FD61FD8B,
E9B8F8F0,
EA04F7F5,
FE97FFA4,
EB9E00B6,
E5C507E4,
022C0478,
00D600BD,
0CDA1E1E,
0E730095,
060000E4,
2018050E,
FE4BFD63,
FE0DF605,
1AFDEE18,
03D21155,
FEB50382,
F66AEABB,
FB0D05CE,
11810768,
025311E9,
026E1028,
00EE0304,
F9E60E0B,
F4C4FD2F,
F3C5F190,
00170211,
F59AF770,
F476F073,
FACA02DF,
0759F8B4,
04450302,
0C040F0C,
FC0AF9CE,
FC54F05E,
FE8FF1F0,
F9E6FBBE,
07D2EF34,
F72DF9EC,
F7E20324,
F4B4F087,
F81BFBC9,
0AF10AED,
0DA51E17,
08D71A1E,
FBD2FE87,
F2DF0E06,
08250839,
F37FEA60,
056D052A,
1914025D,
05F90503,
FCCAEA7D,
0BB2F91A,
14661170,
095100C6,
FEFB00A9,
03241869,
F9AFFCD6,
E6EFF6CE,
F0E300CB,
0601FFF8,
F59F07DE,
E24FEFAB,
F935E758,
18371379,
06DEFDE7,
FF02F940,
0CA006C2,
FA32EC6A,
F40BF284,
FC4CFACF,
FE30F96F,
05ED016E,
EF850242,
E9EFF417,
20720A20,
07C02054,
F2A714B2,
0FB101D3,
05F609EB,
F54D016D,
0593F0B2,
0D2FFB1C,
12D2049F,
F717FB9B,
F7F3F5C7,
0E8DE634,
03011A15,
085B08A2,
085C012D,
F8501013,
F4CF03B6,
EB02F510,
FD49FBF2,
FDBA07CA,
F1910A2E,
F8C0EC89,
FB34EF06,
0EDA1253,
10FFF802,
0A12FE3E,
04AE0950,
F0F7E97F,
F287E699,
05C1FC17,
FE390A91,
F36D0531,
F9F9F40A,
ED0D01E9,
04770C8F,
052E0077,
13C91355,
066216C6,
F40DF686,
04B3EFC6,
F51FF962,
0840F77B,
1E340803,
07200BD2,
EA83F664,
1CBC01D5,
00920BC2,
F5920203,
150909B5,
00531850,
EAE8F7B5,
F3DBF03B,
FF440AF1,
F858FA11,
F36BF08B,
F6CD01CF,
1BFE0029,
FC380221,
FB4AFF2E,
123DF727,
FF89010A,
ED5DEC64,
FF83EE8F,
094A09DF,
F829F9EF,
E90DFA13,
F8D2FFDE,
0C22012F,
F83B133D,
03A80F45,
0D710936,
FC020885,
EDACF4BE,
08FAFC78,
1535025D,
014CF8EE,
03B50148,
07AFF5D1,
07A5F086,
08EA0BC1,
0BE00F1D,
04A605DE,
F9BE0A10,
E9F00B04,
F7020047,
F861F83A,
F7370B0A,
051C049E,
F432FAF4,
1050EBD4,
0F451088,
02490A55,
009ADDB6,
035000D5,
FB790209,
F3F0E848,
0AC5FABA,
F3F1071D,
E6ECF759,
F562EA86,
05920361,
F47C1C00,
FB07FBD0,
00DFFCE2,
079417EB,
F4FEF96E,
0741F176,
1BD90902,
003C0E28,
FF05E553,
054CED12,
112A0A98,
085010BA,
0B9B0054,
072D0BE3,
010C1836,
FE90012D,
FF550553,
FC390BC5,
FFD50D54,
FC46F8FB,
E32CF195,
F715EF4F,
1B5307DE,
02D4032A,
F058F0EE,
134FF6D0,
04F4FB5D,
EEECEABB,
FAB9EE49,
13090FE1,
F47F0089,
D96BF367,
F3F7F3FB,
127C1445,
FABA10C1,
F1A7FE6D,
102402A0,
0C130A27,
F21DF92B,
0771F3B9,
1A0204F6,
FD8B003B,
F2C1EF9F,
0FADF96D,
20F1097D,
F88A1741,
F88A06F7,
0C81FEE7,
F6EA146E,
EC4302C1,
FF40F9E9,
186F14B3,
E64A0077,
DEF5E9D0,
116BE299,
0DDA0148,
01F018E9,
0D5CFA99,
0A21FADF,
FC770131,
EA96F575,
06B5F36D,
1341025F,
E88A1520,
EE8AF320,
EC1AE63B,
F6EDFFC1,
05E80D3A,
009D0938,
0212FA28,
FD7707BD,
FE4C00C6,
067AF25E,
05670043,
0ED70EB0,
08A1F7AD,
FC03F977,
F1D1F238,
1BEC0A57,
186A1745,
EFD2028E,
FFF90990,
0C9C0F9C,
EAA9F919,
EFE601CC,
14E813A4,
FBAC0516,
F22FEF58,
FB1AFD2D,
1717FD18,
06E9FB77,
FE57FDA6,
0513FC26,
04D4F7DE,
EEF0E957,
FD6EFEFC,
0714029F,
F216F429,
E9F9FC03,
F8EBFE0D,
FB49F2E1,
06911384,
07C41C12,
FA2F0B06,
030DF583,
F90CFF0B,
00E40540,
0ED6EBB6,
09B2FEDC,
008B0639,
F638EC66,
0048EBFB,
0BB909C2,
06570E4B,
0A0D075B,
002408B3,
EA5313DA,
0373FC85,
00770309,
F54F0ED3,
FDE50106,
00D8F79C,
FB23F3CB,
FEADFAD9,
0DF300DE,
1A280000,
FD4B0287,
FB56F5FF,
1042F78C,
09C6089E,
EE5800FC,
01E5FEF3,
04CF06F2,
E117FC37,
E102F125,
17080778,
05EA125B,
EE3C0A80,
0729F72E,
FE8DFEEB,
F5BFF668,
F6DEF014,
05E1F848,
0A70F79A,
FB2F02BE,
F65EF4EE,
0C0EE8BC,
1A8A1C67,
06B01CA6,
F696FAED,
0D2B0AD9,
FD971272,
F15804FE,
0300F845,
FFF20492,
02B80E6F,
F4F6F853,
E95EDE0A,
22000633,
1D6223F4,
FBAEF96C,
04F0EF83,
049C0D43,
F894F940,
EE30E75D,
FE2EFB69,
035F08FB,
EC26FF4D,
E46EEC04,
EB3CF62A,
13DD12C0,
084C07A8,
F8191001,
0C2BFA39,
0A93FD47,
FBD4FCD2,
F362E983,
0BCEFD97,
0C10FBCA,
E5F5F7EF,
0262FBD4,
0A2AFB05,
01C211B6,
043510B1,
FA580C55,
09F601F4,
FC181037,
F6FA0AC3,
0C80FC45,
05FC09B1,
FC3F042F,
0090ED85,
0368F6AE,
0B42E439,
0AAB1C1B,
1368FAA7,
FBC6F43C,
00C4126D,
F30AFAAD,
E91DED42,
086B0C1E,
EC6C1006,
E8AEFF6B,
FC71EE54,
E99B0761,
EDD6F0E2,
1886F2DF,
154113BE,
FCA107EB,
FB0BE54E,
0FE1F577,
FCEFF87C,
FB95F73A,
1034F849,
07790CBA,
F45C0ADB,
00D80326,
FE9F0585,
03710A87,
0F92259E,
0F55181E,
FBC0002C,
FC040C58,
01CEF94D,
FB02EAC8,
0470F88D,
01EFF6EF,
06EEF3A2,
FC18EA69,
F4B8F716,
FFD9F69F,
076306C4,
FC0206BE,
F6E5109D,
012100B6,
F0B5F99C,
E4770259,
FB43F0BF,
06B6FBF2,
FD0B1072,
F8C7017F,
06A1F66B,
F807F624,
FBF3EBC1,
27E80E9B,
197013E3,
F093FB9F,
037300C4,
031201E9,
ECF0F42B,
FD500493,
10A51408,
028E0F76,
F6360645,
F205FD75,
F65FF957,
0CB5F2A1,
094F0EAF,
14FF0B2D,
0EFAF834,
04110268,
F931F7E0,
F2C7E35C,
1644F66F,
06F01403,
EEBC0324,
F9A7E012,
F68605DE,
E23500AC,
EDF3DF1D,
106F143F,
08B32356,
F107FF11,
FE57FA85,
08F5FEE9,
F12803E3,
0BD2E993,
174D008C,
08510E9D,
F9EFEB33,
FEB3E9C8,
04990064,
F5A6076A,
0BFDFD7E,
0E3B1478,
FCFC1A3B,
F51A05C7,
00AA05D8,
F63C0743,
F4B20398,
0D6B012A,
06DF050A,
F716FA30,
07D9F599,
FE62F3A5,
F2E6E87E,
016BEF25,
10660F07,
07E802BA,
F1DFFCFB,
FC5A0A7C,
FE0DFB07,
F0A8F96F,
01100558,
15EB0F7A,
FB0F1202,
EB7EF53A,
0529F995,
FF4DFEB9,
F8A1ECE1,
02F5F1EF,
17251117,
0A4EF825,
EE50F789,
02D6F6FF,
04F5F627,
02370982,
FF5B07F9,
0ADA0F9C,
FD870F76,
ED7FF73F,
F867009A,
068F093A,
F744F7B1,
F53EFB65,
1D3CFBA7,
0E2105C3,
000403DF,
08CFF6CA,
0452FFFA,
04AA0275,
0602FC22,
0CDC0D93,
05AB0CDE,
E72CF533,
EF5EF8C0,
0036FF5A,
E744FF3C,
F155FC8F,
03B4FED8,
0815120F,
0025FE0D,
000DFE16,
093CFE53,
FEF3F4B5,
F73BF16A,
0019F463,
050CFD03,
FAA6FF7A,
F88DF6E5,
024507FA,
F6AA0883,
EECCFAFF,
06B60BD2,
073E17F3,
F5150C70,
16E20EF1,
11BC1C38,
FA8302A9,
03F1EA31,
0A8607C2,
048BFD66,
01E3EBB3,
0CFB05C3,
0B640A47,
EE08F28C,
F841F829,
04E80635,
EF2EFC86,
EDC4F2F4,
F26DFC36,
F6150349,
FAD9F2B1,
102812CC,
07B0180E,
FE77F20B,
0479FBAC,
FDC90154,
F74FE6E8,
0DE5F4E6,
036F0092,
FE70FE9B,
F653F3DA,
FC43F6FF,
FECB0B34,
F4ED09FE,
FA9EFAA5,
0581147E,
FB2614CA,
FCFFFC33,
2314199D,
078A1D03,
F728F4F9,
1140F3C8,
10560679,
F5E0F92D,
0A89F196,
10150081,
06560F03,
EE1B0016,
F4ABF40F,
F64C0479,
E4DB032B,
E56CECA2,
FBD9FD02,
F99309EC,
EE96F6E9,
FBCDFD73,
FD65F885,
04060126,
18AD0B03,
122E0564,
0D12084A,
005D0248,
F2B3EE15,
FB7FF123,
022DFFA7,
08A11055,
FD910B66,
E706F625,
F5FBF818,
FB430120,
00E4FA5C,
0DAC09E9,
149F1DFF,
04110103,
0A8902F5,
07930106,
03C1FBAF,
0E9FF9C9,
05C4004A,
0A76043F,
FFAFFD6F,
F8B3F3E1,
F9060288,
EDD7F9F2,
F085EA43,
09E112BB,
FD0D1061,
EE83F38D,
006F0266,
F22FF6C3,
FCC7F57C,
0A12F885,
FB20F8EB,
0F36FEE9,
0BA0FB7C,
F7B8F3F2,
082AFFDF,
0A630561,
049F0569,
02F10E76,
F5760713,
FFAE0424,
FB4A0CCD,
F1AC015D,
084A06BC,
08F40C9D,
F1F2FAF9,
04EDF548,
072DF623,
000BF58E,
09D3FD4B,
078FF80B,
00B703AF,
0217FE33,
F42EFF44,
01440A44,
F9F007D4,
E410098B,
FB980151,
F4BAFE2F,
ED6004F8,
005FFCA5,
FD04F5C0,
0979FABB,
08C2FD19,
0A4400C6,
19A1F203,
05D501A4,
05EF0485,
010EF6F4,
F3EFFAD8,
F38C050A,
F8260046,
E9D0FEC5,
F156052A,
F54503F3,
FA0C06A0,
0BC70C91,
05C6081D,
06F00A60,
13CBFADC,
FD4FF546,
071AFA8F,
101CF197,
0481FD4B,
FEF1F6E6,
FF5EF8BD,
06F9FC88,
FDD30481,
FB820C17,
0F640EC7,
FF7B0CE5,
EFDC116A,
FA5901A9,
FB5EFD45,
F9A30364,
F1EFFC22,
F94BEF97,
0DD5F867,
F8D0F880,
FF89EDAC,
1A6FFB8E,
00CBFD7A,
FB5DFACB,
093FF4B6,
F423F6F3,
F9C1FDDF,
FAF809A3,
EE2FF904,
F6BFFB81,
F63211E1,
F66200B1,
0A170188,
09211681,
0D930C59,
208C0A07,
02C807B9,
02F0F8D4,
1926FA35,
0454FD28,
FD33F447,
0F8403D1,
060D0C11,
F4F1FC10,
ED13FF83,
F6640380,
03D404E9,
EE720D00,
F70806D1,
FC43FB08,
ED43F30F,
EEB5F067,
0317F0E6,
0232ECB4,
086FF581,
092DFD23,
0883F921,
0A97F61D,
F7870626,
064206F6,
06AA0131,
E7AD0BD1,
FA9F0D0D,
019A0795,
ED570499,
FC0207FC,
0E700AB3,
071408FE,
071CFC89,
0C12019C,
1A99FDA1,
1493FE51,
069A0359,
1017FC7E,
0747F9A6,
F1ABFD0A,
EECEFCEF,
F7E5F7E9,
FF0D0B8E,
EB210C66,
E9420126,
00A5FE29,
EDBE037C,
ED12FA5D,
10E7F6CC,
FB9BFA96,
FB81F1F5,
1221F888,
07ECF4A8,
0574F486,
0EEF0244,
FFA200BC,
0354FBA8,
FE98055B,
F6240ED6,
070006E2,
EEB203B6,
ED3F0992,
0A460B59,
F9E8FD87,
F53A00AF,
120E04A4,
0C680214,
0F78FC7D,
0926057E,
1098FFF5,
114DF4A3,
F95B057A,
FC40FDA2,
0702F66B,
F5A5067A,
F2FE0A93,
F8DF0134,
F5B50183,
EC420562,
F4C3FEB7,
FC56FB58,
FDD3FA93,
F776F7D1,
06C3F42F,
0EBAF2BA,
000DF649,
05FBFB09,
1296F439,
06B901C1,
018C0A1B,
01BB066C,
041108B8,
ED2E090B,
F0690AC5,
04890239,
0055109F,
F7D81182,
02A7FB66,
0557F895,
01B6FF66,
074FF485,
1489F569,
075CF886,
0145F8BF,
0CAAFB57,
00520117,
FC2DFE46,
F4260BCE,
F35DFEF9,
F5580268,
EE02101E,
F9A00275,
032D01C0,
FAB70D93,
F57AF83D,
086BF3E1,
08A4F6DD,
0BF7FBEA,
0C3EFCDD,
06CAF18D,
035BF2F7,
019505B0,
FFBBF8E4,
0269FEB3,
FB19133A,
F21C0A24,
F161F9DE,
F7E009AD,
FB0A07C4,
01460DC7,
0376FC5F,
FDB6FD6F,
032F05FF,
09EFEC07,
0CE5F2BD,
16440F55,
0803FB1F,
00D5EBBE,
0273FF93,
FB9B0846,
051203C9,
F69D0389,
F23C130E,
FD3F0F0B,
F6BC00CC,
F20F0303,
FEA709EE,
05E3FD3B,
F7E0F4F7,
020DF5FF,
1022F444,
0FC6F825,
0226F428,
03A5F645,
08B8F8E7,
F490F511,
F706FB3A,
01440EAA,
FC3D05DB,
EA890198,
FA510998,
FB2808B6,
FDA70B54,
F804FF6D,
FE000761,
096EFDD5,
FFF5F751,
01D6F8B2,
17ACFE03,
101EFA54,
F584FC8F,
0FFAF77C,
1156079E,
00AC08C7,
F9080384,
02D30AD5,
F4560425,
F5FE0185,
F3CD0D8B,
FF420756,
054CFF50,
F69A101E,
FD9DEC03,
0BC7F029,
03660190,
03BFF1A2,
0D51EE12,
03B6FE33,
F4A3F74F,
FEF3F427,
01EBF8DE,
F1C00782,
F47B0F3E,
F876F7C4,
F5C20B13,
FCA01B6F,
FF9B040C,
FA77F9B6,
FD3B0501,
09E3FB28,
0AA7F4FA,
0AB6FDE5,
1110FB76,
0EFC0619,
07D6EDEC,
0A16FD2D,
1178184A,
049F03D7,
F726FECB,
F287155A,
F0110335,
F059F989,
F8A10E4B,
F98A08CA,
FC37FF49,
F020EE77,
FFA1F3C0,
140401FE,
07A6F478,
03A3EF68,
0CB60097,
FF39ECBE,
F39EE980,
01EA078C,
F7920367,
F518FF8E,
F5F50E51,
F7970D4F,
FE570CD4,
001B06E2,
FFC207D3,
04C20E07,
0C1AF2EE,
053BFAD6,
0F0C04CA,
14E6F3F4,
0813FB51,
FE5CF285,
07E5FCFB,
0AE303BA,
F9CF03D7,
F7F4075A,
F8AE0BA1,
F410FBD2,
EDC7091B,
F73D0AF5,
F963FA08,
F9F907BA,
F3D6FA5D,
0CF4F89B,
14C001E4,
FE24FB9E,
0887F058,
0C4EF4B1,
F7AAEB09,
FB79F640,
10E30575,
F782FD32,
F59C09E9,
F41E06FD,
FA2204C8,
FB9C0CDD,
F78C10FF,
056909B9,
035A03A9,
F870FEDF,
FCBFF10B,
13C8F27C,
06E8F6CB,
0775F756,
06EDED8E,
0FC5F974,
097E01F9,
FEA60A9E,
037E018A,
F5D6089A,
EC2F08FF,
F01F0398,
FE61083C,
F6920C2A,
04C91136,
FA0FFE4A,
02E4F960,
0571F8CD,
0659FB32,
109EED45,
0A02FC88,
FC6FF555,
020CF25E,
029FF891,
E9A40001,
F8D4FCAC,
FCA90806,
F085113A,
F6E708EE,
FEEE0FBF,
02D210B9,
F8A404A8,
FB27F92C,
0874F739,
0523F47D,
017AF1E4,
0D17F30E,
0F0DFB64,
05630077,
0398FFEF,
FFD7FEEE,
086712B9,
F44407BC,
EEC70050,
07310C0A,
F9ED0CED,
F297F91B,
053E0802,
0F5F0027,
FD63FBD4,
0BEFFBCE,
06CFF917,
0EEC003E,
FF25F7F4,
E944FE5C,
F545E976,
EC73FA77,
EE19F44E,
0E3914A4,
0B5E0D99,
E688F96F,
F8B4FDEF,
014AFBF4,
0BFEF9EB,
FDB0FEAB,
063804CA,
F4DFEC34,
01C3F24D,
FD3005B0,
0A06020C,
01D501A4,
02F706DA,
039F09C4,
0B6111B4,
FE340263,
F6F304C4,
11DE0F18,
F12AFCDB,
FC3EF1A0,
0C2BFD91,
0BA3FD9B,
0F4D0EA9,
0265F76B,
003A0599,
0AF0F647,
F4120217,
FFCBFE07,
FAA80032,
F2E1FDDF,
EE6500AC,
FCB5F15A,
FEBC088B,
F6260358,
F298F1C6,
0B87FEA9,
01AFFE09,
FE3A050B,
06F5F79D,
020BFA52,
FBC9F47B,
FBC00300,
FBFDE978,
029CFED6,
FB240C4E,
E6F7FF15,
FEB1F231,
041D1A0A,
FD451BE1,
0C6E0165,
18491712,
F3A00848,
FC11EF8A,
0502ECE0,
18890300,
092000D9,
0548006E,
FA92EDC1,
F41CFB59,
08190106,
FF550A89,
01AD0451,
FCE20A3F,
F00BFE1D,
EFB1F4E1,
F72DFB52,
FC680A6F,
FF5AF9C2,
F2E0F846,
0032FA41,
1026F0E6,
0504047C,
01BCFA4A,
0DB4FB3C,
08F3F897,
F5230599,
01770014,
FD860646,
F8CE08F6,
F51000C5,
E973FB06,
050DFC57,
141E0AA8,
12BB1C5E,
06250563,
168FFE8B,
FC7A019E,
F1AFEBCD,
19F80945,
0DE6FA25,
F86D07BD,
FF6AFC88,
FD1EEC0D,
EACEE7E6,
089C0A58,
0C110317,
E82D0E8C,
F17B0A3B,
F08CFC28,
F3B90286,
0A80FA63,
0860207B,
FC7A03E5,
00D6E8B7,
FAD1EC35,
0B4E02FD,
02E10123,
FCA3EE2E,
03DF0B66,
0F33FD16,
F46CEB81,
EE90100C,
0021054D,
F19C005F,
EF0F03BA,
F4F800E2,
0F09113D,
1963FBCB,
F25EFAC3,
EE3214A9,
105504B8,
F505DC41,
142C0A55,
16620533,
FF4E00BA,
00B8EF2C,
FE7DF9D4,
04C30359,
071D0336,
F62A1A40,
F64017EF,
F87D00CE,
DF2BF5A3,
19E41295,
140EFC2A,
E94CE86B,
06591A98,
0699F840,
F257E1DD,
F5B9223B,
23DDE367,
F7F30C80,
FC7F05A2,
F690053E,
01E916C1,
E67EFB0D,
024AFD48,
E9950292,
EACEECE7,
064FF320,
0C560471,
0A830F77,
24F8F4C7,
08D81082,
02ADF528,
00E1EDE1,
0BBF041C,
17560FBA,
F4A3ED65,
FF25FF4D,
0DC3FD97,
F8351306,
F6C1F03C,
0C90F719,
F19DFF58,
FE6C0E58,
0CF3E899,
E4630A1E,
10E00375,
196C0948,
F3C0EE2A,
F2D6F84E,
1240F3D9,
03E50056,
F61FE9DB,
06AAFB83,
09A71524,
F72EEB87,
E83EF9C3,
FCEC13B8,
0105FE4E,
ECB4FE61,
F3B7FC4A,
076F02EC,
10F6FF7A,
078704C6,
179510FE,
0E650DA5,
F425F55C,
F8BFF250,
0F6C092B,
0AF4FEE0,
F627FC35,
F55403D7,
04B903BF,
F2900402,
F70909BD,
0D820741,
10420BD9,
EAEC020B,
EFE2F085,
18FCF8AF,
072A0621,
EE8A0283,
FDB1EF91,
0732EF69,
F3B8FDAE,
F56F01D6,
0DD9F59A,
07F908C0,
E75A04A8,
F2AAEC8A,
0E17FE61,
0AC61C3B,
FA00057E,
F9F0FE33,
0302F323,
F5150123,
0AFE0532,
132E02A9,
03EE0D63,
FB69011B,
0981FCC3,
02B6046B,
FA8EF9D0,
02040201,
0AA701A2,
F56DF042,
FE0E0A3A,
0BA80AD6,
F387FFD5,
F76A084F,
04E9076E,
F4F0FDD7,
F4ECF364,
04BD0784,
04DF0277,
F3AEEF1D,
F996FCB5,
0B9BFFC9,
FE09F392,
F6E7E7E8,
0CD505D1,
0BEB096A,
FC7CF4B4,
F8AC0775,
0CBC111B,
F918000B,
EE96FB8B,
00A90725,
FFAE0B64,
F5F1F1C9,
FC8AFDD1,
0E301356,
0BD4FD0B,
FE25F944,
07D1081F,
0696FD71,
0821F592,
F858FCA1,
FECCFAE9,
103DFCEB,
FE470E2E,
EE550487,
091FFFCC,
05520A69,
E9600673,
F400FB3A,
0728FAF7,
FBA802C7,
EC1EFCD8,
FFC1EF3D,
14D1FC68,
FEBD0620,
FA39F955,
14BEF567,
125908B2,
F14C0B34,
00D9F4E7,
0D5CFE8A,
F58C10D1,
EBC8FB00,
0480F993,
F9450585,
EBF20076,
FBCDF98B,
053DFA08,
00F3021B,
04E00946,
0DB8FCB5,
0A33FBA3,
083A0C2F,
02F1FE2E,
053DF30F,
05D805E0,
FA02088B,
01B7FBFC,
FAB0FD99,
F3C705AC,
FE41070A,
F726FB99,
F653F7D9,
06540D7A,
01B40540,
F427EB7F,
0B88FDB3,
104B0E1D,
FCC0F325,
04B3F658,
0C3206EC,
0A640378,
F887FAE1,
F7E4FDC5,
08340A40,
F7F3030E,
EBC9FAC5,
F160FD53,
FB1A02BE,
F8F4F30A,
F4ED01D3,
FE0EFB52,
14EBFD33,
090F07BC,
FF93FF1F,
1B2C03DD,
0C25050E,
FC6BFD51,
090705E5,
032D03DF,
FA8FFD47,
F735084F,
FA62060B,
FA33F910,
F7650D71,
F555013B,
070BF932,
03750A94,
FB17FE2D,
04E3F6D0,
065AF98C,
08E3F474,
03F509C9,
017FEF52,
00FDF365,
05C00EFE,
F50500C3,
FA10F04E,
FE860F5F,
EAB607BA,
F644FAEA,
FFFAFAD9,
F2030796,
FD9E0472,
0897F32E,
049600BC,
FF8CFE12,
081BEFEC,
1A15FFA0,
0FDE0D95,
07080681,
09C9FC6A,
FE8304A3,
F4460735,
FF4F03E9,
F89100E1,
F8FA0D06,
F8D90CF4,
F8DBF8D2,
010FFFE2,
FFE80D53,
0120F5F3,
0818F0BC,
045EFEAB,
FD4DFCD5,
106BECF0,
FFB9F76B,
FE0A0590,
0199FCAE,
F68DF824,
F397FCF8,
F8050A49,
FE0503FF,
F29FFC10,
F4B20BF3,
FE88017F,
0348F9F8,
F2A4FC5D,
041D0144,
19B8FF01,
03C9FE43,
06680143,
200D0A23,
0ACD0B1E,
EE55F395,
03CBFEE9,
0834098C,
F759F9D9,
F55B07A5,
05390DB0,
F8D8FDC7,
F4DB00F6,
F99B02D5,
FCA5F99F,
0BCF0296,
00990467,
037AFD53,
0B41F3FC,
FCA2008E,
F473F17A,
0269EBB9,
0C0BFED8,
F9A3057E,
F62DFDF7,
000EF271,
F6C20853,
F56D0749,
F6A9F5C8,
046A02D6,
05AF1C74,
FF070064,
009BFD47,
0ADD027E,
FBFB06AD,
057EF1F2,
0A33F5B6,
0B450AC6,
059AFDAD,
0435F5D4,
FBF80007,
FF38037F,
FE480155,
FA6FFE5A,
FDDD1035,
FC93099B,
FACA05CC,
FACD02C2,
FA900B4B,
0218FE49,
0700FC11,
04DD089B,
0714FEC7,
FCE6EEF3,
FE63F448,
04F3F994,
FED3FB57,
FF19F553,
03450791,
0080127A,
F611FCAD,
F515FC5E,
F3831098,
05240321,
F8C906BD,
FEDE059A,
05A80159,
F92DFE05,
F5B6ECC1,
063EF468,
00EEFFF3,
0AC8EBF4,
08530642,
0131088B,
0752FA70,
0D370AC8,
F7BF0F2A,
FBE9FDDE,
FE400951,
FA99080D,
FB870130,
FF6207D1,
FBFCF730,
F5C8FFB1,
0494FBE8,
0ACAF52E,
062F01F2,
02F40091,
033DEEE6,
050BFFBC,
0271FE56,
F7DDF3A0,
0B450726,
F90E0342,
F054021A,
0159FE78,
EEC4FD0D,
F291FF9F,
0C33051A,
03070950,
F7EC000F,
057BF80B,
04E3FCEA,
06A7FAB0,
0ADCF98C,
07310397,
0C16FB02,
F7C1FB6B,
FE2FF93F,
03790168,
F729060C,
FB4700F1,
05A10FE9,
00CC10A6,
F9270784,
00AD06B8,
01440D65,
FB3BF61E,
0065F581,
0F2307D4,
0640FC34,
FF66F08C,
039FF83E,
FE61F6B5,
02C1F8B8,
034001BA,
0219094C,
F8980A5B,
ED2AFA5E,
E8F5F744,
FCB80614,
005D0530,
02F80C4A,
FBCD08A5,
FFDAF482,
0033F5FA,
06FAF6BB,
0EDBFBBE,
12FD080A,
00FBF78D,
FE9BF897,
051C0272,
FC83FD6F,
FF7109AB,
FE921479,
F31E010E,
FA8A09B6,
F8910CDF,
FAA9FD45,
12CF0A2F,
048A0F55,
F4CDF55E,
0BDBF0CC,
0E0BF8FA,
FCF1FC0A,
FE6EEB9E,
FDD5EFD9,
FEE4FECC,
ED6BFDD9,
F712EF4A,
02560CD3,
FACB0E44,
F0B60384,
06E409F5,
FD000B76,
FAC20690,
06EB006C,
FF9EF716,
01C5FA88,
0E68FFC1,
09F1FA43,
09D802F3,
07DB0268,
FF03F58B,
0239042A,
FF47FC8D,
024B0D0C,
032D11B3,
E9E9F880,
F4C1FFBE,
FE4803D7,
FA07FD47,
00510189,
01840738,
FC09F45C,
FFBAF8D1,
0AB0F6BB,
0B960047,
08C507E1,
F5CDEF00,
02D3FBBB,
05000892,
F7BDF514,
099B0FAC,
FB940EBD,
EAA7F3DD,
FD3B0271,
F5B40501,
0350FE4A,
0E740E6C,
FDE70478,
024DF6E0,
0782035E,
F830F197,
0B46F64E,
12540757,
FB76FB45,
00440102,
FE32FBCF,
F56FFD5F,
06B109A9,
F0FE04A1,
F45B01AC,
FA9CFECB,
EC7CFFF2,
FE65FDCE,
0807FFA5,
FE6B0042,
0C4BFECB,
0747F7E9,
074BF9A1,
0CCCFC70,
0709F937,
03E303DC,
019F00D5,
F541FC7C,
FB540659,
F95A05FA,
F34D0849,
0499102D,
FBA906A4,
F709097A,
0DB601FC,
FAB2FD07,
0A3EFBD4,
0F08F67B,
09AB03A1,
0C35F436,
FEE8F2E8,
FEB1FF33,
FE74FA0B,
FB5EF7AE,
F9B70C20,
F5D805EF,
E83AF78A,
EF4DFF8A,
FD590217,
0038099C,
076609ED,
00A8FF16,
001A05E5,
0C5FF3BF,
0024F321,
09E90478,
112FFB16,
02D6000A,
FED1FC82,
FD1DF630,
0DD107CD,
037E07FC,
F4D205E8,
0A320DBD,
F9E2FE68,
E8A80866,
0175030E,
FAF9FDC3,
FDC40707,
F45CFEDB,
F640F094,
108EF59C,
FEDE0344,
FCCFF3CD,
128EF5E7,
FAECF72B,
FD07F7F0,
0EE1FC63,
FC2E031E,
02C304C8,
FCD00D8C,
EC80FBA0,
F67CF904,
041E1A57,
FFEA093C,
042F0534,
FE0E07A8,
0338FDDA,
12B60220,
009AF8FB,
0D32FD02,
11100050,
FB55F45B,
F51FF381,
0D32FE00,
FB00043B,
F9B703C2,
F83BFFB7,
F44E0BD6,
FE1100F6,
F155016F,
037A0D54,
FD7B00ED,
ED35F0C8,
FE0AF540,
0B04FC26,
0D2EFC46,
150EFDC2,
06300919,
0669F8B8,
01A3F31A,
FB63041B,
075509B7,
033D0850,
E772033D,
EDA5003F,
F88EFF3B,
FDD90461,
01560DB7,
06F50DBC,
0531FFE2,
015FF555,
FECBFA22,
12F1F5A2,
1436F866,
0187083D,
0111F691,
FFBCF016,
F89CFEEB,
FA550CCE,
F70FFDC0,
FB080C6C,
F45F0BD9,
E7F10089,
044A0067,
0073054A,
F39C051E,
0F1DF5D5,
00E7F3F9,
FFC6F626,
1C13FCD6,
0B19FBD3,
026EF932,
0A6F020F,
F9FF00BB,
0330FCD5,
FF570EE4,
F47C1213,
FE4501A8,
EA05032C,
EDCE00DA,
0E97092D,
FFA903D1,
F8BAFC31,
0C15F8DE,
084EFE92,
0734F027,
0BA4FB23,
10EE079F,
0000F305,
EE36F552,
F720FB76,
FE8DF6A7,
FA43099E,
F9E712B1,
F8C403B3,
F592061C,
F2550302,
041F01D5,
0F350B5B,
052200C1,
FA46FEEC,
0A9EF2AC,
0904EDCF,
0BD40457,
0D4BFE13,
0BC3FD55,
051A07C3,
FB9D044F,
F7CFFD0E,
FEA306C8,
F55D09E1,
EA13063B,
F203F740,
F729FD2B,
FC0F0B51,
01BD019F,
02FEF696,
FCA1FD78,
00F9F4C8,
08E4EC19,
00B2F6A0,
10F8FD33,
0E7E0591,
F8F7FCA9,
F850F4B0,
00770D9C,
00F906B9,
FD260992,
F854131D,
01630BF8,
FED00372,
F6A60987,
0357FE1B,
0C4000FA,
FF1DF6B3,
FE29F312,
0D3EF9F6,
0B07F93F,
00ACF28D,
FB430165,
087BFE44,
F873F95E,
F3FB0A83,
FCAF09C6,
FA3D058E,
EC340290,
EFCBFFBA,
01C90254,
008AFC4F,
0167018E,
036000A0,
0A70F29C,
099AF057,
0704037C,
14E8FD0E,
0A12FBF9,
FFDF083A,
FAFA03B6,
FF6B001C,
F5A9083C,
F4E808A1,
FBB3125D,
0353068C,
EFEC03F4,
FC3D0A73,
0B36F609,
FEEBFF28,
04C8FB33,
0676F2FA,
06E2F429,
0B90F450,
055601B4,
0AB502AF,
FCC2F29A,
F0FE0272,
FDB60A41,
F8FBFA8A,
EF4906A5,
FBD012C4,
F22FFD7A,
F66FFEEB,
02490679,
FD5A035E,
FD86F65E,
06A3F480,
FFEAFB3F,
0BFDFB9E,
1437F1E2,
01ED085C,
128A006C,
0C4BFFEA,
FE5A061B,
00760761,
06210DFA,
F4A803BD,
F7400031,
F26A0FFC,
F83BFBF8,
02C5F90C,
025F1832,
FD8FF9B7,
FE3FECD0,
00E9FBAE,
0796F50A,
0C05F6FB,
03DEF97C,
F92AF93E,
FFFFF85A,
FA07F56F,
EEBD009B,
F8CD0BEF,
FFEF0495,
EACD079E,
F9470F85,
0BC30865,
00ED112D,
FD6705AB,
0931F72F,
0C2FFED8,
01F8F535,
0735ED07,
1561FE8A,
0B06F5BD,
F9A6FAFA,
08A30701,
08C6FDB2,
FCA9109F,
F09014A2,
F001FD99,
FA3704AD,
E8900D41,
EFEFFA24,
0C7FFFCC,
FA1A004C,
F52FF25D,
1014F030,
0D3AF0C8,
0D77FFF1,
143F00E6,
02CAF497,
0362F620,
FD6B0C72,
F5CAFD1D,
FB73FFA4,
FD0D15BD,
E93C0BE4,
F6610492,
FC2100D2,
01C31466,
05FF0E3B,
073DFD86,
FF68F771,
04B5FC95,
08ECEC4F,
FF7FF130,
0770EEE8,
07E0FDDE,
0346FDF9,
F5CDF05F,
07580B0F,
02A4169E,
F7B3FD85,
F3ED0E1C,
F7770E9E,
FA96FB47,
FA99091B,
F974FFF7,
0829FD24,
0C05FFEA,
F7A6F109,
0C5BF454,
1E840298,
FFAEF8DD,
00E4FC01,
0B5B0041,
F680FA8A,
F73B0514,
F9B7082E,
F76406B0,
FC350EB9,
EC930965,
F311FEA7,
0F0C03AB,
FD6D0BE5,
FE1FFC72,
0F74F357,
05C9F75A,
047CF9DE,
04AFECAC,
FF5BEDE3,
05F3FC43,
F641FB61,
FA22FAAC,
0A6706D3,
F91F1A1B,
F84D0DF9,
FA7E0139,
F1FB0BF4,
014E0A20,
FD85FD32,
00C5FC1C,
0AA1FE17,
03CAF95E,
0826ECA0,
10A4F46D,
105D06B7,
0F0BFF01,
02E6FB69,
F5DA06E2,
FE5D02F3,
F67107B0,
E8960A52,
F3500470,
F60F0A9D,
F2F704BD,
F816FEC4,
04E0FD18,
0C8501E3,
0B5FF865,
01A9F30D,
0C7CEEE6,
022CEBC2,
0218F5B2,
0471F835,
FAFDFC4D,
00BB0B27,
F31E0837,
F15C005B,
0E601B84,
05211F89,
F4410235,
0A340D60,
0921097E,
FC4CF5D0,
08C2F741,
061EFD82,
0FECF604,
FF2DFE53,
EEECF060,
04C2F727,
02A3064D,
F0AD0156,
064E0CDC,
FC320B2A,
EC49F4E8,
FB1AFF44,
FF63FF1F,
FCE7EEC2,
0282F9D1,
FAD6FE9F,
0070E55E,
0675F904,
07DA0D83,
0032034D,
0B88032E,
F7B00C41,
FDC90F52,
01320098,
F21201CB,
01B90679,
0B6D0DDF,
F628F54F,
054CF9BB,
18030EBC,
0E700963,
0193F518,
FF2CFD1A,
01F20076,
0077EE9A,
FB060387,
FCE606D5,
FB54FC2A,
F090F961,
E861FD87,
0DC0FEF5,
08411077,
F0360004,
FACDF659,
07ACFD8B,
FC5AF67F,
082D040B,
07FE0463,
FF55F627,
00B1F790,
F3B2FF93,
FAFFEB41,
1551078D,
085418C7,
EC330347,
06BCF730,
F5500A69,
F51009E7,
06CBF91B,
132E12CA,
FD510BC1,
F85EF4B6,
0100EACD,
140601F8,
0FB405CC,
0CD10DF3,
033CF927,
F52B0270,
F8FDFB3D,
FC47F940,
F57800A3,
FEF00745,
F80A041F,
EE6BF480,
FAF4F7BC,
FD6106E4,
0066FF0B,
FE05FA90,
01050129,
04C1F54A,
0CABFE25,
FC40FE95,
004BF69D,
0593F61C,
031803A7,
FF6B05DF,
018A0CE5,
075006DA,
F8770D93,
F1A0FC63,
0389FC92,
14A90F75,
FB1C0F12,
FBF0F465,
0A38F8C4,
F0CDFF2E,
F8D4EC3A,
1D620680,
128311D8,
F188FE1E,
FC1EF6F2,
ECD3EDFC,
F611EDAE,
0E3C0ED7,
0ADD125B,
F167FFB2,
F2640456,
F01BFB56,
F5E5EFDF,
0DB4FCA8,
15582049,
06A60545,
002EF096,
FE10F981,
0AA9FC7D,
0BCDFED2,
00AEFE95,
047E0A71,
FD8BFC96,
EF38F42A,
FBD60286,
04400AE7,
FED00536,
F1A8FCE2,
F408FF3D,
08650868,
FE2DF84B,
EE35FACE,
0E97FD98,
0563FCB6,
F6ACF4D9,
0CCCF775,
16500BFA,
055606B2,
F476EED5,
05810876,
10C806B6,
F1D70693,
F8A30AFD,
010E06ED,
F50A0107,
EDE4F703,
11E7084D,
0F63114F,
FE00FA7C,
02E0FD32,
FD2EFE6E,
FCCBE56F,
0586F670,
0A3D0B1E,
005EF982,
FB5CF795,
F40C0701,
EE60F698,
FC4BF80D,
0A4710AC,
F94C130F,
F5ABF9ED,
01B9FA02,
02A11002,
FA09FEA0,
06B7ECEC,
0ED8071B,
05680841,
FAD6E894,
0D10F361,
0ADF151B,
F21C0043,
FABEEE1F,
0BBE064C,
FE271A4D,
FFA803B6,
015500A5,
F8EC0ED7,
F6D601D4,
FB24F487,
FB02FDF4,
07BE0305,
08D00112,
FDD9F7D6,
F604EF35,
0AE4FD82,
0DF801BA,
F9CAF301,
FE3E02CC,
0A270901,
F02EF9DE,
E8B9F8D1,
01200178,
03EA0F6B,
F70E0458,
F328F919,
07800520,
0BE3FF00,
F96BFAF1,
0B8500A1,
1000FE4D,
F681F668,
FC26F57D,
1B780DD7,
11350F58,
F6E40716,
FE9707E1,
080A0565,
F55C0001,
F1CA04E9,
05EB01AB,
086702E7,
E831FB30,
ED2DEFF3,
0FA7F070,
0AEE05B3,
F54805BF,
FBC2F1EF,
0F32F1D7,
FA61077E,
F7DD0093,
0BB1F7E6,
08A30AA9,
EA3F0840,
F17DF045,
041BF72E,
06130CA6,
FB380D59,
FF71FBF5,
0AF7F7B1,
F9250D2A,
0147F9FC,
12A3F973,
03F30BA7,
FA680332,
0D8BFAAA,
0AF1087B,
F53DFDDB,
04B804E0,
09840821,
E6ECF0BD,
F55FFDD7,
103D08A0,
F8B5FF5D,
F40402C8,
0357060C,
F7E4FB75,
F36BEF05,
FEFB02D3,
12BC0718,
0233F603,
F7D0FA7D,
0E030228,
06E5FB40,
FC98F693,
0ED90B43,
0A9F0EE3,
F417F29C,
EF55FDB1,
0B590AFA,
FD38026F,
F3B001AB,
023F07B2,
FF1C0A2A,
F339F28A,
F4AAF854,
096B0948,
05CAF86B,
F681F435,
03A1FFC0,
0463F455,
0B07FD15,
05CB071D,
06CF05A0,
11CA066F,
FD4C0C0D,
F0D10227,
02C0FCD9,
03510988,
ED5F037B,
F349F9DA,
01D5F85F,
FC05FE84,
F14AFCD8,
F7F5EB14,
0F31FA21,
056407DD,
FAEDFACC,
14C4F878,
135B0F58,
F02B08F6,
FC27F185,
0FCE03FE,
F7CD111D,
EE58FAF5,
0603FDC9,
FDDB09A6,
F0460199,
03D1FEF1,
0B1701F5,
0239049B,
03A90608,
068EF994,
0835F6A3,
090B053D,
002A019D,
03E3F257,
067604EF,
F94B09BC,
001CFC1C,
FED6FF83,
FC320FAD,
00AF0D04,
FD1000D6,
F83CFCFB,
078D0DF0,
00A405CA,
F389E98A,
0790FC83,
0EED0D58,
FE6CF3BA,
026FF3BF,
085906D8,
FD21FDDB,
F460F46B,
F1B1F5FE,
00CF0009,
FE1A0724,
ED6FFDBC,
F20EFC43,
FC26FF5A,
FA0FF99A,
F482FBD0,
FAEBFA29,
0C7CFBF3,
071800CC,
F95BF9F6,
13CAFC58,
14B608E4,
FF8C077F,
081301B4,
0D580BCC,
FFF602C6,
F6180B50,
05150A34,
05C90329,
F99A1038,
F7980363,
0341FA85,
057E04CB,
FC59FE53,
07BFFAC9,
04F5FB14,
01E0F39A,
00D002C7,
FC0FEEF6,
F403E97C,
FF27058D,
F6DC0123,
F0C4ECF3,
FC1B0607,
EFCB0C4A,
EE2DF94A,
0046F500,
FE6A1236,
FF7C0B23,
0D67F354,
065303DB,
0372051E,
041EF003,
0FFCF9B0,
0B85069E,
092B07CD,
0B45FFD5,
FF5A02A0,
F8CA0C19,
07020BA1,
02BC041E,
FE67112B,
FB210AF2,
FD4FFEF0,
0084032F,
F8A604C4,
00EBF62D,
0592F47D,
F54CF88F,
F591F034,
0E39EFFB,
038CFD2D,
05400634,
0E32066F,
F8C901C0,
EE3DF8E8,
00B506A5,
FB940539,
EDC1F5B7,
FC9C06D2,
FCE104CA,
F6B5F66F,
F81DF70F,
01340099,
0B9DFF41,
FCACF9CF,
FBDBFA33,
17BA0558,
0A0103A5,
F5E3F742,
0C970873,
0EC70E29,
F8F9FCB2,
FC490A21,
09000B20,
026C026A,
F8150B53,
FC6301B3,
01D9FFAB,
036AFA06,
FC80FF10,
0304FFB3,
0B93F594,
0060FF43,
FE32FC9D,
0496F3A6,
07FEF93F,
F9A8027F,
FA9AFDBA,
FDA3F017,
FE6B04BD,
F6A6083C,
F30EF4E3,
FB99FE35,
F7030DF1,
F420FDDC,
FC1DFAC1,
066C01A0,
FF7B0B28,
0588FAA1,
0598F5CF,
0590043D,
07EDFE81,
09C3F823,
06AE00A1,
04D30E05,
03EFFFC8,
FDADFF8A,
FEA709E2,
FFA109FC,
FEC00357,
FC8E02E8,
FF990BE2,
FFEF04AB,
FF9CFE3C,
FB30FFF4,
0337FF4C,
FDB4F208,
FEF4F6F1,
0737FEF3,
04AFFF53,
03E9F968,
0127FDD4,
FA550AE7,
FCF6F8A0,
F647FD3A,
F6C70826,
013E0379,
FA7F08E7,
F733004B,
020AFF4E,
F85B02C6,
F1C8EBAC,
FFB0F21A,
FE53FB6D,
FC50E959,
0334FC39,
0659051A,
085901BF,
0DD90F56,
FEB00DCB,
052104F7,
021B0D33,
FDA204CD,
05F3056E,
06491201,
FAFEFC4C,
FC3BFFA6,
090206BD,
01D9F785,
02B2FDF1,
08780487,
0568F41A,
06900140,
05C8FF9A,
FB56FA13,
033102B0,
F413F9A2,
F345FC80,
0175FF35,
EB39FF79,
EF83FB80,
FD43F92B,
F215FFA0,
F187F36A,
04CDF90C,
031302C1,
07D2FD74,
0455FB8D,
011FFDDE,
0A53F7C8,
07AE03A2,
0B3302FB,
0ECB0BEF,
FE740C95,
F9790013,
00140955,
02820F7A,
F6E20AA1,
FF3C063F,
FADD0A23,
F6EEF914,
00CEF38B,
09C90634,
0C1AFF3B,
0BC5FC5F,
0242FA99,
07C4FE1A,
06ACFA49,
01050014,
070903CF,
F0D4029F,
EAB7F7F8,
EB43F30F,
F88207AF,
F568FFD3,
FA8903AB,
FA8903CF,
FC31F37D,
00DFF72A,
044EFD46,
0974F13A,
05D3FD19,
FDF3F344,
04C7F7AD,
09F705D2,
06BA0780,
03B20C95,
FE0D0F7D,
F9B400FC,
011D0DD8,
0170138A,
02330644,
0F4E0ECF,
01950D9F,
F876F2B7,
082BF548,
0FE7FDEE,
034801D3,
0395F8F4,
FBF7F055,
FD5BFB12,
F94E002C,
FA73F708,
FFC107FC,
F70F0AAC,
E885F77F,
F96AFC31,
FD5A0633,
F96703CA,
FEB9FCA8,
F8EEF561,
FB40F3A7,
08A0F8CF,
0727F647,
0509FF5B,
05870118,
015EF939,
FFEAFE31,
018F0309,
0F79101E,
0C4417F5,
F32506FD,
FE210746,
01070ABD,
FF220320,
FF8E04F1,
069304AF,
01ACFBE6,
005BFD6D,
F80EEE66,
0C28F7F4,
07EF01AB,
F43CF35D,
072EF64C,
082009F9,
F8F0FA1A,
02E80A76,
FBD808B2,
EE92FB89,
FCEE0478,
F77108AA,
F72AF882,
04460796,
F984FC8E,
FF7AF478,
070EFEC3,
F7E5F181,
080BF12D,
0A18008D,
F66AF277,
0360FC54,
052400AB,
FDF0037D,
033D10A7,
F7E90A15,
F8150427,
FB0C06AD,
F2D701B0,
053C036E,
0C7C096D,
FF8C035C,
12BD00AD,
0A46FC34,
08ABFFAA,
122901D1,
0277FA62,
036AFB28,
01540271,
F7BC004E,
FCB3021C,
FA6C0568,
EEB20B3C,
FC9B0203,
F2F600CD,
F18FFF1E,
0222FE50,
F75FF8C4,
FDC6F608,
058FF1B5,
0366F737,
06A3F4DF,
03A1F5C4,
072E01F4,
0052FC56,
F9EDF97F,
FA960B34,
FDA60407,
F5A205B0,
02A10F54,
FE850CEF,
FE2E089B,
04D10872,
0408032D,
080304EB,
133F0038,
055DF9E9,
04F001E6,
0ACCF8C7,
05ECF9D9,
FA5AFBBD,
FAAAFBA4,
FF35FE1B,
F9890651,
F44F0545,
01130E80,
FA6E0429,
EC8E0B46,
FAC605A1,
F843FC79,
FAD4FE4D,
F7E4053C,
FF85F435,
0990F956,
F68AFD3C,
FC66ED45,
0F86F6FD,
FACAF4BB,
F812F97D,
0BEFFE1E,
F4C8FAC8,
FE2F0170,
098D10DB,
F884066E,
F816046E,
FA72189D,
019207C9,
08290187,
02CD0EB5,
06410839,
185303B1,
0397FB44,
06F1FAEC,
13B00055,
0489F80C,
FD2BFA4B,
09F90440,
011D04E3,
F65DFC2F,
F315070B,
F9E5093B,
FEDB02D2,
EEAC058D,
F6A3048B,
F2DCF639,
F0D2E838,
FDDCF511,
084EF7EB,
045EEEBA,
0723F1CF,
FECB0226,
07AEF354,
0744F477,
EBF00181,
011F0B53,
061E0463,
EFE208D3,
08F8100D,
07FD1D36,
FAACFC5B,
0B961903,
F6E70804,
10DD1A28,
0079FDEE,
0F340A9C,
0DC103FD,
0C31F65C,
00AA1BB2,
1529F772,
099A013F,
051A006B,
FD9D15EF,
F337FEE2,
FD32043A,
F41E092D,
ECAC076D,
08640130,
FB0F0478,
F420F645,
FBD2F5CB,
0D92F28F,
FCF0FD36,
0AD2F76B,
FF4AFA91,
F750E86A,
0B8CFDCD,
ECC2FFA6,
0289F6F6,
F3E80936,
E8CDFC59,
F994FF8B,
ED8A00A6,
F5060EB3,
110DF830,
FC7006AE,
F1720466,
10F2F3A2,
11FB08AC,
0BB1F4D2,
12C80C97,
03670ED4,
06E7EB0A,
F685005B,
0B620A61,
0394F692,
FB2501E6,
F5760012,
F38706B8,
02D30459,
E8EA00E7,
F8A9FBB9,
FD400795,
F8A3F222,
F093F3B4,
0AF8E864,
028AF705,
FC75E091,
027AF34F,
0446FF1D,
0281F75D,
F20204C4,
F0B907AC,
F463F933,
F5A6FFA9,
FE4E0C6F,
12991413,
0CC60504,
FEFF09CC,
14B109D6,
04A805CB,
001CF9BA,
11C305AF,
096415F7,
F914F7C5,
F8E4FF09,
034D076F,
012FF657,
0B5005F6,
03E5093D,
09541915,
FBAA0F07,
F26DF668,
EF9705F3,
0CC114CD,
FD5BF693,
F3BDFC5B,
050DFAF5,
016602F4,
FCA4EF54,
F94DF478,
FE7BFBE1,
FCF1F1C3,
F352F544,
FB8D000E,
0302FEB0,
F2620AFF,
F64FFF07,
0249FD00,
FEE00BD9,
F697FFD9,
F48F0647,
04B4FF81,
F2A4065E,
028F0507,
0CE0FF13,
1339F23A,
094B0455,
04421ACF,
11D1E7B1,
1215F6B9,
03981443,
F00FFAB0,
0415E7F1,
C4441AD0,
F8062110,
F753E8D6,
FD7128E6,
09D507D0,
D03FD163,
EE40F236,
F0A90409,
E9E91173,
F4250403,
0988DD11,
0BC7F8B1,
E560EEF4,
E4881B38,
013A108F,
0B321318,
EAC10AF7,
E86EFB3D,
F9AC002F,
EB95F9AE,
05B02C2B,
152F1331,
EF1AE91A,
19E9FC52,
015AE5F3,
F4630C20,
295CECCF,
076B0D80,
E57C0251,
F95F0E84,
021AF63B,
0361033E,
FC19124E,
ECB7FFA9,
ED9FF876,
02FA1A97,
ED670C76,
0461FB47,
125FED2B,
FBC90A1B,
FB57E660,
1E430B92,
16EC10FE,
F3AE081E,
048FEBA1,
018704DC,
DEB2E7DC,
FAFB0AD8,
041503DF,
ECAEFB54,
E7B4FE5A,
0BE907BD,
FEB4FE3E,
FBE5FFEC,
16BDFEA3,
F96E03A9,
EAA2F435,
07ADE923,
09C70AFB,
09B60798,
07E3E9F5,
05DC0A39,
090708DF,
F133F756,
0B57034A,
03EE0EE0,
F1B1FCAE,
F0D40425,
0A1C050A,
15951C20,
FDF908C5,
FF4B0126,
12DF0366,
F640F928,
F304E602,
0BE6F88F,
0BB5FFFF,
F87AF446,
F655F039,
FF03FDEF,
0394F6BB,
F92101C3,
FDEB162F,
FCFF0493,
F022FBF7,
ECECFCF4,
07C90221,
0AEC0B0E,
0442FC8C,
02D404C6,
FCC3FEAD,
F991E5F1,
0390F41C,
0D5E02F5,
06BBF87F,
0A10002A,
00950E77,
F8BF07DA,
065E04EB,
0BD21B8D,
F4EB1452,
F290F8A1,
0369FCBB,
09011435,
FB9C0279,
07DDF734,
08DB04AF,
FD9CFEBF,
FF10E9ED,
0C53F519,
0303100F,
EE01F7AB,
F773E8B4,
FF90028C,
F264115B,
FE3FFC6C,
04F007C7,
EEAB0C66,
EFD9F9A4,
FE89EF39,
F1D0FCBC,
FCA8FF22,
0893F62F,
0007F680,
F9A1ECE8,
0EBCFFCF,
175E05C1,
054BFBD1,
063906B1,
0EE411AA,
0343095C,
EFAA06DB,
08D00C39,
069616CA,
F83F0AA9,
F6F7FA87,
101E0D4C,
0ED602B5,
F7B6F96C,
0ADCFBB9,
117CFF84,
F8A3F3DF,
F65EEF05,
0FE3FCF8,
036FFE04,
E60BFB69,
F5B2F69E,
FF00FA42,
EC5EF8F0,
E8CDF9B2,
0124FD78,
05D70387,
E95200DE,
EF68F592,
19C5F88F,
0AF60D4F,
FB9C0DAD,
089DFA4C,
1453FE6E,
F9BA0190,
0057FD9E,
1704009F,
0B370F02,
F8130D33,
FD34FE35,
068CFBDE,
02A31397,
F83E0CEF,
FD7EFF40,
053BF894,
F20A0B81,
FC30FA01,
10B4F4ED,
01720A7E,
FDB801CC,
09EFF0FC,
0052FDB7,
F1CAF602,
FEF7FA2E,
0522FF83,
E9C3EC73,
F4A70116,
0ACE07C3,
F47BFA0C,
FA1D0A19,
06E21017,
F559FB3F,
F7FEF4CB,
05840810,
0C9D08CE,
0235F5C4,
FAA5F92B,
0A150146,
01D6F3B6,
FC16F14E,
145D0EAF,
0DC9111B,
FA1FF612,
FAFF065C,
091213D5,
F873FEB5,
F5EF0154,
06500FE1,
04F80FB2,
F28CF4AC,
F6F0FB57,
06E707F1,
FD65EE10,
F708EC70,
0DA9085A,
05B7F892,
0747F4A2,
01B30531,
FACFFE76,
0800F4EE,
FB08049F,
EB5908B0,
01AFF7BA,
FFC00910,
E58004AB,
F6B4FA34,
0D140058,
FF730962,
FE580595,
031BF291,
102CFD1C,
03B507C1,
F820F362,
1610F7D2,
115B0C6E,
F1AB0723,
0122F32E,
107C0694,
F18F1126,
F179F7E5,
02EFFC09,
F742097A,
F154038B,
01F5FF9C,
053DFF68,
FCFC03F3,
0572031D,
1105FA9A,
0AA6017E,
0D070A78,
088E008F,
FDD7EF2A,
0187FF0E,
FACE04A7,
F76DF49E,
F9A8FAFB,
F5FB0ADA,
F32B06AB,
F81CFBB9,
F3BA00BC,
027F0BA5,
03120222,
F45AEF25,
0C2EFFE0,
117D0A08,
FFF7F33B,
0242F06C,
03F6FE90,
038CF607,
F866F523,
F541FAFA,
08D8038B,
043F0F96,
F39707ED,
FEBD0EA4,
0BD81344,
FF1E078D,
FC9F0A77,
074103B4,
0E7D0113,
035101CB,
F807F56D,
0E4BF367,
08DBFB13,
F3EAF7C7,
09AAFAB4,
0513058A,
F20FF735,
F3F4FF8E,
F81202C4,
F0D2F71A,
F495049B,
F6750762,
FE22FA1B,
02760A15,
F9AE0475,
0511F58F,
09EDFBB7,
0294F99C,
FF6AF9B9,
0897EF6D,
FF99F4D3,
067805BB,
02AE0039,
FA52FA88,
02C00C46,
F80A13BB,
F95A0273,
091F06FF,
FF6B1C4A,
F87E0975,
0B60F4D9,
05C7096B,
FDB2FF9C,
0721ED24,
11A5FF5C,
0963033C,
03E3FC33,
060FEF29,
03C40010,
FB7409E9,
FDCF01BD,
FEAE0185,
F31B0E4F,
ED1A0460,
EEF1F3FF,
F7680060,
F2E50450,
FCE9F62B,
03ECF100,
00FBFCD9,
00F4F9D6,
10A3F279,
0497F883,
05E40193,
0CE9FE5B,
FC9EFD67,
F41600EC,
0110069E,
F9B60493,
F078FEB7,
FC600B81,
08F50F3E,
08F509E0,
07B611F7,
0BCA1070,
0DB5FD34,
005FF982,
FD7AFB59,
126AFACB,
0A9FFFF3,
F23EF21A,
00AEF8EB,
05C40088,
F190F921,
EE2AFEEE,
FE4A016B,
F659F859,
EB2804E2,
F259FD19,
FDAAFAAF,
FB920265,
FC6FFF62,
048FFB1F,
12A7FFD3,
069E050B,
00BDFF4D,
0DD7F2B9,
0E40FDBE,
FD0D05E9,
0154FD1A,
09D8FC3D,
013A11B0,
F8B90982,
FAE50075,
00290C19,
0090149B,
03820A9C,
048D088B,
02FA061A,
FB7E0263,
FEF1ED7C,
FE30EE78,
0227F9D1,
0100EFDB,
01DAEEDB,
FE82F99A,
FEE7FF90,
01D8FD5A,
FF2802FA,
FD3A0FF8,
02231066,
FA3504A4,
F4510815,
F73B0691,
F835F7A9,
FE2EFA1D,
031C0136,
0CD4FDF2,
027AF345,
02ACF750,
0A65FA45,
02A9F8A4,
FEFEF3E6,
0396FF61,
FE250D1C,
F338F467,
F7930137,
FA461334,
034105CF,
FB6B0AAC,
FE2F0BA9,
0D45066F,
051D0521,
FD2EF9A5,
11D0FAB4,
07A1029C,
FE26EDD3,
0316F842,
05AF074A,
04CCF8F8,
0BF306FE,
FD921358,
F961FAD2,
F06FFB48,
EC69FF2A,
F075F45B,
FFEC05E7,
F550FB49,
F2A7FB51,
02E8FC81,
0154F6B8,
0271FAEA,
0846FE29,
0BEDF47B,
0F0B083B,
0DDA0B99,
FFCDF9D9,
00F002C4,
F586FCE1,
F2DCFD13,
04A90316,
F63C08A1,
FB2E0A63,
04780738,
00640988,
027902EA,
0EEC08BB,
0C5F071F,
06DEFED2,
0370F882,
FA96F771,
00B3E97E,
FB6FF627,
FE1AFC5E,
0483FCC2,
F7070255,
FAFB0210,
03100961,
01CC12D9,
F64D0C7A,
FEDE0809,
F5B205FC,
EFE1F0A9,
FB39ED8E,
11120624,
0F18FDB9,
0295F688,
0584F86E,
FEAAEFE9,
F919F218,
FE0FFB08,
04D906B0,
F7C303A5,
EF4D0285,
F161FCAB,
01280B85,
01FB0BFC,
071214E3,
06AE0CF4,
0AF3015D,
07C7029C,
0A0405D0,
135EF4E2,
0E050351,
01DBF961,
FD1BF0DB,
01A7F94D,
02F8FFEE,
FEAD092A,
F7730936,
F37FFD3A,
F60A0658,
F4FA0922,
F31AF62B,
019C035A,
F505061A,
ECAEE3B5,
FCDFEC56,
0851FA6A,
0296F965,
0451FB35,
016DF358,
0623011E,
08280B54,
09040294,
0C6C1545,
000116B2,
EEE8FCB8,
FD7D03A2,
FEBB0AC3,
FA7E05A9,
0817048A,
019202AB,
FF7EFCF2,
0B38FEBB,
0A94F77E,
056D02AF,
061D010A,
00D5F643,
F8EDFA59,
F910F72D,
047FFEC0,
FE480869,
EFC2FAB3,
F772FF55,
FE5B03FF,
F8C3FCEC,
FC87086D,
040A05A0,
FA10F713,
FF220120,
FDE6F3DE,
0999FA61,
082104A0,
FA86F7CE,
0D18F78F,
09150A75,
F443F967,
01EB011C,
FC5F06E1,
E8C7F2D3,
02420461,
FFFC0F92,
F928019C,
0CE60DB3,
000006BB,
FF6FFA8F,
12B906BD,
053E018C,
17DB0448,
14780B05,
F9FDF9FE,
00F9F9DE,
00C0F855,
F5E3F9A1,
FC060426,
F481003E,
EC57FD53,
FA9C0095,
F2A70219,
FD830220,
029A033D,
F45AFA21,
06AFFA71,
05D1F35D,
01EEFB69,
080FFA3B,
FD83F166,
FA5CF2A6,
02BAF983,
FD610168,
08C006B8,
02E70C92,
F81313FC,
045F08DC,
FA280A17,
FD310C28,
08400898,
01950046,
0237020F,
0763FC32,
0911FA50,
0B02F859,
0250F95F,
01B3FAD5,
FF22F8BF,
FBBDF729,
F67203F1,
FEB200A3,
EBB2FEA2,
F37609C3,
F9DB01B9,
FB4C03A6,
042A0D43,
03950569,
00ED04B2,
0A48F9F5,
FD40F609,
02ACF93D,
0A14F1DC,
0473FB2F,
01A1FA64,
FA67F2B8,
048FFF4E,
025A07D0,
F77A016E,
027B08F3,
FA27042B,
F0340CEF,
FE5507C1,
F9C0FC55,
FCAC038C,
FC0806C0,
FBF8F60A,
0C60FBEF,
065D0538,
03DEF7CA,
1DDF0028,
0A3F04F7,
06A80389,
17E30477,
F811FCC5,
FAE10314,
01480800,
EF30FA35,
EF05FE4A,
FC130E83,
F7DB0828,
F82DFD3F,
F235FF70,
F862F94B,
0B17F8EA,
F78FF762,
0440F2AD,
1116F712,
FC47F0D2,
F9E4ED49,
0A35FDA4,
022A0009,
F9290316,
FE0A07EB,
FFB911A1,
FF740AFE,
F39E0FF3,
FFFA11E8,
01940419,
F893FD59,
082B0029,
166C06B9,
0DAFFE9F,
11E9FE2C,
0B7D0197,
0261EFF0,
0261F0E7,
F6DCFF29,
FF97FD65,
FE4500F0,
E37B063C,
EFB9FE58,
F75B00F5,
F025037D,
F987091D,
0A08083B,
03910717,
06CCFD65,
069BFE48,
0A46F2C7,
0A65F008,
FD6BFC0B,
04F4EF8C,
0419F03D,
FAFC0168,
00150608,
F76FFD6D,
F7B50B1A,
F7890E5F,
F2860886,
0231066C,
FF360A9C,
F6DD09A3,
0D5CFB65,
0363FC71,
FE52FBA5,
18A3F4D7,
0D3CFB41,
0608FD57,
10020323,
083F03E5,
06380174,
FD560B35,
F62D0ED7,
FC6CFCCE,
EA9703F9,
F31D07F5,
073C06F6,
F6B70111,
EC92F9FC,
0460F019,
FFEAF87A,
FDAFEECF,
0755F4DF,
0C43FC0D,
0027EEEF,
F4A7F25A,
029A016F,
072FFB4D,
F90D07B1,
FD3E1436,
028808EF,
FD750D67,
F98E13D0,
FC130991,
074A06B3,
02CC01BB,
F727FE6E,
0B43F55E,
11FCF65B,
06ED0067,
0E81FAC2,
0FBDF330,
02350173,
019A04E2,
FC6AFB6D,
F8D402C6,
F18705CE,
EA01075C,
EF7AFC84,
F6EA0116,
EEF90BFC,
F5C1F7D0,
002EEF6F,
FEA802FC,
0FDBFA64,
11EAF663,
08AAFD5E,
0D82F4FE,
0C68FCDC,
03E8FAF5,
0122FB1D,
FEDF1311,
FCEE044F,
F27003B6,
EF241030,
03610733,
FD9C06BB,
F5070DBF,
FF8DFB74,
06500206,
02B4F66E,
0823F712,
125002BD,
086FF2BD,
FD65F213,
066400B6,
06F9FA85,
024A00BB,
FEA3100D,
FE290E4F,
FFCE059B,
EE21093C,
F46D07B9,
01CD0605,
FC950163,
F9810134,
0452FB50,
007CEA66,
FC62EBF5,
0B9A001E,
03C1F172,
F4F8E209,
040B008C,
F4F90175,
F495F206,
FBB609D0,
FE571944,
08190D0B,
02180ADE,
F11D0E20,
055D013E,
0C1FFAA1,
03900907,
0933FEDC,
0B6DF74F,
0456F342,
0404FD2C,
FF9EFA2C,
05F9F3F0,
04A60F00,
F36F0A98,
ECCAF3BA,
03C1FC2F,
FE9416E8,
00210B34,
06F3FE2E,
04671092,
FD5D0A13,
FEEBF062,
FE82EEC6,
0B070408,
00B8FD57,
FF54E80B,
FF8BF74E,
04ED0D79,
00B1F9CC,
EC54EFBE,
F66B07DA,
FF5505AF,
FC090020,
02430C45,
024D13A8,
01560559,
F863F3CF,
F6C4FB0F,
0FDA0689,
04AFF5A0,
F356F1B0,
FD8FF166,
11C6FDBD,
0CDC00E8,
F760055D,
06B400EE,
0823089E,
F42E0845,
F9990158,
0F810EF6,
09251232,
F00709FA,
F8D9FAE7,
0AF90059,
05D705E9,
F78FFB45,
11BFF85A,
0D9600AB,
ECDFF572,
EE5AE7EB,
141DEF05,
FBD00921,
F1B60424,
F5F3F106,
F4C1FBDC,
E96EFC67,
FA18FF36,
04270070,
06860B14,
097B169F,
036901AD,
0435EF78,
0BA30B74,
08ED0599,
FBD7ED63,
0491F52C,
027505CA,
048FFF26,
09F4016C,
F9B60A00,
F7770437,
080C05AB,
F3E8036E,
F5C0031A,
115B07E9,
03EC0D53,
EE87F8D0,
0614FDC8,
137A0174,
03480013,
FD09FAFF,
056BFC3D,
FE72F555,
EF30EC1E,
073E0148,
0FDC0B71,
F5CB02B9,
EA28FA35,
EF5BF6FF,
F1C2F6BA,
FCA7F949,
06AA10D6,
1019126A,
FF6BFE3D,
F55CFD27,
0300FA23,
05BAF284,
0EA50037,
09770B4A,
F9DDF85A,
FF64EE1E,
03F30515,
01D70D0E,
FEC0FAA7,
08480C98,
FAAD1726,
F75DFFA7,
05B6FEDD,
060A12FD,
01160A44,
018CF710,
FBF4F918,
0A290078,
0955FAEC,
FCD6F44C,
0381F77E,
FE47FE17,
EFC7ED5A,
F84DED74,
05BC11DF,
FA040967,
E54CEF59,
F7060543,
F1C4016B,
FB27FD1A,
0DA60792,
049B0C71,
088A028D,
0CA2FA00,
081FFB5D,
0DFC077D,
0E97FB79,
018AF9E1,
F90902E0,
F63FF81F,
FD4BF54D,
05D20D00,
FB59152D,
FF90013E,
010204F0,
F1EA0BC6,
F553F67B,
0EC4FC73,
04230BF5,
F206FBBF,
0FEEF469,
12550376,
F54100D2,
04E5F3F0,
0FA2001F,
F5EE0002,
EF7BF557,
055DFCAE,
08550BBD,
EADF0543,
EFE1FA28,
FFC9F6C6,
F91005B7,
F03EFDA6,
0998FBF3,
103C06F2,
02F70988,
03600041,
0C21FBF2,
02F3FC14,
FF94FDE3,
03FAFD12,
F67AF098,
FB91F83E,
05150CCD,
F9810036,
F206FAE3,
04880BBD,
07E914A1,
FB2B01DD,
FE48FC94,
0D77128A,
0873FFF6,
F9CDEF49,
0709FED1,
130B07A3,
0441FD6A,
FB2AFA1A,
FFBB0627,
FD9DFDC9,
EB67F040,
FAAD00B6,
04370C79,
F4A9FAE2,
E9F1F162,
FC4A0404,
035D0174,
F558EF42,
00A006FC,
15090EB3,
0106FC9C,
F6E7F19D,
08A4FF2E,
1ABF0D2F,
07FE02B1,
EE32FE98,
0827FC62,
06400102,
ECA1FF75,
FB390105,
16260BCB,
FABB0C4C,
E74FFA49,
020B0023,
0A2FFD99,
F418FC5C,
01AF0975,
1141FE36,
067EFE6D,
03F3029D,
04FC0504,
0E06FA32,
0437FC55,
F9660C68,
FFC2F93C,
FC6EF2DF,
F2FC071D,
F7F805FB,
F010F23D,
F34DF811,
F8AF0509,
FA3A040D,
FD94ECD0,
05120400,
08CC119A,
0496F0DC,
11C1FDB1,
123F161B,
FB7EFC28,
FAF9E967,
FF9AFE71,
F4C604D3,
FBF1EE5F,
0B590757,
0410224E,
F3F401FD,
0135FB11,
03721082,
F4370C45,
0612F1DD,
0C0F01B1,
02FD0FBB,
07CDF8FB,
097BF55F,
0359FEE1,
04C3FF0D,
0376F746,
FDCCF524,
F6E10826,
FCADFF89,
F396F517,
EAF4FF06,
EB2AFBCA,
0100FDA1,
F97E00EE,
ED8800DE,
0D8201F7,
0A93046E,
F710F711,
1234FFC1,
23CB148A,
051E011A,
F491F626,
10F50016,
04A0FF2D,
EC09F7A1,
000201E7,
0CBB0B28,
F2F906C9,
F07CFE87,
056306B4,
0BF30F01,
F262015A,
F715FE29,
0F24FDBD,
04A3FBF7,
F887FC60,
0B7FF968,
088CF901,
F66DF735,
FD9CF8A2,
08D6FFA0,
02C4FF1A,
F6F007AB,
F7F60844,
FDEBFA8A,
F5960834,
F4620642,
F7C7F905,
00B1FB95,
F9C80201,
016AFBF4,
0DE5F573,
107A0551,
09370A63,
0238F5DA,
0720F42F,
033C0546,
F8080464,
FC37F43D,
FAF700A6,
F9DD111C,
F6970503,
F79CF76C,
030C0A63,
0C261759,
05BC050E,
FB15F87F,
076B00EE,
091800F1,
03BCF295,
0358F78F,
0AC607FB,
072CF836,
F8B0F69A,
F5DA0153,
00240417,
FE4000C1,
F14A00AF,
FA5C0912,
F9CD039A,
EAE3F538,
F9BAFCBA,
FEE90268,
FB5AF3B6,
0394F2C8,
06AD046F,
135DFD30,
149DFDF0,
08450CDF,
07BB04DE,
0BF2FC0A,
FD250C04,
EB78FC6A,
F749FBFC,
00DC031E,
EA93061A,
F27E03D2,
0D1E0006,
02310B34,
FF7D07C9,
08EEF6A0,
0E25FC35,
05760187,
0009F57E,
1076F634,
064EFEF3,
F04AFDA7,
024CF8DF,
06C1055E,
EBB70BED,
F36C0115,
02E5050D,
EFDD09C5,
F247014A,
023AFC55,
0431FD60,
F7E4FAA7,
FE94F54A,
1050F332,
09A5F96A,
08C5FF4D,
0CC6FD80,
0214FBA3,
F94FFFAD,
F8D0017A,
F6F7FB31,
FB4C024E,
EF080E3E,
F476006D,
FDD1FB65,
F3CB01D5,
06FA058F,
0E600438,
FF16FA2E,
0E450035,
129E0B12,
FDF4F1E4,
0D3FF8F4,
127A1721,
FC01FCDF,
FD87F47F,
00C90CF9,
FC3E0A7F,
FCACFAD4,
FA2004D1,
02771080,
08430F6E,
F3C0FC4E,
F476FB1F,
026900A2,
F989F12D,
F941E94F,
0112FCAA,
06E2F5C6,
0846F540,
02100567,
05AE007C,
10130895,
F86D07E3,
F0E1FD85,
05C606F7,
FAFD0C28,
F06700DB,
FA7F016B,
00F3023C,
F88506AD,
F2CDFB9C,
0284F63D,
061DFBBD,
FA5DFD7D,
007AED10,
0DC3F26C,
047F0086,
0690FFC4,
0F6901A3,
0AA20BD6,
FD480EB4,
FC1E0A52,
FB74FF09,
F9A40A10,
F85E0FB5,
FCCBFCCC,
FCDCFBDE,
FE650144,
0180FB8E,
0427EFF0,
00BFFA75,
02F4FCCA,
0709F5AA,
069DF917,
FC040021,
F9A000FB,
FD99F875,
F370FF19,
F21D04E9,
FC4702EC,
F43BFFA4,
FE75070F,
FBD40581,
F5DAF695,
0928FE64,
095102EE,
0FBEFD66,
2033FD5D,
0D1C0F87,
0B28004D,
0BC1F8A5,
FCD90407,
FB5B0243,
02C80304,
EEF8034E,
F8830501,
F82E0787,
FC3A07C7,
06CC074B,
F51E0BD0,
F6B2F0CE,
FF8FF082,
FA47FAA2,
01D0F53E,
06FAEF8B,
FA59F8BD,
0595F4FA,
0717007C,
0074012F,
FCFBFDBB,
F9EE0B08,
FC68FFB0,
F5F8FBAB,
F3610C68,
054F02F7,
0278068E,
067A12C7,
10590FEA,
06E808AD,
04C20181,
086AFD40,
0425FDD7,
04B1F07F,
FCBEF4E7,
093A01F0,
0B4FFF05,
01470662,
F7DD02A9,
F96E0023,
F60D0032,
F4D60175,
FF93099B,
F8BA0CA0,
F4D1F7E4,
F643F8AD,
FAEAFDBD,
0048F369,
03ABF267,
FEF3F811,
F9B2EB2F,
FB09E950,
0569F71E,
09A603B1,
07CC0AFE,
09170A9B,
06EB12CA,
FD6013B3,
FD40053D,
FF940F16,
F9930D6E,
F875FB45,
FA30FA76,
057801CE,
0EC4FD82,
0EE20259,
0C5DFE75,
03EFF6D5,
059FF840,
0338FA3E,
FC900084,
FECC02BD,
F9670197,
EB9500F0,
F22C011B,
FC700195,
F1BC07D8,
F612FFEE,
FA05FAE4,
FD9AFA48,
FCA4F5B5,
FF03F473,
0F44F612,
0C99FBB4,
FCD9F8B5,
0A84F8ED,
18C4092D,
06CD17DD,
FA3506F7,
F95D02DA,
FDBC0CAC,
F2C20465,
F9320636,
09820D5A,
FC750812,
F291FB16,
0307F85D,
0AF1F862,
076E01B8,
0D9E0194,
00A4F2D9,
FFB1F330,
FB62F52C,
FBDAF9A4,
070100F6,
FC130601,
EB8C022E,
F55EFAB0,
EF22F766,
F97B046E,
08430A77,
FC3D04E6,
033DFF26,
126D08BC,
0D380AF4,
02A4FA43,
08F6FDD7,
02E9FFD3,
FB4DEC1C,
FFA5F601,
00F108A6,
079F01F3,
FF2C04F1,
F86F0BB8,
FF7B03FD,
04070D45,
F5D709BB,
FC09000B,
FB99FF3C,
F9CAF924,
04D5FA4C,
0D3D0AF8,
04A7F42E,
01D4F525,
02D40169,
FEE0EE33,
FC6FF69F,
FDB6FF83,
FAECFE08,
F8D903C0,
F40B0227,
F9B903F2,
07AA11DF,
06711024,
FE7E0BBB,
015506D4,
009DF3BA,
FF52FCB0,
0B9AFB5F,
0D2CF838,
0457F9FA,
FD0BF62C,
FEF0F475,
0926FEF9,
FF7E0513,
F66606EE,
01730D67,
F144FFA7,
F5AC0784,
03BA0C8E,
F70D015F,
FCB2000F,
01F9FC5A,
F6BAF506,
0CA3EFD4,
068AF5B4,
FD06FB72,
0CBBF4C1,
FEEFF4FB,
FC1500FF,
0B9605FE,
FD2E09A4,
0076126A,
03401269,
F0D8077F,
FA6F01FA,
049A0EB2,
F9BF08A0,
06D1F749,
0306FDBE,
041DFFDC,
1275F2D4,
04AAFA73,
035BF5D5,
0341F320,
FAFBF3A9,
FBCDF6D7,
FB24006C,
FABB079D,
04060410,
E6260A20,
F5880620,
05C30777,
F0AF09EA,
F5B1FC37,
046A07D0,
F71CF6C5,
F928EBA0,
107402C5,
0EFAFCC5,
1625FA1D,
0CED0FD0,
0D19FC0E,
0AAAF7BB,
F9F408CC,
F8C3FAE3,
075F022B,
F6A3084A,
EDEB0391,
FE420B78,
FECD05E4,
F47700F6,
FB25110B,
03ADF8BE,
FDF3F410,
076009E0,
09C1F9A7,
0260EB94,
FCFEF307,
03C1FB05,
00B8F2EF,
FB9DF149,
FB86070A,
F6CE0836,
F3BEF5F2,
F2CE0484,
FC4C173A,
02EE0485,
035C088C,
FE650E49,
0A8705CA,
0CD5FB99,
05BBF8A1,
082EFED3,
08F9F6D3,
09FCF083,
068B0469,
07BF0AB6,
05BFFCF1,
F8AE0A38,
EEB40A93,
F01AFB63,
F62DFDF5,
F7320D6E,
FDFE0B10,
FCD00118,
FB80F78A,
FB08FEE3,
0E4FF6D7,
087FF06B,
FE91FCB9,
0C0FF4B3,
0388EC9A,
F57EF20B,
F87DFDF9,
0346FD44,
FEE80426,
F96E0F5D,
FFDD1C18,
FF840DC9,
F9CA0BBF,
F7340FBD,
0601074A,
01A6FA97,
01D70054,
0A91FBB1,
100AF509,
0B82FDFE,
0282F6BD,
0B45F4A7,
0ABB0405,
F4B6F94D,
FAA9FD8A,
02950A71,
E6690251,
EE22FCD0,
00FA07D9,
F1F60A3D,
FA49052B,
012AFDDA,
EC4BF531,
FBC9ECA4,
0235F441,
0CF4FFB6,
0FF5007B,
0128FFAB,
07FCF5F8,
089C03D3,
FD3909B7,
003BF69D,
08190D4C,
F8CE12AF,
EAF7FA60,
053DF98E,
FB480E95,
FBD60AB6,
09FD00D1,
06E7074C,
FD370794,
FE5DF51A,
03F5F3B7,
11420087,
FDE508D7,
0359EFB9,
0123F28E,
04CA0D7E,
F79C04B8,
F307F351,
F5A20309,
F4860034,
FA2502F7,
FC22FADE,
F96607DC,
06A30908,
0656FBE4,
FE7CFE0D,
124F0BE0,
08C1009F,
F7FAF129,
FB9CF2DD,
0BD50742,
0D4601B6,
F65702F4,
FCFD04E9,
FFC107C9,
F5750253,
EC88FD47,
0A1D0815,
08F910A9,
F621030B,
F2E8F580,
0C460026,
092FFD96,
FA52F55A,
14A80170,
1138094C,
F3EEFA7E,
EF44F181,
0A9AFA8B,
FC5B06E8,
F4730173,
EE8FF93F,
FFBFFFC8,
F9DEFDCB,
FBC510BE,
05DB063B,
0608026D,
01DB0A5D,
FCA1FDBD,
0388EC28,
0B750259,
0CFC0731,
FE7DF9B3,
0AC8FF1A,
F6E5058B,
F93D03D2,
124B0123,
050B12C0,
F8701403,
07700857,
F9D60563,
01A30FBC,
019D044E,
FF9400B0,
F537F1C8,
FF17F80E,
0D9FFE1B,
0600049E,
F704F09C,
FA36F74E,
0292FF26,
FB8AF170,
07B906F0,
123A1A0D,
F9360954,
E852FA8B,
EF1F03CB,
EEE4F442,
F8290015,
0C960C83,
06600A9A,
03F9F580,
016CF2CC,
051FFEDD,
0D32F44C,
13CC04D6,
03760940,
F029FCE3,
002FEE7C,
FCDCFF41,
F8EC0E30,
F266FA09,
09C5FDFB,
F6DC0E0A,
F409022A,
FE64F418,
05470805,
F2260093,
FE66F0A8,
0621F4A9,
06DF0017,
0C5DFD36,
0279F81E,
090AF683,
02400D68,
03EC0090,
0CD104AF,
0A161FB6,
FBCA1173,
EA09F449,
F8DFF985,
F3D50422,
FCC0F8BA,
09AB0315,
0526FBD9,
FCB6F94A,
078AF8DE,
06B1F28A,
099507E8,
0421FD57,
FE59F8B3,
FA55FE5B,
F21CFC10,
F6BCFB74,
F7CA041C,
E628077A,
F9630085,
044801FC,
03D31003,
1296032B,
161A0A06,
07C81052,
F56EF5CF,
01EBF3D7,
0DB20822,
FA23FB42,
FCC5FE31,
0FB0FED0,
029B0014,
FEBC034D,
FDEC0B6D,
11B50333,
E8EB0329,
E157F42A,
033AFBB2,
0093F62F,
F701094B,
09CC0263,
0A6FEFF0,
F5C5FBCD,
071CFBA3,
092EFCFB,
0F84FA08,
00690B80,
0B860530,
F231EC73,
F3F4F1F7,
00C407E5,
010D1819,
FBB5FE14,
FC70098E,
F89A10FD,
FD20FE10,
FE5DF652,
01A81619,
145CF370,
F1B8EC99,
FFC7FACC,
10ABFBBA,
01A00127,
FB9A00EB,
F6B3F7F5,
0D4A0204,
0550E7AE,
F54E06E8,
0134332E,
0F340466,
FADAF3E3,
E89E0882,
FCA106EF,
F71BEC74,
0A28EBB2,
1419F8E4,
FAD5F846,
F1E2E4D8,
EED9FD7E,
198B0363,
15FFF9F8,
E95713B5,
FB64045C,
1793FD2F,
CF020D26,
025C167E,
14C2FC7E,
E8F50C1D,
00D60D68,
F10BFEB7,
EC3906C5,
16E001BC,
04BB113F,
F926F2CF,
1668F873,
FA83FEAD,
E241F148,
1AFA1149,
1445FE8E,
F425150F,
00D2F4A5,
F3F5FAF8,
EE65E661,
F559FDE8,
E8AD07EB,
ED4AE2A4,
FD93F151,
07A21299,
1216F239,
0394F4C2,
F58F17FB,
0063E8AC,
0FA7F6AE,
157616CD,
09FA0ADA,
028105F5,
0AE7F4D1,
F97E0C54,
EFF90153,
03F1FC53,
0E8E16C4,
EB9D08E1,
FA4FF1D5,
09750118,
FB791B11,
F27CE3E8,
06CEFE95,
0A8604D1,
FBB2FB2C,
0751EBC1,
02CDF7B1,
FD440148,
FB3CF9FC,
FD77F3D7,
F7A60D11,
09AE0F81,
013AFD42,
F7B707ED,
F99C1164,
0CCE0628,
073D0568,
EEB7FEA0,
0C5C045F,
0869FED9,
F533F185,
08FEFBC7,
193E0B19,
F9E5F7F6,
EDFCEA2C,
0CA70231,
0D4906A9,
F07EFEA9,
F2D7FECA,
0EAD0D0D,
F6A1FE59,
EE2A0000,
FF99053B,
08AA0AD2,
F565F89E,
F88EFDE6,
168806B4,
0CE5FF39,
F1EEF8A2,
FEF4FB37,
0850F021,
F8A2F72B,
031B0867,
0C5210CB,
01F0FE59,
F8A00494,
EFDD0784,
002CFA60,
FF400671,
F4D70CE6,
F8B9FB56,
07E8F2EF,
03210507,
FE0DFC16,
0902F22E,
06D1F472,
0B27035A,
04BFFCDF,
0DA3F6C3,
10F210CC,
F58016F0,
F4E2FB9F,
FDCDFF8D,
FB4414CB,
F5470EE9,
F32DF2C4,
F5ECF9A6,
00CB0CD1,
FAC7F5D2,
FC58EE03,
0802F982,
057B0324,
0794F2EF,
03F9F53E,
04B7032E,
0531FFBA,
FAEAF637,
EEECFD65,
03390CE8,
043B0A56,
F57C0095,
047815EE,
09251548,
F519FFE5,
FDC8FA1B,
07020663,
07C4F291,
05D4F0AC,
FC48FD60,
0A24F6E9,
1334F667,
F791FE3E,
FBB0FC70,
0E21FEF5,
F782061A,
E394FB00,
F6C80380,
03F3FF7E,
E87204CD,
ED8702DA,
0A54FAE0,
04430494,
009E04A1,
09D0F95B,
1D78063E,
0CC5066D,
FDA2F97F,
125CFC70,
06C2FE15,
E998FC99,
FEC7FB41,
0BF90507,
EBCA0F90,
F1D2058E,
FF57069E,
F8F5063D,
FCA20510,
028D055E,
0AC6FDF6,
FC6BFB6B,
F861F97C,
0743EB9E,
0406EDC0,
F7BAF32F,
FF33F9FF,
0520F899,
F9BD00A0,
FF2F0A80,
05AC0F45,
07FE0E4A,
F80A175F,
F9F50B8D,
0321FF62,
F570FF2C,
036703E9,
07B10826,
FF19EE0D,
0968F852,
068F04AA,
0039ED3E,
0A76F05B,
024F0C7D,
F855FDD1,
0152F3C8,
F5C7047C,
FD830C64,
FD5BFF36,
F1F6FC2D,
FE9B0936,
08CB10BD,
00CDFDE5,
03EF00C5,
01D30781,
0289F145,
006AEA3E,
FE79FDB3,
051AF89F,
066BF1D0,
FD6CFD0D,
01B403CB,
0BA60770,
F571038D,
F2340374,
05211137,
FBF70B43,
F36D0276,
F62A0497,
05A702D8,
FBF3FFC7,
EF9EFD1D,
0827F4E1,
10B0FE49,
042805C4,
0A88F833,
15C3FEB4,
05B70341,
FB16FE1D,
FFC8FF1A,
024AFDFF,
F6960753,
F062091A,
F5B3F9D4,
F99301A5,
EF2106E0,
FCFFFB6D,
0A93FBFC,
FDD200D3,
0151FB69,
0A6DF3FC,
0432F795,
FEA8FB16,
0322F2AC,
08FDF6C9,
FEE2FB37,
015D05A5,
07120614,
016F06C4,
FE8413CD,
01100F4C,
FB500249,
04A20CB9,
F7DE096B,
F6D5F588,
0FF6FD2F,
00080350,
00B7F748,
115BEEB9,
FEE3FD27,
FEDDF5DB,
015AF5E7,
F995F813,
F85AFF66,
F68BFDF4,
EEE7FD14,
FBE8FFC9,
F3AC0704,
FECC0631,
0FBC09B0,
02F60FB8,
0502030D,
0EBDFEEE,
FD1CFB3E,
08A6FC4D,
0C6FFA96,
FAE9F74C,
0106EDDA,
01E60063,
FF72FED7,
0519FCF4,
FB64116D,
FF7E08A8,
02170258,
F5CD0FAA,
FDA9028D,
FCE6FEEB,
F68D0185,
FD29FA8E,
FD3CFBAA,
FE4DF577,
FE9DEE45,
07A30388,
0BC6F7DC,
0246F8F7,
046004B8,
06D900BB,
F8C7FF90,
F7B2013E,
FD750301,
F8E808F4,
FDA10295,
04D70CC3,
FE54124F,
FCC2FAD8,
FF1EFE35,
00CB01B2,
0658FA7A,
096DF600,
050DFD1B,
FED5F32F,
F78BEFDB,
048CF4A1,
057E04FE,
010D0DA7,
06CA09BA,
001410DB,
F928144D,
FF95031E,
02590FA1,
F83B0AC6,
F81EF4EA,
FBE4F1F6,
06BAFA14,
06E6F890,
062AFA9D,
0EDEF709,
FE8BFDED,
FE70F7E7,
0539F79C,
FEFB05E9,
FD880893,
FB5A0883,
E9EEFFCE,
EE37FF19,
FAEF0047,
FD8209D5,
03430122,
015B0444,
0BC4FF20,
07FFFA1B,
FD6EF96F,
074CF4E9,
0CEEFAD6,
F62DFA5B,
F342EF8D,
0778FA97,
02110C93,
F18D0196,
ED7EFEAB,
014103C7,
FB5D0575,
05D20F44,
192713D0,
0AD60F8C,
F56AFD4E,
FD53F0B4,
0838F25E,
026EFD61,
0A6FFC3B,
03DD0085,
0581FE50,
FF2D039D,
0004078D,
075E06EC,
FD0A084C,
EC590232,
F7C1FBCF,
F261F8BB,
FE43FFBA,
0BA00F7D,
FFED0740,
FBE7F307,
0299F87A,
038CFFAE,
FDB3F01D,
0209F4DB,
FC77FED6,
F5AEF3BE,
F62EF364,
F5E1FD09,
FE88FD14,
FD0E06DF,
F64C02E8,
06D10272,
0DF11A54,
0A9F12B4,
10450E51,
0156110D,
FED6F9DE,
0BF5F7E2,
082006F6,
0451F5E0,
0AFDF99D,
00C7FFDE,
FE1EF08E,
028EFFCB,
FF2E0323,
FA5F05EF,
F8EF0AEF,
ED0EFC63,
F09DFC70,
F8FC049A,
FCFAFE24,
FDFCFE13,
05F00683,
03AFF324,
04B1FC4E,
0B80FAE3,
034AF5FC,
FFB3F6E1,
F903F081,
F3D5F3B6,
01280233,
01CB02B5,
F7B30C37,
01541109,
F40B0367,
FAF606F6,
0D920C70,
079E07E0,
12CB0E8F,
0E33027F,
FE50FBBA,
0C03F28E,
0551F267,
FBA3F85E,
0704F6B6,
FDCBFA67,
F8A50330,
0645099F,
F82D0FCF,
FECE0C2B,
F70D0A01,
EBBE0619,
F3FFF8A0,
FAEFFA19,
F619FFCB,
0BABF3DA,
04AFF70F,
097BFEA1,
1151F8CB,
06EAF8DE,
052BF7CD,
0066F9BF,
F6AFF905,
FBCCF5EC,
F105FED0,
F75109C6,
00B30242,
EBAF0982,
F8F90541,
09400EC5,
03B9089F,
0B4E0AAC,
119E199C,
07FBFD3C,
02D0EF65,
01BF0031,
0482F2E8,
09E7EBEF,
FF57054C,
059DFB4A,
0B69FFB2,
F8ED07F1,
F4C60178,
03450950,
F81507D8,
EE6F0175,
F41C0914,
FBDFF970,
F1D0F778,
FB4C02D9,
065BF8FB,
0D1BF78B,
0F44090F,
0C040268,
0762F69E,
FD1FF22B,
FA24FCF3,
F930F6C5,
F7F4F129,
FDF1053E,
F6DA1195,
FA99FF9D,
F947027B,
F74B1092,
FE58037B,
0B0301C6,
06B60A5D,
0EE70744,
0F0F0106,
08A9F46A,
FD2AF7C0,
FAFBF236,
024AE526,
046F0220,
01D1100C,
02EF0025,
08371371,
F94518B0,
EF0B0543,
FC2903BA,
F767068C,
F5270589,
FE88FB51,
01D8F162,
000DFE55,
0FE5FC64,
0C61EE2B,
0829FC64,
072FFAEE,
017EEF65,
FA4BF553,
F4E4FC8E,
F606FE53,
F48E006E,
EC860064,
F2810DC4,
01210B03,
F6A203B7,
FC5F0DD1,
11E508B4,
12C2051C,
0ACC07BA,
0AAEF86F,
0E1EF74A,
05FCF2CB,
FA73EEB0,
0ABBFFE6,
096E04ED,
F480FC5B,
FD521293,
FCA20B77,
EE7FFFE6,
FB5F110B,
FA5F0C70,
FB41FE94,
00810323,
F435F877,
F931ECD0,
1134F074,
04DFF920,
0D69FF48,
1336F956,
FBA9F406,
02A002F7,
077E004F,
F2EAFD66,
F5AE045D,
F34405BF,
EE040165,
F7CEFE88,
F1BF0C4B,
FB9D063B,
08E7FB83,
FE49095C,
101805D7,
180DFD5D,
0F4C024D,
0B42003E,
0AA1F652,
FDC8F111,
FA41F1CD,
03FE03AB,
0464097D,
F99A0577,
F3AD1050,
0390154B,
FC590A57,
ED0A07B4,
FC8D0332,
F888F45E,
F5F4EF1F,
FEADEEF5,
0FDFF615,
11EDFB62,
0603F743,
FEFCF9ED,
0590F7C6,
FD2DF83C,
F24B0652,
00A806B7,
F2140066,
ECDE0783,
F51806C0,
EF0FFE6B,
FE6BFEFA,
01AD06B0,
02F70569,
169DF8E7,
194C06E9,
15CC11DD,
1C87FDFB,
06B3F91D,
FD4DFF9D,
019AF62A,
FA19F880,
FA920435,
F6440BDE,
F2C2076C,
F20DFFEE,
EF070928,
F83F09E9,
094500B4,
FB0807A0,
F970FCAF,
034FECE6,
0026EA02,
043BF328,
0BE3F27A,
0EA0FAA9,
07D5FF9D,
FB42FFD8,
00EF02EC,
01F90463,
FA3314CD,
E8AC04A3,
F62CFBB2,
F7B90608,
FA1F0845,
FFEDFD85,
040E013E,
075AFE46,
0DACFE21,
0C610559,
096CFBB8,
12A101E0,
032C0E87,
F129F29E,
F94CF1B3,
FCAF03AB,
FBE70293,
F999FF94,
056B0303,
F73A0013,
010601C0,
1A6A078E,
04F310C1,
F32203BB,
FF17F38B,
F177F5FF,
EDEDF661,
0243FBF5,
0F550AE6,
F95502E2,
F3090081,
FD32F152,
0845FB33,
00300007,
02270160,
1545FC2E,
031105A1,
EC64FAD4,
FEC0F28E,
0D53FC57,
F5131026,
F21AF8B4,
03D9FD95,
0F470BF0,
00DC1946,
03740D96,
07E0FCCE,
F79705A9,
FEB4035B,
0471F4D7,
0B87FE59,
063706FE,
FDB9FF53,
024EEEFA,
0DA40251,
F50B0A80,
FA66F6C0,
FCAFF44A,
F08309DE,
FD75FBAD,
FECB034C,
F195F5D2,
FEE704C7,
0AC008C9,
F129F1C1,
0E2AFAD8,
16361D06,
00FEFD5C,
F514E8D3,
04F3032D,
00C3F936,
F874F3B3,
FEC8FE14,
02350B2A,
F885035C,
E7F7F7E4,
F87CFB6C,
15161FAD,
0BCE0BE1,
F2F703E0,
0A89068C,
0555F8FF,
FD2CF361,
03E5F9E1,
0D01FA01,
0B33FF18,
FCEBFD07,
FC42FAEB,
11790826,
053107CE,
F2ED0C4B,
F96BFDAE,
F8CEFCF8,
F4FC0017,
FCD90604,
FCE8FB50,
F95EFD69,
FFF5FC58,
03F601A6,
0951F785,
FD6AF75D,
02050357,
F847F053,
EFFDE373,
01A2FD38,
0DA1110E,
F6CC00BA,
FBE70150,
02040D11,
EEBDFEFF,
0C49FCE5,
15851F64,
0B541A05,
069FFDE1,
FA54FCD0,
F1FAF56F,
07FAF019,
089BFAA7,
02DF036F,
0349FAEA,
FF8CFC4F,
FBE4F461,
FBA4070B,
108D0AD3,
0ACE100D,
FC4C11DC,
F791055A,
FF2EFCDE,
F7B20238,
EBC8F7D7,
FBCBF01A,
0477FAA4,
F781F7D3,
00A8F454,
15250106,
01CE0060,
F233F7F4,
FAA8F2CA,
0B16F9B8,
FB420911,
FABA0BAC,
FCFFFD0B,
F7610502,
EA0FFD10,
F6E7F655,
1113053E,
0877100A,
F7DC0512,
0BD4F2E6,
0C440100,
01A503C6,
0D09F88D,
0F29039E,
03FE0642,
01EA0260,
0E650896,
0AAC1056,
F6A90C81,
F7660700,
FA78FE73,
EDC3F9B9,
F7550166,
0320FCBA,
FA49F988,
FFF6F9FA,
003BFE8D,
04D9F30B,
0002F328,
0D1503DB,
0E2808F3,
F2B5F794,
EC4AEEC5,
04CA0209,
F953035F,
E815F1DA,
F8450098,
02C60829,
EE4CF71D,
FD0CF890,
1CF515A6,
111E141E,
01ADFB23,
0C68083D,
1B9E0FC8,
03CBFE21,
FDA2FB03,
FD98FEC1,
FB1EF506,
F579F4A9,
F76E00E7,
012003ED,
0442055C,
F8F909A9,
EDB20307,
005DFBD9,
07730226,
FDD00D14,
0222FFC5,
0D33F897,
049A020E,
F66EFE20,
FD06EC58,
0B42F4DE,
F762051C,
EE13F94E,
FC2BED6C,
FF250665,
F7731107,
FCE8FEFC,
05AB045E,
FF6F0E32,
F95F07DD,
0C65F7D3,
0D7C0AE9,
05CD1104,
FFEEF4CA,
0192EF17,
03FA04EA,
F910FF73,
FF3AEC80,
092CFA8B,
FA541528,
F883F078,
FFA6ED69,
0E5713D3,
0BD81860,
0670FCB9,
FF46FBE3,
FEEE1212,
FE6FFCAD,
F2E3E85F,
F7A8FD23,
0086081B,
F5D4E978,
F526ECB0,
0727080F,
0A910D62,
033CF273,
FB850422,
0F8F133C,
07BF010F,
01510364,
FF621384,
F4D3FE36,
F2F5EE60,
F28EF711,
F21F02EC,
0A11F622,
07F602CA,
F73F0DEC,
0B6FF92A,
07F7FADF,
FA0307D4,
0333FB21,
0B63029F,
08D90436,
F3AE06F3,
0668001F,
0A7BFF8C,
EEFB0D34,
F0FAF811,
03CCF392,
FAD803BB,
EE68FE7E,
0A89F9F2,
16D70B83,
F406080E,
FE03FA4D,
1B42FB70,
0B2C0F3E,
F519FE82,
09E1FD63,
0F6A0077,
E6B7FAAD,
F2F7F939,
0625F635,
F347FE65,
EF2101B5,
F99CFA1B,
0347FC76,
FE270076,
F8EB08E6,
0471F65A,
0B63FCB7,
09B51162,
0A7C05B2,
0691FAC2,
02B800D8,
F8B404AA,
F1CCEEC7,
F90FEFB6,
03E00633,
02E311E7,
F868FB61,
FCECF8C5,
0AA6186E,
01DD07B8,
06E2F613,
158F15CF,
09FF1841,
FABBECB4,
FBA2F39D,
022D0412,
F5DFF2C6,
FDB4EAB3,
F8A30129,
013E0330,
02A1F932,
F89501B1,
F6ED071B,
00320117,
FCAFFCC9,
F8B007FF,
06B00B70,
05E601B8,
F2A2F728,
FC93F94F,
08B2FDB3,
0110EF37,
FA41FC4F,
063CFF44,
0B27F957,
FB95FDA1,
F604032D,
0D47003F,
0FF110B9,
F4010E53,
00B0072B,
140A10F7,
FBB70D37,
F15DFCFF,
0355FDE0,
054AFC01,
FC37FB90,
F7D0FC20,
02F3EE63,
07B7F7D0,
FB950397,
FDEAF71E,
0490F354,
FBE6055D,
00D0088C,
037F047D,
FD0E00B8,
F5AD0B14,
F188FFB1,
F445EBF8,
F44FFBDE,
FA0001C0,
0325F8B9,
0810FB2D,
02E40346,
0C5102A3,
0CE2F797,
0BDF04ED,
13651540,
053F06E2,
02F6FEC6,
FB680A37,
F65D0712,
FC8DF703,
F9570390,
F55D081C,
0C670509,
F734FFD8,
F530F9F4,
0B79FC07,
089B0713,
F56BEC03,
0636F6F0,
14CF0CB4,
FD19F40D,
F3E1F925,
05A70491,
FDC6FCA5,
EB06F9BB,
F968017A,
FD7F0754,
F4A8FF02,
EF91F858,
00680560,
0A4D0434,
FE37F5BE,
06BBFF33,
16680A78,
1251FDF4,
03320135,
0A56071B,
0319FDEF,
F4B7F1AE,
F6EDFEF5,
FCD106B1,
FCC3FE50,
FAB204F7,
FC7213E8,
00FD00A1,
FD12F9AE,
FC280B38,
0966029F,
19DD0313,
0A3E06C9,
FB3BFBEC,
0681F3D1,
FC34F0D3,
F039F4B8,
FFB1F998,
FA0FF5CD,
F7E1FC36,
F9030F37,
F634F763,
0637008F,
FBF61460,
F706FFDF,
14100054,
0598113E,
EB7CFF00,
0305F047,
02C7F446,
F51CF9A3,
0681FD46,
099FF4F6,
0554FF91,
07380DBB,
03D304C3,
0313013B,
F54A0AC2,
F8B3099F,
05340796,
FCB207A8,
03860D42,
04B30EE3,
F87AF8E9,
F915F43A,
0A1805F1,
FF5EF3D7,
F80FEAD2,
04A2FFAD,
070EFBA7,
F9E8ECD2,
FB89F601,
0C5A00CA,
0F5B0B04,
0036075A,
01780DEB,
0A2F0EB3,
F1C60419,
F14FFD0A,
F7420107,
F48FF787,
F19BEF36,
FAFEFB49,
06B1F8F6,
0BC4F639,
0303FFAA,
03FC008D,
14B3FC4F,
090506C8,
027D0D92,
03CC0778,
FF82004C,
ED34FF9E,
F7A8047C,
FC78FEC7,
FA870587,
F40DFDB3,
0672045F,
067E030A,
0233FDC8,
0B220918,
138D0058,
0693FDCA,
FEC804B0,
03CEF48C,
012BF630,
FB9706DB,
F0BFF679,
FCC9FECE,
FA670878,
E9ADFB3D,
031D07FF,
02300946,
F24FFC17,
FE67FDE0,
FDB9F711,
FCEFEF5A,
0E15038E,
0E9B0116,
049CFB8A,
0905FFE1,
F658FB79,
0776FCBF,
0B0F0777,
F6B50D67,
00750339,
F78EFEC6,
EE18FF6B,
000F01DF,
01B20691,
FCD205AB,
0DA60732,
07C0099C,
0BB00235,
0E5CFD61,
FB3E0627,
0293EDDB,
0263F141,
F8FBFD2E,
FC9EF5EB,
0646F945,
FDEB09EB,
F57802C6,
F734FED1,
FF770559,
000B0AE2,
034C1218,
FF0602ED,
F256FA66,
F51FF676,
F610F15B,
02FCEC15,
032BFC38,
FE25F705,
0161EDAB,
0D7AFD8D,
06570731,
0525036A,
096509AE,
F6E00828,
F1C000D6,
FE1501E9,
FFB20DD5,
FC9410D9,
FD7C05BD,
FBD3FB46,
07220397,
07AAFD3E,
17760374,
1E8E0DA5,
015502BA,
0221F401,
0667F534,
FC38FCEB,
01640559,
0191065E,
EA0B004F,
F365028E,
EC20FCD0,
F51BFCE7,
051E0708,
F7B50A1E,
F83BF201,
FB9AF093,
F671EF1D,
05FDF60A,
0870F25A,
FA2DF1E3,
0E3AFFCE,
0BB207C2,
FC41005A,
096E09AB,
03E51743,
F084035E,
F367F8FB,
00CB0AD2,
0D601566,
008B0804,
F4820069,
06E7F78C,
027F0155,
FBC3F46D,
13C1F766,
15C21465,
FB32FE8D,
FE42ED7B,
FE2DFF03,
FD11FCF6,
00C700AF,
F13EFC91,
EEF8F495,
00BC03DB,
F22F0321,
F2E1F269,
0E060B0C,
015013FC,
F9F2F88E,
0081FB56,
FF7C066E,
08EDFD57,
0D31FFB5,
FEE9051E,
FF75F5D8,
F8A3F08C,
F772F18A,
00BAFA5F,
07FF0452,
0727FEF2,
03350F77,
FD400943,
F391FC03,
0367FF5A,
004C14D1,
0139091C,
01EEFCEE,
03FD0FB6,
FDBC04AB,
FD47EE0F,
035CF66E,
07D806C4,
FCA2F6EC,
0A40EFA1,
07870155,
089B10B1,
07CA0025,
F11BFA7E,
F6070505,
03C90304,
F86A074D,
F76703C9,
F6660741,
F61AFB39,
F526F03F,
FDF0FCC4,
0D9F08DE,
0331F43D,
F790F0E5,
0190F472,
0E33F895,
0DB203D1,
FC02079A,
0A460437,
05450CC2,
F08D0A23,
F16CFD80,
0E830E10,
053C0FD3,
E934045B,
F5F3F48F,
0508F70E,
01D3010A,
02FFFC23,
15C8FD42,
10DF058F,
FB8BFA16,
F9F2EFE3,
20D9FA74,
05311261,
F0A30A27,
EE7FEC56,
F239FF44,
EBAAFE1C,
FC0A07BB,
04600AAC,
FDB907B3,
FC6C04B7,
FEBFFC33,
06D1EE14,
0F00086A,
10000883,
FBB6EF28,
FBFEEED8,
F4C7F310,
FD9FF1B7,
0582FF1C,
F8B50364,
F52E0100,
06C5091C,
F9440961,
F3C30885,
0E3E0C9E,
00E40B00,
ECBCF9A5,
0784FC2B,
1DDC07D2,
0F830DA3,
014BFAC5,
0741F858,
0043F649,
F7D0EA4C,
0F2E08BC,
191712B5,
F7B40A8A,
EC7104C9,
ECC0FA28,
F05AF629,
FD8E054F,
FF7D0F63,
01650531,
FE72F81A,
F272F667,
0263F567,
0642EBEE,
0921FDA2,
079800F4,
F77BF454,
F7E5E652,
0053FF5A,
01860C14,
FF63FBF1,
086310D4,
F96E1A56,
FCEB06E9,
0C8309AD,
05BC1D11,
F7930646,
F973ED12,
FA62EE39,
0786FDAE,
10ACF906,
0615F633,
08A8FBC0,
04DB03CC,
FAEFF688,
03CCFB88,
08871985,
FD69100F,
ED80F4BC,
F687046A,
F5D005DE,
F651FA61,
030D0009,
F6A10436,
F836F695,
FFDBEABE,
08EEFB99,
0DD007C9,
0EBCFB3D,
0379F827,
F775FE4E,
FC9DF7C3,
0186F5E9,
005F0C4A,
FA41117B,
00200557,
FB3C045C,
F56C09F2,
FF030017,
0E5A05CD,
FAA605E5,
EEF4F4C5,
120EF2A1,
180A0638,
FEC80585,
0D06FA1D,
15C902D3,
F9280129,
F3BAF8EF,
0BFF017C,
0D4711CC,
EA110908,
E964F759,
FB7FF937,
F6CA05A3,
EA30FA9B,
0349FA00,
088AFE66,
F8CE0017,
05C0FA56,
105EF990,
0C5BFEE8,
045E0454,
0036F993,
F330EA0A,
F408F60B,
FD7C0785,
FCA6FF99,
F8B001B9,
01DB11D3,
077211AD,
F9D1FCFF,
06320586,
13E81D46,
04BD00CB,
F678EE2E,
05140046,
0C5401D4,
025DF729,
FFF3F5AC,
01310497,
00EFF959,
F3B5ED4E,
FBBD0304,
07EB1320,
FABC00C3,
E9A1FB10,
FE7708D1,
068408D0,
F9B0F357,
FDF8048F,
16301026,
FF6BF7D7,
EA2DE963,
03F0F812,
1C6D038F,
0081066F,
F05BFD90,
0666FBD8,
017EFDEC,
E947FAFA,
FBFFFE7A,
16AB0D2C,
FAD30A86,
EA3CFD45,
0CCE02B0,
13FA0983,
F4EA07F8,
FA15FFEC,
08FDF44B,
FBD1F831,
FC64FB1C,
08F3FE22,
0D57FC42,
00FAFC93,
F74D07B2,
0579FDF6,
046FF9B1,
FE57142B,
0445135D,
FB52FC79,
F5320242,
F62A0084,
FB0BFC92,
01BEF6BC,
01C9FFF1,
03A50920,
FE15EB30,
09AEF671,
14751510,
FFE6FD33,
FA1BECA6,
FE46FFFB,
F4B60007,
F54AE986,
06D50693,
02281D98,
EEE3FF58,
FA26F60C,
FFA60D42,
FA7A0E1D,
066CF4F7,
074A011B,
FE1C0C15,
046FEEB3,
0581ED04,
057F003E,
0D8C0586,
0CD10132,
FE24FAD6,
FCCA0B5E,
027B07ED,
F498F84F,
F0DF00F3,
F76A0823,
009602F7,
F9D1FD2D,
F70702D4,
12B40AAC,
07EC02AE,
F142F4D8,
09C5FB55,
183A0624,
0244FB8B,
F7B7F6C8,
0E97FEE8,
FCB9FB7B,
E27CEEC4,
FA51F9FC,
09410410,
EEE502C1,
F4B70082,
08B80774,
0A83102B,
FCFF040F,
02280412,
132B0285,
FF99FD6F,
F6D8FBA4,
080FFAAB,
0646F7DA,
FBE3FD3C,
FF9DFDED,
05FEFF9A,
0367FFD0,
F5FE078D,
07C806C1,
0DB50898,
FAB00AA4,
FF170BBE,
FB8FFEAD,
FAEBF8E2,
FD7606B0,
FCB2FECB,
FF62EAF6,
0B31FD90,
FB0B0223,
FBF1ECEA,
00FAEED6,
00540515,
F2B6003B,
F773EE27,
FCC4FD79,
FAEC132D,
03F5088D,
FD42FA2A,
FE1E0CAA,
062114CD,
01C6018A,
FC50FAE2,
05E00790,
046AFBE5,
0201F021,
F909F343,
094CFC89,
0C9AFBF9,
FF75FF8E,
FE28066E,
0D420A01,
09FC0D07,
FA7F0B51,
FA650FFE,
00310754,
EC56FA8F,
F205FC73,
031E0223,
FA6AF248,
F9ECF3FC,
FDB4002C,
07F9EEBC,
0826F529,
03110831,
05F700F4,
180C017A,
FD8D0E07,
EA45FE95,
F85FF5ED,
FDF901FB,
E2650638,
F910FFCF,
0BD9FF41,
FB4503D6,
FE2201DA,
0DBCF890,
09B1026D,
03E20827,
029AF4E1,
0B9CF5D6,
0AFA0443,
F6D4FD42,
13E3004A,
047B01BE,
E7A80BB0,
EE73F8B9,
02890166,
EF410D95,
F99F0710,
0767019C,
0198FE4D,
F596FB45,
F82FEE3A,
1F04E163,
0029F020,
09C704D1,
18F9F021,
137EF5C7,
F016F846,
02130AFF,
E39103B1,
0F58F099,
DD0603D9,
FDA8039C,
028A10B5,
FC15049A,
1C290D8D,
0424FF8C,
0BD9F364,
F7F7F9E2,
203D18CD,
F3F8FD5F,
06FBEFC1,
18FE01A2,
F88EEF52,
0181EF11,
F90408E2,
F20E08A9,
FE1EF3AF,
F16AFC8A,
FBFF2045,
0C6E0110,
F8261033,
073BFF26,
0E1A0F40,
FA3E0EE2,
263DF3FB,
209EE70D,
FA3AEBD3,
0124F53D,
FE3903D1,
10F7FB01,
05A100C0,
F2890324,
F5170200,
FFFC00A9,
F756FC6F,
E450066B,
0234FDDC,
EF06FA66,
F6AA034D,
FC4106B7,
064FF7B8,
051D06A7,
F51D1027,
0B83FC80,
19A1027A,
14161291,
041E0CBF,
0C8EF523,
0E420555,
FC6A045E,
03C6FC9B,
02DDFE56,
F40104B1,
F36AFCF4,
0A0000B0,
F7150984,
FA32004A,
0093F77B,
F1B601AE,
F118F2F8,
FE0504D7,
08D60AEB,
F076FA24,
F0F40A5B,
FA9CF1FD,
11F20814,
FECEF9BD,
F451F907,
05B4F4CA,
FCF4FC0D,
EA87F69A,
F101F679,
0A2AFD7A,
E8220AD4,
ECDEF61B,
034C0515,
10CD07AF,
FE3610F3,
FDA91A79,
19210518,
FD6807C5,
0BB21764,
0F07ED5D,
FA51F40E,
EB66EC87,
FC84DAAC,
147AE692,
FD3C1193,
FC951822,
0000F66F,
F375F31D,
05CE1541,
072F056A,
148E1E11,
EE6BF9D0,
FAF1FF1D,
04FCF604,
F1D2EB6D,
03FBF100,
0C0E0903,
0340F5F2,
EFB5E22C,
F2050039,
0980FE20,
E89CE5CB,
F858130E,
09DF0715,
F9B50CDB,
ECEA0386,
EAA01D81,
175B234E,
D8F5319A,
1C290781,
03DBF742,
E03320DC,
2B6E283B,
1457ED41,
FD9CE711,
2207FEA2,
0AB1EFBF,
ECE6FF5D,
E4B81962,
F1261F58,
1727F9DE,
12630273,
F1B3F4EE,
FC2BED8A,
07AE0C46,
FAF2F20C,
008AF45C,
F8990D6A,
1AC9F20C,
05B2F467,
F86EF5F6,
1163FB78,
FDF4F8C9,
051FF8B6,
E4A303D6,
160319AD,
053DE880,
EDE3FB2F,
F636014F,
DE1E03BC,
FFC5FF35,
0DD610AF,
FA2D20F3,
136A0955,
0ADEEE48,
F9BF009B,
18A107B0,
092DF5BE,
02D71101,
FEF807E6,
1316EFE9,
EC1FE4B9,
1C1506D0,
EF530047,
FBEA1BBF,
0421FFA7,
E025FE47,
FE30F43F,
0C1202C0,
02091424,
04C60474,
1582F39C,
000E0278,
F29DE53D,
14E6F486,
FBCA0BB0,
028F0039,
F679EB4A,
F83BF8F6,
FEBCFE7E,
ED710578,
01EEEFA4,
FF1F034A,
E5C4045B,
F6D6F6BC,
1DA006E8,
0C421167,
FE771266,
1416EE7A,
09410C9E,
F99C0411,
0813F4DD,
09FA05A3,
0100F871,
E987F9CC,
052CFF04,
0E260A66,
FD280A0A,
01F90F4E,
04E4070D,
EFFD03D5,
FAD20278,
0474FEDE,
05B0066B,
059C004E,
054DFFB9,
0840FCB6,
F4C3EEDD,
FB68F306,
00BB00A2,
F50FEBC6,
F1ECEE57,
0546037A,
FCD30BFF,
ECB3F952,
05720539,
010F10B5,
EA08FB54,
F013EEAD,
0BDF0681,
0332FFF3,
FB56F346,
0FFA04CE,
19E714EB,
09470236,
0456FB04,
045D0701,
0376FD4D,
F8C9FB70,
F9FF0878,
07AF06B2,
08B406BE,
FB86118C,
F31C04B4,
FBD6FD28,
03F10087,
F8330A3B,
F98900F2,
0790F6BC,
039006C7,
FBD9F871,
FC41E91E,
0C90FCEC,
FDCA0AD0,
F2ABF833,
FFDFF0BE,
F96906EC,
F1C00C91,
F548F6DF,
FD05F94D,
F39F081B,
EEAEFEAC,
02DFF4CA,
0B6D048D,
FD74081B,
02E7F681,
0D2BF589,
114E12DE,
096F0E8F,
0F3FFFFA,
0DBC045D,
FE05157B,
F28AF3EB,
FD63EC0A,
04F40DAD,
02381591,
FC89F5AD,
FCBDFC37,
035E0D37,
0102FB8D,
0023F0BD,
0412037C,
06F50E1E,
F636F440,
F305EC5C,
03D105BF,
0276045D,
F7F7EC24,
F982FC56,
042F0D96,
FBEEF4BE,
F6A3F675,
FA7604B3,
FC6F0167,
FF96F6B2,
F4E3FFE7,
F93C04E8,
093BF9B3,
059E0018,
F9210A7D,
0FCB014D,
16D4038D,
03970E1B,
047F0477,
09CAFCB3,
03730627,
EF44FD2B,
0475FDC6,
12DB0716,
FAF10DE7,
F7A70361,
0752F829,
F7D7FCD1,
EE3FFD02,
0963F9E2,
122C075B,
F8990485,
FDC1F689,
0AE6F288,
0193FC53,
F196F529,
05B1FBB5,
0C2FFFAF,
F21A012F,
F50F040A,
06A300A6,
F1830119,
EF570240,
FCC200F1,
FDE9FA8C,
F905FF2D,
F89A077D,
FCFEECCC,
0608F2C6,
0D8B0ABE,
0D81072D,
0F530192,
0D990F58,
038B1127,
FDB4F6A2,
FAF4F90D,
05AC0B43,
02D00E94,
F40DF7D0,
FC55F493,
02F31123,
FBD3026D,
FED0EE6B,
056B0AB2,
04E10C8B,
FBF7E66F,
FD1CFA57,
093009A1,
020FFD52,
0171F6C7,
FF2F077E,
FB290639,
FFA5F8DA,
F678FBD5,
F5B9035E,
FE14FCA5,
F536F181,
F470FACF,
064707B7,
FDFEFB3F,
F5A5F47C,
FF33FBFF,
0A9600DE,
08B2FBF1,
060207F6,
099E0CD0,
1041FFBF,
FD9E0506,
F3740301,
0A91FCE1,
0BE00FC2,
EE5D0A3E,
F9AEF717,
10A602C3,
FC600B7D,
F1C3FD07,
09CBFA99,
0BB10060,
001D0395,
FD14FEA3,
0AE5F8FA,
0B9902C7,
FD0106E4,
FC39FE18,
F57EF11D,
F1F400B8,
FF7F0527,
F54BFCDB,
F7FBF775,
FC200339,
FCDA0531,
FA03EC53,
03AAFB51,
060304D0,
0488F0D6,
FC51FC20,
F89EFDEF,
0193F75D,
011301E7,
08F3080E,
0C111CFD,
FEC70734,
F1A2FA78,
01920659,
02F306D1,
004AF6A5,
11710DB4,
0D6B0FB5,
00DCEEB2,
FB9EF1BD,
08B40848,
033CF662,
FEE1F7C7,
FCA806E6,
050D1029,
FD2203B1,
EB810081,
F6920586,
09E40E46,
F14EF4C2,
F194F7F6,
1181FD8A,
03CBFDC6,
F48CEEA1,
FB0DF0A9,
0678F8AD,
0378F10E,
FA450112,
036505D1,
004FF5B1,
F58004A2,
F5630768,
0D3A00A1,
102D1A5D,
F0371013,
F641FC7F,
105701F2,
04D00A3C,
08260EEB,
0BD5004D,
0BCEF948,
0235FA60,
FB65FF14,
063DEB5B,
155E0493,
08CB1A56,
F193FEA1,
02F5F4B6,
01D3122B,
F40C0FC4,
F929F45E,
0AE50C52,
EF280EAB,
EEDAEEFC,
F85BE593,
0CAA04B7,
FF4B0075,
FA9AF3F9,
FE22E765,
F944FA37,
041AF754,
05A7FC65,
FD2303EE,
016D09A2,
F8B10173,
ECE3F86B,
033002FE,
07371887,
FF760559,
F789FB93,
013204EE,
0F48FACA,
115B07E1,
035104DB,
09E7F97A,
11A3FEEE,
048F0AAC,
02E5FFA4,
0AE0092D,
0319064A,
F151069A,
F407FA83,
00DDFDD4,
0C3C0D95,
F3CE1174,
F6BDF6E8,
0091F55F,
E73CFD41,
F679E3EB,
171E013A,
0B820D59,
F699F732,
03D4F1F6,
F98EF419,
EC63EAE7,
08E3FE89,
0AD30D87,
E9A0FB81,
EF58FA74,
FA7BFF10,
F7B704E4,
094A00E5,
0EED1BD4,
0CC60BE9,
FF2BFC7D,
0C1D05CA,
143907B7,
079DFE47,
FDF2F5D3,
0A080441,
02F3FEE0,
F882F3B8,
026E0565,
06EC0CD7,
F58EFD9F,
F3A6FCBA,
014D0977,
03700ACF,
FF0804C5,
F6DA04E6,
0375036D,
F5B8EEB2,
F283EA1C,
0948FBBF,
0962FBC6,
F740F06D,
F4D8EE4C,
FFA9FFFB,
0A2DFB0A,
FB080910,
FC0D0F3E,
F9AC01A5,
F144F82A,
F69A0461,
0D890C3A,
0CC90EA9,
06710370,
0DCC0B80,
073802F2,
040EF23C,
02C0FC99,
0AFA0A87,
0150F29A,
0406F8B8,
FF0C06F1,
F539F6C5,
0BE4FA2A,
021D1959,
F65F07FC,
F502F6D8,
FCB2FF04,
FD8C0E21,
F7FFFEB1,
01E9F3A7,
FA3A02AB,
F3F1F748,
075CEA61,
179607C0,
0F891959,
FF0BFF00,
01F7F100,
072F06F6,
F6C30F79,
F916F218,
F62CFFB6,
EC850334,
EDE5F75D,
F683F086,
F6A8FDDD,
F88D05F9,
0E7C001D,
FF98FEC2,
F8A5F663,
0EF2FAFA,
16ADFFC9,
FECFFBEF,
0253FCAE,
123C0862,
034702D5,
F460074A,
060B093B,
0B0F1518,
F12107AD,
EDB8FC2B,
00E4FE51,
0BBA03AE,
FB2806EC,
05E4012E,
0F46FC79,
FA23F902,
FE53F42A,
1128FD86,
09430449,
F085FDCB,
FA59F676,
01C8F8C7,
F2D7FB9B,
F771FF32,
099E0648,
09900D24,
F3680B02,
FBE9029C,
1406FD1C,
04660D63,
F9940A95,
FD92EF41,
09E6F57A,
EFBA0269,
F63CF316,
0BC0F654,
04EF075F,
EC1F0290,
FB5AF023,
03D3F2BA,
FCC50B1B,
FE15088B,
F944FD44,
FC72F741,
F9280EA9,
04AC03A6,
108D032A,
06A2120A,
0952100E,
0BCFF681,
FF0AFBD0,
FE85FCCE,
0712FC0E,
0A09FC5A,
EA8AF80C,
FB33FE38,
0A8304FF,
EF74F621,
FEA80A4A,
0ABF0DF7,
ED8FF848,
F83BF0DB,
FF220D12,
020DFDBF,
F7B4F3E6,
FAA0FB78,
05B4FEF4,
FACDF19A,
0A64F864,
23441979,
123D15E4,
FE2BF906,
02530683,
07EB0F46,
FCBAFDD2,
F4CE0643,
032D0BBB,
F848036D,
E861F081,
F2A7F5AD,
0584022A,
FF48F38E,
FA26F6E4,
058E0258,
0292F441,
FFD8F2C6,
F43EFAFC,
F81AF4CF,
0707F281,
F8C70847,
F32704ED,
0F0403FF,
097211BD,
EAFB0B70,
F4EEF397,
0A60FE5D,
F87D02C5,
F86CFBC7,
0894F8C9,
0FE003CE,
FFD507E3,
FD56F9D9,
1379FEC3,
2192180E,
FCB610C2,
08C5FC49,
0B1A0829,
F28606AA,
F329F822,
FF8DF89F,
F7630615,
F3EA03D8,
0203FCF1,
0A8D078C,
05750AEA,
0AEB07AC,
09A6FDA4,
00B0F938,
087602B4,
FAFBF805,
F955E941,
F889FB46,
EF36F89B,
F450EDD9,
F182F438,
F8BB0279,
FC0400D4,
FA3DFF0F,
F4D8FFC2,
FB210428,
F932F7EE,
F0ADF04C,
0A4801B1,
184710E9,
073BFEF5,
0713FF20,
194415F4,
14830B21,
FD010623,
FA660370,
0661FF46,
07620BD7,
F26A053D,
FEEFFFB8,
01E50065,
FF74F864,
01580B79,
07C202C3,
0A69F6AE,
0F291512,
EFDCFEC7,
FA5BE882,
FC9AFB62,
EF4BFC3E,
FB7DF069,
03E7FAD6,
E93002BD,
F9E4F081,
0B78FC2A,
0ACB0FA3,
0F9B0CBD,
0C4D09AB,
06B501FC,
FED80258,
F792F91B,
F8AEECFB,
FCBB048B,
EE06FF9B,
E99BED78,
04BBF9DB,
FD371709,
044C0834,
0807039B,
09400FC7,
FFE20442,
029DF15C,
0D45FC8B,
08A406E1,
FE69FC1B,
0243EB12,
FE79FBA9,
09FE0EB2,
07210589,
F686FB63,
07240FE0,
FE750BFB,
F9700204,
FB8F0038,
FAAE0A1B,
019E0154,
0019F482,
0712079A,
11100F79,
0606F4D4,
F6A4F2D0,
FDB6F6A2,
0434F8D0,
FDF9F66E,
F089FE24,
F96CF715,
F9A8FFE7,
E6F0F9A4,
F21FFD32,
140D0D68,
115915B1,
013A1214,
042E0503,
0DA80188,
04130229,
F9FAF920,
0C3CFA15,
071BFC5E,
EA80F107,
ED1EEECA,
1064F5F9,
FCAA0953,
F3EB09DD,
FBB7FAE9,
021C0B2F,
F7CD0415,
00BF0BB2,
0770044A,
FDDE0083,
FE070004,
FBD0F747,
05FEE9AF,
08B90783,
09F10689,
FBE7F711,
FFFCF477,
F3F5FBA4,
033BF9DB,
03260136,
F3FC0229,
F3D20404,
09020917,
FB9B05FA,
FBCF0815,
0E870DF4,
06D10CD6,
F128FAD3,
0875F5EB,
17C10478,
040901A6,
F9F1F945,
F6F9F9E0,
0077FC87,
F8C3ED91,
14020C06,
1A2E162D,
03271032,
F72A0852,
FF750949,
FF4C0372,
00FF0301,
FE7C0D1E,
F7460587,
F387E973,
E9EEEAD7,
F60EF27A,
02FDE549,
0CDBFD4C,
08230B8A,
F3F1FB69,
FD1CF19B,
FDAAFBF5,
F23F0345,
E8CBEF1A,
F90DF8FF,
F8570C2D,
EC98FC33,
1328F575,
DB1A46BA,
340901B6,
278CC2E8,
E9D71FF5,
1FBB1D4D,
1263F1BD,
0272101D,
1A83FE92,
E9EE05E0,
CF8628FF,
1CDF13BF,
13D5E706,
015808FF,
EE5DF7E8,
06E60061,
F1EB013D,
EC5B1BC4,
0C10F267,
0A4BFB27,
04D4FB79,
1455FBFC,
07BBF544,
FF2DF71C,
F9CAFFBA,
FD1F015C,
F4490D76,
001C0026,
05540505,
0BBB0D4B,
027AF911,
FCFA03C6,
0468EE63,
F36DF73B,
F06E0ADF,
0E5CFE48,
02AC04EF,
F9C701B9,
012DF9B3,
100911F6,
0CCCF891,
034AF331,
25F50F09,
185EC49B,
F13AECCE,
FAFFFE7F,
056905BA,
F2A004FE,
FD490B0D,
14C5063F,
0CE3FF6B,
FFF30218,
1503F42D,
FBCFF953,
06CE056A,
0317E3D1,
F075FA26,
13A4F05B,
0423F05E,
FE7E05B5,
FC7EF631,
F923FB9D,
0FFC02AE,
EA6D0243,
ED3D0FD8,
0C9409CA,
EB4AFF4E,
F52D0879,
0EE6E608,
FFE202E3,
098609DE,
FA96F5E1,
15840718,
072A077E,
FB1D0C92,
1588EDA3,
FB97143C,
061D1413,
EECAEFE6,
FB9810AE,
0F15FA47,
E54303E4,
00A9019D,
FD81F99E,
F03C0DC0,
099BE9CE,
F665FBC2,
078D10C6,
F5EA026E,
F375F08C,
FC32EB29,
07D6FD57,
0816088F,
0120EC31,
078103BF,
0C6A104E,
F6B6005E,
F36D09D7,
0C760690,
023A1048,
EC60EC00,
F827F2B2,
0384076C,
0681FB36,
0D78F362,
1111F5F8,
0937036D,
142EF066,
0355F667,
102101BF,
07CFF0A3,
EF601080,
F39600B6,
017BF0FB,
EB57F6C9,
FEB00582,
FD00FC69,
FBE60C02,
08950CF8,
03F1057A,
0167FAA9,
054B0C9D,
04631526,
00E4F3A3,
1260E73D,
0583064C,
F8CAFB74,
0DBAED2F,
0468054A,
F010013E,
F174F8A5,
043DF507,
F9600DAC,
F32501E6,
F3F7F8C2,
FA18FA4C,
EFE3FFD7,
0146ED21,
0797F3FA,
039014A6,
07360638,
0DC3F813,
FDB609FA,
08B30ADA,
0C7CFBE8,
112FFD2E,
04950F5E,
FCF8FF27,
FA29F8F6,
F75EFF98,
FEB60796,
00590A5C,
01EEFAF7,
FD0E088C,
154F012C,
03D20984,
FB830571,
0990F6F2,
0A1FFEBB,
E444E9F7,
F01BF4F9,
0611F3EF,
FA5D0BCC,
FCA6FE1D,
0BDFFEF4,
FDC91329,
F476FA4F,
F1F4F95C,
FFC102F9,
01950516,
EF39F539,
0722F4D9,
0A8BFCD7,
0D260258,
F738FCD6,
0C93FC27,
0627FF71,
F6A2FDFA,
0AEE09AF,
04A50ADF,
143603C5,
ED3F0DF6,
EFBDFBA0,
00BC00D6,
F81FF5C5,
02BA0966,
00EC070E,
0A7C04FD,
043B052D,
F521FA9E,
0D65F4E3,
114D045D,
00AF04C5,
ED46EFC3,
FFE2F2BB,
02ACFC62,
F44304A0,
F83FF34D,
036100BB,
FF5608DB,
F51E01A7,
FA7FF863,
FD7B062C,
06CF05BB,
FEDBF4F2,
F7F8F5DB,
FE2BF826,
0D5C0683,
108A066D,
FEB40D55,
050A0902,
0D240D3C,
FF700439,
F970FBB3,
0D1A03FF,
0EF906D7,
F0C40101,
FC2AF565,
0409F864,
F5D0F76E,
F641F92A,
1457069C,
032E0B17,
F3CEFABA,
03D30459,
F991FDC2,
F2C9FB85,
F361FB50,
FE47F937,
F9CFF8EB,
F54AFC1F,
0B0DFF44,
11B507BF,
031203A8,
F7C7FCD9,
1313FB35,
08170C19,
F050FCC9,
F6C3F6E4,
08FB027C,
ECD20A1E,
F0E1F851,
0943051F,
09850C7A,
FC220DD0,
01A90416,
015FFDB9,
00E102DD,
086D0B3B,
062D0716,
FF64F5A1,
FF29FD8C,
FCA8F51F,
0371EA7A,
146A0645,
FE6510CF,
F765FBEC,
F8D6F926,
FAFB0A94,
072C0DB3,
02860DE7,
F562FD71,
F1FFFD09,
0557FE55,
F08EF76D,
0774F4E8,
0E921023,
049BFD91,
F59AEBFC,
04BFFA6D,
00F7FAC8,
036AF6DF,
03C202C8,
F98F0914,
F7ACF88A,
E9B5F775,
08810091,
18A31F07,
0D511155,
F89FFDC5,
05D2FE2D,
FC78F343,
0C52F57A,
0A770307,
090E0154,
FFC2ED0E,
F709F938,
F372ED77,
07600234,
0433082E,
F7DF0FF9,
FA4B0042,
F4CEFBD6,
03EE0141,
FAE61013,
FA0CFB05,
F119F4D8,
F7E5F900,
0558FC79,
09B1FE28,
06E7FC21,
0ED50EC6,
FAE2FC55,
F3BEEA6C,
074FFDF3,
0E711535,
011006A4,
F4F701E0,
F82007C6,
EFEAFCE4,
03DCF660,
127F1B8C,
055811F6,
FE66FC34,
F793F970,
F282F5F3,
0E7BF8A6,
15E70526,
00530594,
F8E9F3F9,
FEC3F137,
F7C1F491,
FE9C0099,
141C0D8D,
08E71184,
F2150645,
EBE1FD77,
04DBF9BA,
08610FEC,
F20409D9,
FE3DF98A,
093DFEE3,
F29EF55E,
FD52F24C,
18990277,
01590328,
F878F8F0,
F856F8BC,
0381F694,
FD860484,
F2280762,
F817FBF3,
F3AAF62B,
EB1EF98E,
0375FD34,
17220975,
0E7712C7,
F9C406C3,
052DF89B,
087DFBFC,
06FFFF42,
141A031F,
0C990246,
F8F3F8B2,
F26CF770,
FA02F19D,
006B02EC,
FBF20E7A,
FDE20E29,
FC440476,
F4700011,
FD5903D7,
0BE303C5,
07FD039E,
FDDEFDA8,
02EE0126,
01D7F393,
FF28F6F3,
077D0136,
0CFB0625,
F526F5DA,
EE67F3F2,
049F018C,
FFD70B03,
F54901B8,
FE630D69,
FC110979,
F191F3CC,
FA73F1C5,
15A40BE0,
0661085C,
FA11F21B,
08AFFA5E,
0CBB00E7,
08E4F819,
073A0317,
038A0B0D,
FE8EFFBF,
F930F57A,
F733001B,
00D6043F,
03A107AB,
008C12B2,
F42F09B8,
F839F6F9,
0727FEAB,
036D0B77,
0048FF11,
0653F4B7,
0367007D,
F5D4F720,
F851E754,
0B55F880,
013F0B98,
F027FE1B,
01FBF111,
FDE507F1,
FED80FF6,
003DFFB6,
FF1A02AA,
EF6303C9,
E624F351,
02E7E9C0,
0DB20495,
0A761002,
0A22FD97,
0EA8F641,
04510C20,
01EB0282,
0B67FA7C,
118F08F5,
FBA51957,
F532F590,
F615F1E4,
03E80DE0,
01E8112B,
FDB4F69E,
F8F4F540,
F73F0C88,
FAF7F98D,
FC5AED5C,
0472047D,
04180E86,
F5CEECBB,
F2C2ECF0,
0700062C,
09A70AF5,
0610F4A0,
FBF50627,
05FA0E9B,
F77CF5E3,
FADCF1EC,
044B12E1,
024D0509,
F9BCF697,
F496FBE7,
F4DCFEE2,
0B8BF245,
07D9055E,
FB6A0CCA,
186BFF19,
1508055F,
03070D29,
0A9604FC,
09DC074C,
01390102,
EB35FCB4,
FF47F7C7,
06410245,
F92A0C16,
F4B6053E,
06EFFBEC,
FCFA07D5,
EE5FFF58,
0B1EF99F,
175D119A,
F6AF0DD3,
FC4AF35D,
0C3BF34F,
FF67FFC2,
EF86F077,
0937F510,
0EADFE98,
F45D0325,
F6CAFCCA,
0093F8CC,
F5BC00F7,
F3630818,
F56F00B6,
FA50F5DF,
F8AD006A,
F886065C,
FF9DF0D9,
08CEFF80,
07960DB4,
0972FE4E,
0FB1FA21,
142D0CF7,
09A011A0,
0292FC6F,
F9E3F593,
046608B1,
FF7B0EE0,
F3F6F6E4,
0057FE1C,
015E1B56,
F2C4007C,
FF40EE05,
079C0B60,
03C40B2F,
FA1CEE40,
FD22F708,
0A1B061E,
FE68F42D,
FB6AF1A5,
038AFFD2,
0303040E,
0226FA60,
FF72FF8A,
F5520A24,
F9A0FEA3,
FA2DFD6A,
F0B80414,
F641FFDD,
F86CFBC1,
F2CAF3EF,
FE21FA9C,
0A68FEFD,
0611F1B8,
07A1003B,
108E08C0,
1B4E080C,
0EBE0DE5,
FA7A096C,
04EAFBDB,
FEC505E4,
E7C1FE1A,
F894FCA4,
16440CEF,
008C12A7,
F69907A1,
03C0FC5C,
0376FF5D,
004C00A5,
FEC9FA93,
0830F5D4,
0C6EFF4B,
FD590674,
FD70F66E,
FF3FF40E,
F5D50186,
FFC70198,
F939FEDC,
F61AF968,
FBDA02FD,
FF90059A,
EEE7EB51,
F267F266,
FFF7FC27,
01BCF400,
FEF2FF2F,
031C07EA,
FCB1FAEB,
FBDFFBFE,
0A000ABD,
16791AE2,
0DF61198,
FB5200B4,
005109B8,
FEB5FA87,
FBE0ED99,
0A4E03DF,
0E670F92,
FFCFF7A1,
FBC5F246,
05410922,
010AF8E9,
029EFDBD,
00460A2F,
FF3B0E90,
F8F0FD73,
F117FCE4,
F55201F9,
098B108F,
EECDF6D4,
F1E0F2DC,
155F0125,
02EF01ED,
FBFCF01C,
07D8F982,
0717FF2A,
FF7BEF98,
F598F977,
F7810135,
0028F70F,
F4090446,
EBBAFF2A,
0782F9A3,
07B415CC,
FC8111D9,
06F503EF,
0E150B8D,
005604D4,
FEF40322,
0482F9C2,
0427F26C,
0E42FE2C,
050E056A,
0A69F49A,
10BB0C62,
05091217,
F26AFDEC,
FCA9F575,
F63B1059,
F16A07A2,
F917F428,
07300E8C,
F8B5080D,
F36FF140,
FBA6EC95,
16BC0B48,
0962FD8B,
FE68FB75,
01B0EDDF,
FD3BFCD3,
FD5CF5FA,
FB4BF66C,
F3EEFA5B,
FAAD0268,
F4570056,
E5DFF8A9,
022E03FD,
007F0F47,
08ED0B26,
0B0D0D44,
03BC0D9E,
0BB8F78D,
0AA4FB6C,
FF4DFD2F,
0847F2CD,
10A5F73D,
00CF0831,
0548FEDE,
00DA07AC,
02320433,
F1FC0899,
F1A10199,
FE5F0056,
09740DA2,
F69C1433,
FB67F745,
0395F8EF,
F33D03C5,
FA8CE70A,
1E60FED1,
13CF10E9,
F4DCF7F6,
017AF2CE,
F65BF202,
EDADED79,
FF76FEAA,
FFEF082C,
E8C6FC91,
EFA0FDFC,
F3BAFCCF,
F218FA0F,
08CC0052,
1B331FB2,
13330CD7,
085B01B7,
06F6003D,
0B76FF6D,
FDDCF2B3,
FE4EF31B,
0E2E0843,
08A00433,
FA300060,
0BB8104B,
059A128E,
F1BAFFAB,
F11C01EB,
FE400560,
01A909C1,
FAED0112,
F6E7FC88,
06AF02E4,
F7D9EDF3,
F9BBEBB2,
15B4FC57,
109C0305,
FC4DF67D,
F908EF37,
FFF5FDBD,
F948F562,
EE750078,
F4A10628,
F6FAFF9C,
EC310035,
EC7BFD1A,
07C30517,
05B4077B,
04E0016F,
183B0D6C,
12BB0ACA,
07D0FC54,
0AE9031C,
066E0378,
013BF228,
0303FC54,
FC6A06A2,
016A002E,
0A5DFF60,
00D612D4,
F5040649,
F8EFF8B6,
FDE7FFF8,
FC8D0F38,
FAC7FEE8,
04D5F7FB,
F95C05A2,
F137FB1F,
0698EBA2,
0FCE04CC,
F9280C4E,
FBA9EE5B,
0CBCFCEE,
01E202B3,
F395FED3,
00D2EEE9,
EFF4ED6B,
EDACF1A9,
096DFF94,
025803F0,
EF8B012B,
FDE1028B,
03D105BE,
019A0E69,
08141377,
173513F1,
03E008B2,
EE4CFD29,
FDE8EB3E,
0CD2FAB7,
0BD1005C,
06EA0555,
13DE0185,
0CE708A5,
F4A401ED,
FD00F8ED,
0D15FE89,
F5851184,
F0ABF6C1,
F7DCFF12,
FD73FFF2,
F1F10478,
FB0D05E1,
0185F9CA,
FB45FB13,
06E6039C,
0180F6E9,
09AFF8E4,
0453FB73,
F483F52C,
FAE2EBDE,
05BBF9D8,
EDC702AC,
F6C6F9F1,
F29AFA18,
F494FFD3,
0EC90A39,
0BBA1CB5,
00000460,
0FF711EA,
07C30E39,
F01CEF18,
0B3EF1C7,
09260C18,
0406F978,
0778F283,
096D0443,
070E03B9,
08BC016B,
038505DB,
070112D2,
F9310A5E,
E666FA34,
F3A1F331,
064D1754,
0107016D,
EF69FABB,
0387FDB3,
018FF562,
0383F0D9,
09C7050E,
0F7BFF5C,
0291FC0C,
F7FCF74F,
EE49EE53,
016EF512,
F9DFF864,
EA4802A4,
F372F617,
F66EF8F3,
FD0501BC,
09350DDD,
108E0DAC,
08FE0BFB,
0C5D0751,
0FCC0EB2,
0906FA21,
00C1F45E,
108D05B0,
015DFC8C,
F93FE8D4,
0CAA01F3,
0DBF1907,
F23CFD07,
FCAAFEAA,
00210EA9,
E862FCD0,
001AF684,
05C60FDB,
FD1D11E9,
FF3DF88B,
F4A1F742,
F62BF445,
0CB8F49D,
0DE7FE8B,
068304F2,
F978F661,
F75EF5E6,
F7D0E8C9,
F01BFB4A,
052AF9DA,
000C06CB,
EFBA05DB,
EA6CFBE4,
0435F7EF,
137F12F8,
FC201207,
14A40C4B,
14C212EB,
FDAE00F8,
FC39F947,
147A027F,
02ACFD6A,
F77AF99B,
0590F7BF,
090AFABF,
013606F5,
FC330C71,
FDE5FB72,
FC810946,
F262FFB3,
F88EF88D,
0C600846,
04CA0966,
EC4EFE15,
029EE61E,
08A8FB8D,
02090054,
0915F7DE,
0E13FFA8,
FC2FF770,
F024F629,
FE69F778,
01DA0345,
F6D30441,
F11AFFD0,
F8A1EF97,
EB8FFA3B,
F521FE1F,
0653F7B5,
08390076,
10D808DB,
13F9028F,
0DDAEE37,
F6B6F28B,
148C013A,
10850B24,
FE8AFC04,
0244F3B6,
1BCAFC59,
036A349B,
DC82EEEC,
0BEB0E06,
128E0741,
F9A007E5,
E73CFD46,
14A61C44,
F9B30CEE,
F234D865,
F41FF864,
15B10442,
050D0746,
0334F7FA,
094405D9,
F103F19C,
0470FDA5,
F744F562,
024EFAAE,
F592F872,
FC5A018F,
DFF10463,
13A7D928,
0746F304,
04DE0C69,
03FC0B39,
0DEEF133,
12BB0B80,
F919FB17,
0DCCEF9F,
0CBD0B5C,
03B9102A,
E595F87C,
FD47F1C2,
FF9E05A7,
FF0A0A95,
FBB804BD,
06A8085B,
F92816BF,
F4120560,
09B8FDD7,
08A10209,
FDAD0901,
F349F1BA,
0825F1EE,
059CFC6D,
F8AEFEF9,
134AEEE6,
071FF0BE,
F41A126D,
EC6BE41E,
F3E1EC67,
05E20CB2,
04250B71,
EC8FEEE6,
F300F4A8,
F61303AC,
F5F0FCAD,
0D88F6AD,
13830B60,
11CC1480,
0499F1D7,
F80DF5B9,
09CB0BAF,
105009E8,
0B010038,
015203B7,
0DEC1D49,
01A8FC38,
F4AA0EA3,
10BD0CFE,
F0EF1031,
EDA40051,
065AF891,
F79312C1,
E96CF67F,
FE2CFEBF,
FC53FAD2,
027B0145,
0E6FED9F,
F55004CC,
F6D8EC14,
088207B1,
21EEF0E2,
F8BBE212,
F4AFFE38,
09ABF5F8,
F0170051,
015B03D0,
F594E8EA,
FD820953,
00530640,
FAD0FDBE,
FF11F014,
0A521297,
0D30FD76,
04E51563,
16C80B0F,
05330682,
F730FE5E,
F71E01D3,
0048FDE5,
025912DA,
0319F341,
E41A0222,
0C820D0E,
069AFFBF,
F0B20FA1,
0AAF0682,
0301F2D6,
F9B80925,
1785F931,
0029F2E8,
EDD9032B,
03E8ED1D,
02D00036,
15580979,
01760AAB,
E6D805D6,
EDD9FB45,
EB58F7EE,
F9B214CF,
021E05A0,
0826F280,
0871014F,
0884E3D3,
E32810FE,
123E0AAB,
12BF0373,
015D0A05,
04C6EBFF,
1D72DC5E,
D6830F3A,
06EC1F7B,
F1C6E93D,
06352B98,
0F981165,
FF93F2B7,
FCF9D85D,
1D66316B,
EA4203F8,
F8E10995,
02F2FA37,
01CF032C,
0157F869,
19E40B1C,
EEF9F99E,
01B9F9AC,
F9B309FF,
ED86E5B7,
0E3F00F7,
0AFF0788,
FFEDFB20,
F7DF0170,
EC2A079E,
F28FF15A,
F7B9FACB,
0D8BFDE9,
E7ACF431,
1FB1F604,
FA93F474,
0E70FF44,
0AB800EC,
15DEFFC5,
F5120157,
F23EF90A,
E88CF574,
125E08C5,
0E55173B,
F7ADFAEF,
F4CC0446,
FD8601B0,
F6D7EBBC,
21700FF2,
133C1FB1,
03D5FE27,
00E3F0A7,
F8BCFD20,
F804EB58,
17C6FAC8,
0D5B0FEF,
FB2E0528,
F7F805C9,
FC7DF889,
F16407A6,
052A082B,
02F3168E,
F9DDFFB3,
F2FDF7F8,
019CF8FA,
04F9FC68,
F2A8F874,
EC50E82E,
0DA6FDA6,
FB98F616,
FB8FF7BE,
19FF0D22,
06E70221,
F5DC09CE,
F85300FA,
F9A7F8C9,
05D20C1D,
FD530701,
EE0406B0,
10C8083C,
0113FCB7,
EC0BFD91,
19DE007B,
15F5022E,
FB3B040E,
09E6FA23,
098C0346,
FC2FFF05,
F983F171,
01C50750,
0046F7E0,
F3FAFF4A,
ED2BFFB9,
08A10AF7,
016E04F5,
F6350625,
FCFC01A8,
F3EBFC43,
F2EAF175,
04AFF504,
0EEF00FB,
FE91F30E,
FF07F138,
003DFCE9,
F42CF23D,
09C6F24A,
15361FD8,
012910D3,
ED42FB31,
00EF0142,
F9760C83,
F4EBFACB,
059400A7,
0C1A163B,
04EF09F2,
0A69F8F7,
13E1073F,
0F4D1016,
F9D3F1B4,
08F1F37B,
06B703B8,
FEA9FDAD,
F798F7F7,
040D02E1,
EF791059,
E82BFAB8,
FD90F5D4,
03F2141C,
FB4302CF,
06A2F80B,
053F04F6,
F1E9F4FA,
F9CFEA32,
019DF253,
F6D0EBF2,
FA56F855,
0E88078D,
FDAD0490,
F6A600C2,
FDEE0069,
FE930A09,
00D80A26,
FDAD0453,
0FE70DE1,
10850F34,
F5D3FCBB,
F61EF269,
153D039A,
0594FA4A,
0522F959,
13760816,
0BC4116C,
F21FFFEE,
F36BF832,
02200634,
FCB70929,
ED08F7B8,
F73B00C6,
0E0A023D,
FA92FBB4,
F6EEFE13,
0275F37A,
046BFB2C,
0550FE25,
0031021A,
0D8B026E,
F798F807,
E900F49B,
F539F7E7,
04D1F3B8,
FB570AA9,
F97A08E8,
FC2DFA5B,
0E95013D,
05BD1641,
011E0E32,
076CF384,
04C104FD,
FDBC09DF,
F83FF524,
0A57E917,
089C0DD4,
03820899,
F362E85B,
0207FA47,
07CE173D,
FF180E23,
0268F401,
05D00FAD,
FA050C86,
EE78F071,
F47DE996,
13F81CC3,
0EF00DEB,
F76BF99E,
0113F773,
FD68FF8A,
02A9EF7D,
08A3FADB,
007A0A56,
0403FE3E,
FDF1FEAC,
E136F8FC,
FE30F8A0,
0497FED6,
F055058C,
F3D8F74D,
03C7016F,
05D2FEF4,
043901C4,
00C7088F,
0063F5F9,
093BF9C5,
FFCE0A83,
07B8F92E,
0726FAF6,
092B0E7D,
F2CE02BE,
F84FF235,
01A7FA7A,
0F771764,
03861490,
03B7FFB4,
031207D8,
E9A700A0,
F890E97A,
13980116,
0ACB14D2,
03A5FD13,
0307F994,
F9A8FA8D,
F9A5F4CB,
0C9B01DF,
087801AC,
EF76FEA1,
F41DFD37,
F5DFF011,
ECF8FCD3,
FA80FD85,
074E0A14,
02F0038C,
EF28FE76,
0691FEE1,
14CD02A6,
F71F022D,
FFEBF9A8,
0DCD034A,
F7C5F1F8,
F6E8F12A,
16F00C78,
0EC50A26,
FB510384,
F6E40731,
0332FFEA,
FB1CFEEE,
FFC00ED4,
FA0608B9,
09DD0800,
FBC9FFC0,
F014FA0D,
14A4FE6E,
147E0531,
EF5DFC61,
032BEAB8,
0C4100E7,
FB54F78D,
F96EF9FA,
05DD0D85,
F546FAC4,
E585EFDA,
EFC600E4,
0D250742,
F5010212,
F92401E4,
04D502FB,
02B9FEC2,
F3F2EBDD,
03E1FB77,
1FCC0B2F,
06F3FF32,
FEF0FFCD,
0387085B,
F62BF6F6,
FE32F713,
03CE1380,
F3840947,
029CF116,
07F3147F,
FE9F0E95,
0877F7FA,
14A809AE,
017F0CE1,
FA58FA04,
0581EC3F,
FBE2F822,
F9380041,
0953FA4C,
FEE60154,
F8A60867,
FB7506E7,
F896FF24,
F8170006,
F1EA05A8,
02BAFFA0,
FBEBF334,
F13AFB75,
FE77EBBB,
1238FB37,
0924FF23,
0061FE53,
14F002F2,
0A490868,
EDD9FA79,
FBE4FE0A,
0A56095D,
FA760CA3,
EE36FE33,
F8D90713,
063300D6,
FDA80985,
FB3D07F5,
0C5AF8EE,
15B00892,
0D751038,
0187FC83,
0B94F5B3,
FF2AF69E,
F465FB81,
02D8F74D,
0A5AFF13,
F0160772,
F6450053,
F190F54E,
F5D2FBF3,
02C10B91,
06930F8A,
EF85F10D,
FB55FF64,
FDCDFBF4,
F19FEBC8,
0722EEF4,
09CD0978,
FCBD006F,
F87FE91D,
097AFC67,
0BB31183,
03AC09C3,
FF22FCFF,
07481182,
FC940E18,
F59DF691,
F9D4F94C,
0D8F1B7E,
0753017F,
F55CF770,
08D00153,
047C0532,
0CADF96E,
093B0298,
021802B0,
042AFA33,
F9A1F602,
ECECF9A0,
01D4F9F2,
037E03F7,
EBB904A5,
EE31F490,
07D70989,
00BC0629,
F92E0260,
009D063F,
FD56F91B,
0246F21B,
09DE0706,
0767FD7B,
070DF019,
09E80991,
F569FE78,
FB78E699,
0999041E,
06CF1738,
F9F109C2,
FCF7FE27,
F7300BB8,
ECAAFDCF,
0690FAAF,
0FFA0EEB,
010910F5,
02C9F7ED,
F9F8ED4D,
0050FAA9,
0D0DFEBC,
13AA073E,
03420299,
F8FBFF36,
FED5FEC4,
FAC4F5D5,
F41D0296,
09960512,
08D70CF3,
F06A08C3,
F11BF4CB,
08000212,
069404BA,
ECC8FCDD,
0485F9D7,
0BB2FC78,
EEECF555,
FF63F66D,
0D210142,
FBF5FCEC,
F04FFBBF,
FDBDF929,
0C46FE89,
01B00F5E,
05910EDB,
FE75F9F5,
FCC5F947,
FDE707CF,
01E5FFA1,
09D802CE,
033F0752,
EE680513,
FB86F1C8,
0BACFC0E,
12381F97,
03880814,
FE81F4E4,
FCCE0068,
F984F9EE,
FF79EDC6,
1136010D,
02B4138B,
FB4DF9EF,
EF5BE872,
FEA3FE06,
086C0B31,
00C7034C,
FB2EFF5B,
FEA81032,
F7E0FFEF,
F21AF1B2,
FF7105B5,
0FE6143E,
F3F8F4E4,
F3A0EF0E,
09FFFCD6,
0663FC8F,
0701F2A5,
FD53FBFC,
05380478,
0D78F6DE,
FC4F0544,
FD580DCC,
06040446,
F67C0723,
E8EBFCE1,
0411FFAF,
0BE3127D,
FD3F055B,
0123081C,
0C0C0205,
F9C6F520,
0865028F,
FEACFF7C,
0A5AEEC8,
0CAAFF05,
F5A00824,
F718E868,
0D2900D3,
FE9E0CE3,
E892FDA5,
01CCF819,
FAA00D86,
F06305AD,
FCF3FAEF,
083305F9,
FCA50A7E,
F2D8F5E6,
F6C0E34D,
11CDF627,
0BC5079E,
09EA04B7,
05F0F38C,
FB170587,
FBD9FCCD,
065CFD47,
01540B85,
02B7158E,
FEA210B2,
F488FD51,
FAC3FAD0,
FED50BCB,
0A8404B4,
0349FAA6,
FD91FFE6,
039DF995,
0C0AF7CA,
FD53FC6F,
005BF96B,
09B5F8B3,
039A057E,
F5F60130,
F4C7FFF4,
05EBFF8C,
F9FB11C0,
EA660085,
F7FEF34C,
0B7E00D7,
F18B0CE2,
00BCF370,
152E0089,
F366FF69,
F2F2E6EE,
162EFBE5,
0CE506AC,
FB0EFFAB,
041003AD,
FBD6FF31,
F590F50A,
00900A33,
088F0CC0,
001F06F5,
F72D0926,
F38DFB67,
F9CFFC97,
FFCBF6A6,
15FA0E72,
19A81186,
FE45FE9A,
F90BF373,
0600F93B,
FC87F609,
FEE7EDBD,
0D3D1185,
FE3F07EE,
F804FA5C,
FBBC048E,
F9360B2F,
F969047A,
F8E3FA2E,
FD6000A6,
018306FB,
0087F61E,
FCCBFA3B,
0CC2FD7E,
FA1FF98D,
FB82EE50,
0816F543,
095B0481,
034803E1,
F530FA5C,
013A0565,
F87B05F3,
EFDDFCD1,
058F0710,
0D8D176F,
FB410A07,
F80FFA5F,
0AF601A9,
0366FE41,
0491F0F9,
1CAA08D7,
04B506FF,
F816F147,
036FF8E8,
F7F300D8,
F739FE00,
01CC062F,
FFBF0F0B,
F6160200,
F105FC8B,
FBD5FA37,
08910A73,
F77CFA91,
0576F61B,
135A0545,
FB8702AC,
F7E0EC5F,
0F43FD38,
03CE05F0,
F03EFD66,
00BEF0F0,
02690F7A,
F8DF0321,
F911F996,
00500949,
FC5A06F1,
FFDCFA43,
0B4706D6,
00F20747,
02A00003,
060CF6F3,
F0CAF6FD,
F8E7FA64,
1613FC17,
0AE20D5F,
F2F1033D,
F9EEF8B6,
0AC2FED7,
F8AFFD26,
F905010F,
0E0D0500,
0E780C5C,
F07C0132,
F7EAFBEE,
0F36025D,
043306E0,
EF230096,
F9A2F997,
0DEFF2B6,
F5EF035C,
FDE2028B,
0F66F9A4,
0471FE26,
E9900732,
FE29F1C5,
0167F07D,
04C50D4B,
021B0DE9,
06B20411,
FF26F5F1,
E8CDFB36,
009EFE35,
1AFB024F,
F5B205D0,
F5630AEC,
102CFC82,
FEEC0243,
F5AB00A4,
00BC04AA,
1C850295,
F991FA5C,
F26C001B,
0C8FF6B4,
1477FB7D,
F32B0617,
F131FE95,
0178F515,
07D40806,
EBD20A99,
F9E60916,
172C0283,
F7710DD6,
E3CFF998,
051EED4C,
0DB5FDAA,
FCAA0681,
077BF686,
1028FAD9,
F7C1F7F0,
F665F3CB,
0CFB00A7,
0446014C,
F8661169,
F9AC0A52,
EF11FC65,
F2B0FD1D,
FC2A099E,
04C30B65,
009CFC05,
02810307,
0A3901EA,
009CF00C,
031BF122,
24610EB3,
030F0261,
F125EF62,
07D0FA9A,
03560CD6,
F554FB5B,
F3E808E1,
0D2311B3,
F575064F,
EAE8FA0C,
0930004C,
16F9174D,
F729F4CD,
FA76F106,
0425FD1D,
0340EDE4,
FB93F3CF,
FF0E08C8,
F938FB01,
0384FD56,
ECC701CD,
EEE6F5F1,
136802B1,
0C001928,
EEA8056E,
FF0BEFAC,
106903FE,
FAE5FB44,
FF5BFEA1,
145608B1,
0C5406B7,
EE4503ED,
EE7CF56B,
1DA70464,
0A8B0914,
F20BF76E,
1482FCE6,
0E510C24,
EB89F371,
FE16F53A,
09F10854,
FB1103E9,
F2EAFAB5,
F093FE69,
F3C8FE5D,
FF0A056A,
04D90FF8,
F968FE24,
F507EFB6,
0415F6AD,
0E6AFA49,
065DF314,
18C6FD4A,
0DCE0A17,
F57FF75F,
F270FAE2,
0162056B,
03EC0BA2,
EBE70720,
ECDF0336,
0458098C,
041908CD,
F4F909B1,
0AFD0871,
1E540CDF,
010AE1CB,
FF0FFB7B,
0BF70DFA,
10DC0F6E,
FAFEF216,
03CD0DDF,
F721142A,
F70CF032,
F9AA0059,
F8FB1BF8,
F82D0EEE,
F9850025,
FB01023E,
0578073A,
F3F7F0AD,
0F67F1AB,
0CE5083C,
DFC80712,
0E9CDFB4,
0D3DE45F,
194E025A,
FE61002A,
0914EFA2,
0F650B76,
FE81FA29,
F9B3F465,
092A00A0,
042B078B,
EEDFF6C4,
F1D8FEDB,
FD58FC0E,
08B3FEA2,
0A2806E9,
091904EB,
1A130640,
FBA0F6CD,
F4D7F809,
148B02FB,
08180121,
FB78F334,
FDB712C9,
F7550DCB,
02E9FF79,
F6BA0504,
E81802C1,
F8B5021E,
052C0034,
F819FEB3,
F8F10A38,
1930FDB6,
064B0356,
F903FB9F,
F4C1E77B,
099EFB5A,
0655FDBF,
FCF2FD17,
F9DA08D4,
02530AC8,
F7FD073D,
F7890489,
F27C0175,
F7A806DC,
FCF70026,
F25BF1DD,
F33EF86C,
FCAEFDB4,
159BFEB7,
0297FD68,
F6E106F9,
083BFF27,
1763F703,
FE41F4D9,
094B090B,
120915DB,
FA4404A1,
FB1CF84C,
F1AF0F35,
0227FB91,
F5ECFA71,
11DF0699,
06B106B4,
06A609F0,
FE1D0672,
09CBF8EE,
0FD506CB,
FF78ED8A,
FEE9EC4A,
1090F8F1,
EE93FF9C,
EBFCED64,
FAD8FC96,
024B1094,
EF4B0239,
F32C1354,
027404E8,
017A0285,
E55A0804,
F502F792,
046CF268,
0A0CF51A,
0204F776,
0224FBA1,
179FF905,
0CB10AD1,
FC8608DF,
09D10758,
06600103,
019C14B3,
F0DE02D6,
0214FA6B,
137B0532,
F95A0C8E,
F0E9F041,
0550FE4B,
07D807ED,
EDCAFC6C,
FA99F5D5,
0276064F,
1565168F,
01E9E363,
FFA3E634,
08760139,
F84CEA56,
FDF3E078,
F60704BC,
FAB00A79,
12B015C4,
F30D0145,
E8270D94,
F910107A,
F8CEFCCA,
FA98F611,
F8A50799,
1203FA4F,
098CEC65,
02FEF7CF,
05CCF65A,
FFA807D3,
FE71077B,
0B4D1359,
F9B41058,
0D00FE8B,
FB9A1635,
F8A6F9DC,
05C3F3C6,
ED4FFC80,
FD310D2E,
FCFAFE25,
0A59FD51,
FDDE11BC,
013D0522,
0188F9DC,
0208E191,
154206E9,
05F9FB4F,
0C5EDFF4,
054AFE95,
E410F797,
FBDD00B0,
F5DA0191,
003E128A,
FE250FE3,
F59B181C,
F5F1F52E,
0360F54E,
188A0935,
F22AEDC8,
03F2EE08,
0CEEFA52,
FA34F42D,
FC170BCE,
FA071061,
0CBD07B9,
011C16D3,
072F0414,
F816FE5C,
14CCFDA4,
0E9401A1,
EF0A06C3,
01DBFEF9,
FA8404D7,
FA1EFE48,
F62EFF35,
F5A1FF83,
0E4EF7D3,
11D3FB3D,
FCCCFA2F,
0E0CFA0D,
0BC40545,
F52FF63A,
EE73F074,
F53BFC7E,
F66B0647,
FBA70850,
07B1FE4F,
027F0C51,
0214081D,
00D7F5DD,
08FDF8F4,
10100517,
F2C50488,
EAD9F288,
FB22F31C,
F4F00029,
FA6506F0,
F53A016C,
05B20494,
080A060F,
F7970562,
013EFCA1,
13520267,
FEBD0965,
01EC0BFC,
FF91FBEA,
FD0EF27A,
07F806DF,
0196FC87,
1298FB4F,
0CF9019E,
0471EEDE,
FFA1F75B,
F9DBFEAC,
0C26FA33,
F91AFCC5,
EF0601FE,
F03D0803,
FA88FB6B,
014FFFDD,
EE710A12,
0A380B0E,
02FD12B2,
EC600140,
F8C9FAEA,
057BFC1F,
FB34111C,
F315F4CC,
06EFE7CD,
0E05FA98,
0586F963,
0650FBE2,
14FEFAB9,
16C608A7,
F31F06BA,
F30D0904,
052507F0,
F3590511,
083B1041,
FF3A08BB,
F5FB08FE,
01A7EFF6,
097FFB64,
FB22FDD9,
FB46FD68,
0B3301AE,
0975FB5E,
0383F655,
F76D09C6,
0935EF28,
0A86F603,
F3EDF814,
EE88F307,
05B90B1D,
043C0922,
FCA10CBF,
F8BD1A53,
F50812AC,
F984F642,
00CE00DF,
FE71F935,
00BDF208,
07D9FD14,
07B6EF64,
FD46F577,
FB2A0000,
FEAC07B3,
0BC600D7,
03780052,
FF4D02EF,
FCD104BD,
0095EFCF,
04A8FF42,
F9EE0C8D,
F282017C,
FE330688,
000B0AC3,
030B024C,
01A8021E,
FD46041C,
0737F2AE,
085EFACA,
FF9FFE57,
FA64FD29,
FC9709B0,
FB9CF2E0,
EDB8F505,
F70FFB6E,
0150F972,
0B5DFDC2,
1739F865,
F8CB0176,
F8F500A1,
FCFDFB31,
F211FD3F,
F2C7054B,
ECD9060B,
F7BE059C,
FFD3F9A7,
04CBF867,
104600A2,
0D4F057E,
0B050BEC,
FF04FD1E,
F973011F,
FB4F05D7,
08150E05,
10540B39,
0904FDCC,
FC51F771,
F7C0E9F9,
007EFB6E,
FE02FC96,
F619FCD4,
F52F0A2F,
FB7B0419,
0587074C,
FF8A000C,
00DFF2A2,
00320092,
FC7BFC68,
FD95F8D1,
011BFEA6,
00AB0AF8,
070D1522,
08BC0C71,
FA64FBDA,
FBE0F2D8,
0507F84A,
0795FC37,
0648FB8D,
FE2802EF,
F59500CE,
FB7EFBD2,
FCE10A8A,
FF940243,
0CED04D4,
06D20715,
FED9F425,
00DDF2FF,
0B08007F,
051809B3,
F7C8031A,
F9880902,
F98D03C6,
FEE80052,
02A7FD60,
08F00000,
0D42FD97,
036C005D,
FC6CFB87,
FA94051D,
F2F60259,
FA8B01C6,
057B038F,
FA11F904,
F2D1F8D8,
02E3F03F,
0E52F970,
001E04B1,
FAE10933,
F4D5042E,
00AA00EB,
0472F7F6,
017FFE20,
03BDFAC4,
020DF59A,
0F030907,
008405FD,
F7DE0624,
03FA1239,
05820D03,
07950134,
0381F678,
0184FDFD,
0AF900D1,
027603EC,
F42600BB,
F6F3FEA6,
FBD60597,
F86B023C,
FA54F789,
0AEBEFD6,
11CCFB7D,
04BF00CA,
F549FD9F,
F2DBFC23,
F8D802C7,
F15C030B,
FA80FF99,
0D24FD02,
131305EF,
025F02EC,
04D3F211,
01EB04D3,
FDEE006A,
F85BFEF7,
FB140625,
F218FE98,
F6ECFB76,
035AF541,
FF98F90F,
0C7EFEA3,
FBA8076A,
F8A6FEB5,
00680697,
FC7FFD6A,
076CFDD6,
0DE707FD,
018805F0,
0348FBDB,
01CBFA55,
FC9F04C0,
F8A20899,
FE6A03CB,
0B2009B2,
06D705E1,
064201B6,
03A70120,
07C9FD0B,
09C803D4,
F16FFB8C,
F132FE43,
FCFB0352,
F71601D5,
017DF2CF,
07820198,
FF2EF9D7,
02D4F744,
F657FBB3,
012CFF67,
F5830655,
F87AFD9A,
F83A022F,
FE8EFACB,
0C7CFE19,
039DF69A,
096707D3,
FD8E01E8,
FE0105F9,
FAE70097,
0316004E,
08AF07A8,
116D02B5,
01E90573,
013BF753,
F1DA013E,
F246FB12,
F745003E,
FD73020F,
0F820325,
03C1FCCA,
11A3FD15,
010BF796,
FE32048B,
F7A503B1,
F1BA0566,
F8AA064B,
FABBF904,
055FFD54,
0EB5F2C5,
068C0A88,
043800C7,
FDD0FD32,
F4D7FED1,
F38CFED7,
F58204F9,
0795FDE0,
FE94F5BB,
041DF533,
008EFB22,
0273066E,
07940FED,
FC710859,
04D50744,
FFF801CB,
04DDFFAA,
0B04F4B0,
0745FF0F,
009D03FB,
F9660026,
F6180BBB,
F53A0219,
00B408E0,
18FC04D1,
0E38FCF1,
09F3FDBB,
00D4FC96,
F0ABFDCA,
F30CFE31,
F3F9FD0F,
004E0680,
FFB5FC14,
FFCFFB9A,
0015ED4F,
056FF8B2,
021D05D1,
F82C02B9,
00FA0BE5,
07E900EF,
08ED08C9,
04D7FD08,
FE120C1F,
FFA70297,
0846F8E9,
FA4EF510,
05580A29,
00C815CB,
05190EE1,
FC8705F7,
00B302AE,
03C4021B,
0486EE05,
0741F7AD,
F808FB84,
F894FE5F,
F0E90191,
F68509A1,
FA0BF9D8,
13DCF1DE,
081BF48B,
01B2F57D,
F40D012C,
F721FF93,
F879FD95,
F8E4FECD,
F87FF91A,
0067F22C,
1BB806AA,
10050D16,
03A30BFE,
FA6A1417,
F96116F3,
F2ECFBB0,
0238F44B,
0E18F518,
0841FB0B,
0407FFEB,
FF68FF4E,
F93602FA,
FB67F890,
F352FCF3,
083907BB,
07080F8C,
0278FCB2,
02D9F97D,
FE9F0429,
ED5F07F0,
F3840267,
070D02DC,
0DF4E948,
0BE1FBE6,
FB9804DC,
F8D90D87,
04BD0391,
F979FC7E,
F21F0284,
088002B1,
0ACBFF92,
0997F69F,
FFE3F060,
F646F8A4,
EF3FFDEF,
F1E50C9C,
04520CAE,
0E36FA89,
0E86F71D,
06DEF5C7,
FAE004C6,
F88801C6,
ED82FDAA,
012D0844,
F5DA0749,
F4C8083C,
06E5FD31,
0FB6FD48,
06390079,
F936FA5D,
F70C0815,
FE1DFF46,
F5F50225,
033AFACE,
02C2F44C,
FDCCEF77,
F87CF6C8,
FC27007C,
0E340AD9,
048907E7,
0E6C0DD4,
0133FDD8,
FDA3FFCE,
FEFEEF3E,
0890FCAA,
FD840845,
F9640B75,
F20F0CDC,
157AFA9B,
0FE5F900,
178AF08A,
04A0FB82,
FE590817,
F21E0306,
F0E5062F,
F66E0411,
F8940409,
057CFA92,
FFD6F104,
0798FCEE,
F9BEF120,
F6610232,
F6D705F2,
FB6F0B70,
03770486,
0AC1F230,
0B08F166,
04E7F63B,
066006F1,
02530B62,
FC13F95E,
021DF974,
0CECF623,
03A50541,
08AD0927,
068F0A4F,
00310CBF,
FAF600CD,
FE18FCE6,
FCF1F089,
07A9F55E,
0699F610,
F8BDFF04,
EF97FDD4,
F3FB0592,
FC810A1F,
0390018F,
0205F20F,
0141F3BF,
01F4F9A8,
F25D088B,
FB10FD86,
F8E7FE26,
0621F875,
FEADF88E,
093CFB25,
203205EF,
0CB30144,
06920DBC,
FC73041F,
F67C0729,
F922F9E5,
04B6FC25,
0993F8EF,
FC6BFF40,
FF30FEEF,
F6820639,
F7130324,
0232F729,
0860F1CB,
0EDFFFF6,
0899FF96,
FBB00AE7,
F60C0426,
EE110176,
F610F6D1,
FF74F8FD,
06BBFFA7,
03A70304,
0C15026D,
0B350A3A,
F3C3FBD7,
F561FF17,
013DF48E,
155A0314,
0CD9FB2F,
03B6007D,
F8770556,
F57604E5,
F03401DD,
0350FE30,
0DA3F510,
0B36F1CB,
FE860240,
00B50F19,
F0EE086B,
F0110DC3,
F27805E2,
F738FFD0,
00D2F600,
046BF896,
FDD70DB6,
034707B1,
FE310906,
FF0C0CC9,
021C01E1,
06D0F9D5,
F4A0F9C8,
05A300EB,
F1DEF8DD,
EA7D045F,
F10AFE87,
FE27FAB1,
0AB40749,
118EFCBD,
053B0BAD,
04FAF9BC,
F0F00330,
FBC9FF38,
06550446,
116D022D,
0BB3F528,
0461FCF6,
FF0E0E41,
F6C208AB,
02AA0E43,
F8AFF849,
0340F71D,
05C8FACF,
075E009A,
0204FF77,
05F4FEF8,
F85B021A,
F679ED50,
F534FCA9,
FEEFEC6C,
03E7065B,
2206119F,
136B2234,
0919178C,
091D130C,
037C0198,
FF1DF567,
F92AEB0D,
EA1DE27F,
DF77DD16,
DA3FF11E,
F9CCF56E,
227E0196,
3DFA1305,
21CD26B4,
07600A0C,
ED61FFEE,
D55DF645,
CFE1CD3D,
CA62CA8D,
FE74D86E,
1FD11033,
174D1F16,
1F372024,
082512F2,
1C850A6A,
1B5327E5,
0E590AAB,
E56FEAC6,
CF60CAE5,
C0EBC3B6,
D3ACD6E8,
E5BDDE5A,
29EF0B9C,
508C4C0B,
449D3CD9,
4B1B3A00,
2AC137EF,
F1B03588,
049D1299,
F1640994,
EF0EE04A,
EC4FD33D,
F54BE7E3,
CEEDE929,
E638E4F2,
F0D6FBBD,
F8B4E8F2,
E7ACDDFF,
DCF6CBEE,
FE7BEF4D,
008C05A7,
FC76122C,
FADD0BB0,
EF1BEA45,
E9AADAB8,
F932DDEF,
0D3D15A0,
2EDA387A,
1C92335F,
265A2255,
0EA915F7,
085C064D,
ED4BF198,
DFE6E578,
E788F821,
05540221,
EED30572,
F6E7E3E8,
0792F013,
22431C30,
F96C17ED,
F119F888,
E677EA0B,
F4B8013C,
00F1FA50,
0AEB04C9,
0F8101BD,
01720093,
04A806C8,
12E01766,
22B53687,
1CCB0DAA,
FB0CFFDC,
D6ECDF01,
D3ABD922,
DA9BEB8E,
D3B2DFEE,
E1ABD941,
F811E55D,
F1D2E35A,
0E1E02B3,
18B620F4,
13FE2604,
049814DB,
203C1360,
173D11C2,
228D0106,
160F1E49,
04F90C24,
267E2146,
0CCD2115,
2B1019DF,
1B5CFF60,
08570490,
E2E13609,
CC8303A3,
E9EB001C,
D7BCE1C7,
0E0AE284,
DBD3F594,
E66CCA45,
B2A4E9E9,
DBCADBEF,
FC48F80B,
EC6AE410,
F3DDDD60,
B704CD0F,
C1C5C4E1,
BB20D632,
EE46E253,
3791FF0A,
38960E31,
42C53875,
35F24799,
0F6D3502,
B8CB05B6,
BE16A635,
40190401,
120AFF3F,
F75911D0,
B623E4CF,
015BE5BE,
37824A53,
53944765,
4BFA5314,
09961FF5,
12A01262,
CE4704D4,
ED0300D1,
EC6EFEDD,
25FAFF97,
14843DCB,
072FFC21,
36640EF5,
2695243B,
659A59BF,
31A7590C,
178B0570,
07A70058,
182FFBD0,
33C24136,
AB44F287,
EBF8DF39,
12D70A35,
5A0E1D23,
38DD4801,
37B22F2E,
29BC4EBF,
203A1D40,
44B73552,
1D2016DF,
1B6A0D20,
DC6CFBB3,
FF34E430,
B8DDF897,
D4ACAAE2,
060AF82F,
2BADF440,
44E048B7,
26511A69,
6AD14D1C,
47616C23,
6ED54C7F,
494063B1,
2EE22FFE,
D8B4037B,
B681B3B0,
B16CD51C,
9F65A29A,
B2F29ECA,
9EC09623,
B30799AC,
9FC8B15B,
BE15B377,
0BEE0C55,
24CB110E,
2B233021,
1089F248,
3B4D1F36,
05B110F8,
EBB604D9,
B412C15C,
CE19B4C8,
C4C1CD3D,
E8B3CA63,
345C195D,
21C73288,
2DF23595,
1D1807A3,
28591893,
31230ECC,
38793E21,
08862340,
275317FE,
1815241D,
4A8E21B2,
3E8555D1,
295A231D,
00B81DB8,
1F51FCF0,
09B9196B,
23AF033F,
06B126F7,
DD96CA8A,
D4DBE118,
CF65C3AC,
0F19F303,
067412DD,
0E2F050D,
FBF4F873,
236321D5,
1737358C,
50E3FD4E,
224F48B1,
50343314,
46FA2B17,
2B1D2A81,
57AF3E0E,
4B5C45E0,
62ED42A4,
5AB434FF,
4C4F4874,
1BEC2F6D,
2AA441DF,
F268E927,
ED75D460,
B493CFCE,
BE85C903,
B45CA53A,
C1E8BE7C,
A46FC34A,
3423CC10,
2C4C211D,
1A512F49,
28FD1B90,
D7FD148E,
0A8AF129,
C6BEE87E,
01C7FCA8,
BEDCCF97,
C169A0B6,
9DF7A70B,
EF5FD527,
16200997,
320F276E,
ECC5054F,
305DE266,
E076F458,
EEDEE031,
EF560E2B,
E297F37F,
CB46D991,
0FA5C180,
1B9A14DF,
04CA0A69,
EE3D19FA,
0041FCF4,
03C40CE4,
09B9EA3A,
1170002F,
345C4758,
18694710,
2E0D18DD,
631A48C9,
16503312,
1357FD8A,
F80D3253,
1153E8B6,
023E2CDA,
F5C0E7D1,
116C00BE,
FC01E61F,
2E531BC8,
0E541D96,
1D612F49,
F9BB0546,
29B2FD14,
04F60F07,
289C127D,
1D1A3442,
30EE241E,
488F4183,
238824A5,
3FBE3E25,
3F022CDA,
2F365F18,
1D640AB7,
417548D6,
05F50F17,
1F89072C,
1F11163B,
35B344A7,
2BAE4697,
18CB1B47,
010E1AC6,
15B8EB6A,
A82CF29D,
B4E9AE0F,
B320CC99,
BA8699F8,
B59DCC9E,
D8B7D636,
1386F62F,
468C2023,
46132ADD,
186C3020,
4D8E4072,
0DD340F9,
2DD70FAE,
EDCE0AD3,
0357E298,
EEE30D2E,
018AF048,
107A179F,
F4EAFD08,
E603E8AD,
C41CC18C,
0C02116C,
EE76E034,
1E131CCD,
CAB7E761,
C235BAD1,
9EDCAB13,
9C979283,
B078B2CA,
9BFDA46B,
9DB99E07,
CDF88FA2,
FCD60143,
24F4ED08,
3C165846,
1B4A1A49,
5E724424,
699F5698,
66436823,
66076C2B,
4FBC5DED,
1FB94D73,
67F51DCC,
2BAA5D8B,
593734B2,
14DB5F15,
EC6DEEE8,
EC39FACE,
EDF0DB9D,
34A81A1E,
25F135AA,
0FCC1E6A,
022310A9,
608B2BE7,
311A427F,
52A83830,
23A04AE8,
1FE721E1,
11B52BB4,
F6CEF26A,
195F130B,
D02FE8EA,
CE97CFB9,
BBAFBCD0,
33F02C47,
1A2509AA,
3D132EFD,
0CED205A,
06970728,
FBC01181,
F212F068,
DB89E41F,
B581B189,
B547BE17,
D7B0AA83,
280C2ED3,
41A0FBFA,
4E3C5CE8,
0B11181E,
0C89116F,
084A17C9,
1BE515C2,
2BDC2A77,
0E9612AA,
06161154,
4186EF02,
02D45F6E,
02CFF4F5,
CD9CFDF8,
B5119A4D,
BC95B66F,
BFFEB429,
DFE4DAFB,
DDFDF1F5,
E655D465,
D256E9A1,
3775E97E,
CE6221A5,
E787D166,
BF18E71F,
A4B1A4AF,
B7C4AFA4,
CE63BD6E,
1E060129,
127431D9,
15640C4B,
FA64FDF4,
6AC13963,
35BE3C58,
68A85A59,
4B6F6712,
5E165DD9,
6323657F,
605D5475,
71006CB0,
3A8E59E8,
09F924CC,
FE3AF6C2,
56F44A19,
1208103A,
40B034DD,
03C8242C,
191A09FD,
17A713B0,
2DC517F4,
2E8138C2,
F7461305,
DE3BFD19,
E6D7C8B7,
156B2734,
DB24C278,
FBF5F9F6,
C4D4DB89,
E17BD5C4,
E1F3EE38,
149CEE9C,
2BDC21CE,
1A52102F,
F7510058,
1BB3E929,
092A3BE0,
F5F2E75E,
0305193B,
D5A7E56D,
E6AEDFA9,
0F35F16B,
3F6E24A2,
56A74CA6,
43EC5082,
263C3AAB,
5B3833AE,
2BFC5DF3,
2F0C1D1E,
0FC73AA0,
FC94EF3D,
F74B03F6,
EA6BEA33,
E9B0EFC8,
D3B6EA19,
A8AEB1A7,
9FD2AABC,
EFA6A867,
A66CE6C1,
B3D191FF,
990EB26B,
8F299A7E,
8DFF975C,
AF1AA4D2,
E118BE54,
F377FE0D,
E620D1AF,
FF8DF1D8,
6BDF3348,
31775029,
5F8855DF,
24D346DE,
305C29A1,
3652311B,
4B033E2A,
67AC501F,
5A986888,
52005B5C,
2D0F49AD,
6EF36269,
50105406,
6C705C5C,
38DF4F50,
1D6C25F8,
285F1AC7,
3112330A,
4481381E,
0FB43A2C,
E0CDF636,
E7DBD728,
23752A73,
E493E0D4,
F3B2F52C,
B637C544,
AB13B10C,
C1CCBA89,
F652DA7F,
1DDF0F23,
09D21077,
E4E1FB09,
FAC5D845,
21E04161,
FC2BEF1C,
1D521A66,
F858FDB2,
F9FDFF94,
19E3139A,
2C48235F,
57273858,
20303790,
FAFD05C3,
30DD0320,
25DA57F8,
2B730F20,
13B13B29,
D2DBE589,
CB73C48B,
C42FC4BB,
FCC0D8EE,
FC64F096,
E47EE6F1,
D46EE7F4,
13D3E1E8,
1D4E3D30,
1433090F,
0EAD1590,
D679E80F,
A65EB880,
9B5EA339,
B4DDAA73,
D64DC699,
BD2ED3D8,
C706C1B0,
26C0E62A,
0E542FB9,
1ECB0B03,
0A541F34,
EF2EED13,
F846EDA2,
0EE40E0D,
28F51D9D,
2E0A3D68,
05950BD7,
ED10F78C,
49B70BEE,
42875194,
678753C5,
3E0C51E6,
20022560,
3EBF33C9,
4EBC5B71,
5F26591F,
651B6983,
51154F5F,
3D4A3891,
68F954D4,
32CC4F62,
494D418B,
11B43218,
DE18F342,
EF7FEDFD,
FC79F7E6,
18A10E94,
0395008A,
D0DAE28B,
C7EDCC5D,
2ED816BB,
F429095F,
02CA0665,
BFE7E588,
9CA49899,
BDD4B003,
D1EAC0DA,
F666DD04,
F9C705A2,
CD90ED76,
FB17D976,
45244C01,
23B31E4D,
41683A32,
086F26AD,
F369F414,
1AF40C54,
30C61880,
4E594102,
20A33007,
DDB50965,
272BF612,
352D4EE0,
11E40606,
014C087D,
A6E5D65E,
BD789E91,
CACDCB3E,
F5A1D928,
0971F358,
CB15FB48,
B35AB4C5,
EB8BC7FC,
EE590C71,
E7B9CEE1,
EF9DFA85,
B959C2E9,
DA38C863,
E311DB5D,
FD21E0E7,
24CB27BE,
F16C0D3D,
F1A8F167,
4566F659,
2D6561D4,
435C2428,
2B7E432A,
133F1E7B,
211F1184,
2F4B36D7,
4B3F3642,
5207683E,
3E9D4A76,
1A9321F6,
610C234F,
4AEC6AD9,
5A864893,
3AA25A86,
05C32055,
0D87097A,
199B1D32,
1F5317D7,
4E6D3F8C,
24093410,
048DEFA0,
60911FFE,
029D40E2,
34600E6C,
FAA52A38,
C29BD5F6,
D77DCEAE,
E312EB8A,
ED3BE44D,
FF3206B8,
BDA9DA9E,
C52BAD6B,
1C310155,
F7D5FE36,
39A71BA5,
001623C2,
EAB7E744,
FDD2F923,
F4F9F635,
FFC8EB66,
12762111,
DFFBE466,
FC52E197,
38CF2B40,
009D100D,
569D2EC0,
E540235F,
F24DEC97,
EE19F38E,
EC03F57F,
126AE681,
DAE00A1B,
C14BB97B,
E0B9CA9F,
01DC2969,
F243D7F1,
1207232B,
CBCBE322,
CE26C933,
D908E088,
C767C978,
1673E69B,
EF390A74,
D52EDA3F,
16F1E590,
1AEE388D,
22E4FFEA,
20FD4292,
EBD80381,
0CE5F898,
150916CC,
1C980D0C,
58853B8D,
0E5E2F35,
F2E7FE8D,
2F611728,
284E5E60,
3E881AC1,
30D64C1A,
07220E61,
245A130F,
3309302B,
3AD3233B,
6BA54C52,
25F14DD8,
29AC3513,
4FE74180,
39825876,
603E4631,
48AE67AE,
45342F4B,
43732E1A,
40D541BA,
2B39258B,
262D358D,
D5E9F9B3,
B9B7CBFE,
ED31C750,
B87EE457,
F465DEA2,
C783EB3D,
B09AB896,
BC65B18E,
BE36B8B7,
DD8CBE6B,
F3EEE76E,
C803CC9A,
BE80C46C,
01F7E362,
D9CE01E8,
1150F177,
FA2309B5,
F0C2DEF0,
096AF47D,
218615AF,
3778103A,
3B674069,
12100F3D,
03E90F89,
49171743,
062836A7,
45F23067,
FE5B329C,
CF90D89F,
DD30C0B2,
C6CEC636,
F2F4C29C,
D878F4B3,
B82BCFD3,
C0EDCA35,
1A05F35D,
E4FE0C56,
1DFB0A33,
F24F05BE,
FB1FEC44,
05D80D16,
042A1899,
2A901797,
2EA03A1F,
25BC1D00,
1E6A17DF,
5CE74469,
28D249B5,
4A56460A,
16063B40,
04480C6C,
0B08061F,
1883083B,
384F1861,
29F93180,
199E1C38,
06BE0C50,
522422FA,
2A9431D7,
485E4172,
1E41410B,
28CD2622,
1DE220B4,
38922992,
34901B8B,
2E814512,
137A221A,
07550799,
5407247E,
18983603,
2E072E3A,
E6C210C0,
DE27E152,
CA3ACC87,
C53CE0F3,
CFB8D5E2,
C7ECDD23,
D34BB41D,
C7DBBB10,
0567C464,
CCC0E72D,
FC6FEB34,
E4F3FB45,
E9BDEF9B,
E912F1BB,
EDCC0227,
F96FFB07,
154FF8EA,
208A0EBE,
136914B0,
5C5E31A4,
1E384CCE,
2D6623AC,
FD3A3273,
EE27FDF4,
F49F0F95,
FF94F8C9,
F511FA0A,
E8CCFA23,
E9F2E7A7,
D958E54B,
0B15D579,
E6F80951,
F1ABC17C,
DBF8F8D9,
C2DDD973,
E674DC34,
D38FDA44,
D8D3E9C2,
E665F8C2,
FBB7EE18,
FF89F98C,
30050A01,
3D93347B,
291B2A44,
4EE44DE3,
182E2433,
37D93E92,
1DBF2C29,
2079368C,
2EEF1A1C,
21D42005,
25A718BC,
25192AE2,
418E470C,
2C4C3410,
60DE2A37,
25564347,
4A2C21DB,
21DA4BF0,
2234251B,
14B318F2,
0B3C3302,
238A14F5,
15512A35,
336A219D,
235926C3,
2DA008BA,
2F553FFC,
16A50005,
25A52642,
ED350FF0,
EEBE02C5,
E759037D,
E3A6E8DF,
D6BDECD4,
C640CE52,
D0CEE03F,
D443B461,
E3F0D919,
D729D889,
EF31E1FE,
E81FE9AB,
E4E0E404,
FB7EF0A4,
F9CAEC2E,
07E710D7,
FCF31952,
17290919,
091410D7,
10B1FBD2,
0BFF1422,
01FA052C,
0CEDF9BD,
FAE7E7AD,
FB25EAFA,
ED93F54F,
F663F013,
E569FE57,
E017D3B0,
DBB6F03B,
E8D4ECF8,
08A5F8AE,
FEF3000D,
F623F08F,
F787EF9C,
E282ECE8,
FDF2F76F,
E3C1F521,
F330E8EE,
E4B5F265,
FEF30468,
21BA1DC6,
42DF2704,
58745FFF,
57A6633B,
6DAF522C,
5CBD6000,
59214D88,
51B14A18,
23C63041,
2B5A2C95,
027D1C27,
25CC1732,
11FE1C71,
21651F7B,
24512664,
26FB1BED,
2A973786,
2B3A3E40,
39383503,
252B3357,
2D831103,
17D619CC,
1A6301B0,
0C6908F7,
F9CEFFD3,
F26AF999,
D6EAEA19,
D742DD75,
EE06EC67,
F00AE786,
E6BFF0F7,
E6D9F30D,
F8B7E673,
F194EA3A,
F544D367,
EC3EF4CD,
E78BCE33,
F910F19F,
E7BDF2D9,
F5A7F2A9,
E495FD95,
D9EEEF38,
0AFBEE2C,
E7C3013D,
06DB12C3,
02450C48,
115100A0,
17E50426,
1C4A0F3C,
245F23B2,
39E11C63,
31672256,
2CBE2CEA,
13F01D03,
163B233C,
F0D5FC50,
F4D4FA43,
C1D80268,
DF1CE50A,
D202DD20,
E295DDA2,
00BFF28F,
EB7D0206,
06CAF8BD,
07E603BE,
FAA9EF82,
FB61FF5C,
F21FEED8,
EB3EF60D,
DE3DF6E1,
04920400,
12930A58,
2B250FDD,
23A824E7,
386731E6,
415B4C4D,
42AC5358,
3BCA3F75,
47E34B79,
352D2436,
3C7A35B3,
30F01F82,
30282375,
28C417F1,
248617E4,
36F028D2,
2E6839D3,
34904672,
35583A4F,
2A073154,
32AB31A4,
1183316D,
2B301CC0,
02CCFF6C,
08E008F6,
EF45EE0B,
FC3CE912,
0A17FC47,
F6F10454,
050FF4C5,
01650701,
F439F22F,
F4DB072C,
E5ECEDB4,
EDC3EF9C,
E099E9ED,
F9DBF4C8,
F21DF380,
F8FAEA34,
F118F301,
F443E44E,
F4DFF145,
F457D9EC,
EE65F01B,
00B1EDEC,
EE87FC10,
02A2F326,
F1B302ED,
072F094B,
FB5C0C52,
04990E15,
FA0E195E,
F683FD93,
EA68F2E7,
E779E993,
CFFDE6B2,
E6BADE49,
E116E26A,
0557DB8B,
FD20F81A,
0DAEFC39,
093110E2,
1FEA2979,
174E2309,
17C3222B,
0D8F2CCF,
1CE81D01,
03901820,
068409E9,
09440D37,
074406F4,
05DC1F45,
16790A45,
33423E1D,
3EF52AA1,
44FB3EE7,
4DE941CF,
3BD94200,
36833F86,
32D54366,
38A13500,
24823897,
161D2F00,
16182F91,
15971C90,
09F1200E,
28FC1F95,
21C91B79,
13A52E5D,
21931783,
26B912F2,
161C101C,
11B8102D,
1CA516AA,
0F540F0B,
061F1285,
02C70926,
FFEF0717,
EA200C80,
D9F0E7B2,
E13CF3A5,
E6BBEB25,
F5F4F5F9,
1029F941,
F9E40524,
FE9CFF14,
047DF9ED,
035AFB0E,
002FFC26,
072EF1AA,
F6CAF2C3,
F3D3EA76,
DE52D9D7,
D9E2EC19,
D7D1D8E0,
DAFCE75C,
EC5CE629,
DD18F46A,
E4B3DE2F,
FAF9E442,
E146F953,
E78ADA8C,
0418F04A,
F049FB20,
037EF680,
13640554,
0922FEE4,
172803DE,
21E20F19,
2D622E30,
11C714FB,
21A620C4,
1CD62C51,
03851925,
079704FB,
17A5276B,
162D11E6,
35B42086,
3EFE45E5,
34AA3E2D,
34E03736,
513B360E,
285A3AD9,
295B0F0F,
24D320EE,
0B0B1D27,
10E8F381,
22600216,
0109FF7A,
0E5606A2,
12BF21C2,
FD5A0F98,
1E1D119B,
2B502912,
24E4531E,
073008FF,
1DEB254C,
FD8D1D8C,
EBE4F14F,
06D8F883,
03E60F30,
FCB7FE3E,
1FFB095A,
08AF06E1,
02DBE16F,
2BA61AB3,
33C022B7,
0A0C238C,
29A707AA,
102F1EC7,
E64108A3,
F54FFC3F,
127B03C2,
F7670815,
08130228,
0E871767,
FD6411B3,
0AD5040D,
250510F1,
06C4278B,
EF27E3BD,
F8E5F066,
EF8FE221,
CDCACF04,
E1C0CD63,
EA57E483,
DE2EBF68,
D58AD034,
D961DF68,
C962CAA2,
E667CAAD,
EE9FDF19,
D435F90A,
F902E603,
EACEE6A5,
F1ECEF23,
E6DAFFBF,
1AE1050A,
150214DB,
2A752BB9,
280E2FFD,
1E4A1AC4,
2CAF20A6,
44973970,
36FC542C,
16230462,
41633CA3,
5936413A,
40E3481D,
42743187,
479453AB,
4C19525A,
22402D5D,
253F2837,
20EB2379,
1C2A1FD1,
261C1C8D,
F5B01790,
FE0C164B,
FFB8FA4D,
FDE1FDEE,
FFD9F812,
2266245E,
2D022438,
0C0A1D95,
09670A64,
FF400F9F,
FE22E067,
179DFD8A,
116C266E,
0087FA6D,
0857EFAD,
054D047E,
E017FC83,
F26EE06B,
FFEAF6E1,
12CA1532,
08A412DD,
E970037F,
FEC0F363,
122F27B7,
23362F74,
0CDD10B2,
18DB21AD,
20512D54,
09021AE7,
054CF1EA,
20482D6F,
004411F1,
FB61F8FF,
F6C8DE89,
065EF8E7,
170A0C31,
0B4AFB6D,
C84EE78A,
D5C9DB27,
D1C9CB55,
D3C8C6C3,
BF84B5F4,
D088CE4B,
DC2ED859,
EC23F459,
CDFCE476,
D56ECB4E,
F79BE6E9,
19280EF3,
13481D95,
FDBF045F,
FA02098E,
11DD1465,
0EB407AB,
1F8E0535,
2556273A,
2708291F,
28BF15D7,
43712449,
3C9E354F,
48753E45,
69C95524,
51A33B14,
4D0A54A0,
2BC92EA7,
23111A02,
197C157D,
2F492B25,
24A43711,
04DB230B,
EE7AFF3E,
094DF6BD,
22B1215F,
2DCF373C,
0C072F71,
1C2319A2,
1CF40AAC,
257027E9,
0EBA193F,
141D0CAC,
11EF0A81,
1065247A,
FB5D05A2,
0FD2FB90,
0CA9F9DD,
0C2EFF61,
FF5807FA,
049DED3A,
01B8F963,
077B10F2,
0AE1EED2,
054300C5,
E6F3E9CC,
E906EF18,
DF69DE5B,
15C9FCBD,
F4A204B7,
03F2FCC9,
FFC6F8AC,
1ABAF724,
011E1E2C,
16E8115F,
090A15D2,
17031ACB,
20872D89,
F18511A0,
D175DFC2,
DB16D312,
00EDF1B8,
02B7F560,
E17CEEEE,
DABDD515,
D09DD5A5,
D931C2D8,
D722D494,
04D0E6F0,
19EE0A68,
112D0D0E,
F6B403A9,
E4F9F3AD,
FE9BE6E2,
24260D2D,
19332322,
0B4A0874,
EE57FA0F,
F57FE257,
02B501DD,
3D7331D9,
33983BB1,
40C738A5,
33A44214,
51BC3BB0,
58E45DE5,
34E83D4F,
10EB37EF,
05A905CC,
1F92283F,
28130F4E,
29762F40,
3DB82DA6,
3C5432CD,
3DC92E94,
1FD72A08,
2FF32EC9,
46853595,
416B3D19,
180628D9,
EE0A0428,
F948F659,
104FFA32,
FE7A0A25,
F9AAF763,
F58A0717,
F687EADD,
D771E8C6,
DE58DB4B,
F902E973,
F4E3EFA5,
FE2C0385,
ED69045A,
F395F5C7,
FFFFF42E,
19761088,
00920BB1,
0A551072,
FD890E4D,
DD3DEC06,
EDABF903,
F2B4F8FB,
09CEF464,
02B00B65,
F964FA15,
0944FFE7,
FF40FA26,
06E00566,
120603D4,
19C528BE,
0CB81446,
E711EBB1,
EF4CE4BC,
22240338,
1A071F2C,
F2DC00A7,
CEAEE768,
EF61DD56,
EC82FF4B,
E9F8D21C,
EFB2EE5F,
0D450B11,
16F816A9,
F878FA73,
09BDF8BC,
1AB21795,
233A2050,
FA9A1305,
11E002BC,
115D1DDD,
1C3F19ED,
29B9168A,
17C61FF5,
0EE02277,
240C03DB,
3E122119,
1F4039EB,
2AB02961,
1DE2296A,
38291C57,
368040F8,
345D372C,
33322826,
41E02F80,
398B4923,
15DD27A9,
28531492,
21AC1254,
0BDA2A32,
170A1664,
2EA61C3E,
15F314AF,
16F11E3C,
04151A9D,
07B30292,
0A55FE4F,
0821122F,
13581E48,
F397155F,
E348E699,
CA2DE83A,
E32EDFEB,
FD6BF0C2,
EBE9E9FA,
E1A4EC8F,
E9F8F1A0,
F9E0FC53,
F23DE1B3,
0B590568,
1E5C28D1,
128D181A,
F4F4FEE8,
EA46F8EA,
0853F1BE,
2BF61F7A,
02C0149B,
053505B9,
F3640737,
F9C0F149,
09FFFB26,
FECA0E00,
FB74F735,
F471F16F,
F3DDE52C,
EBC401DE,
F74BE9B3,
FADEFE68,
0850F9E7,
03391C4C,
F5650221,
F35DE67F,
F233EA5B,
F83D0051,
FE94FD4B,
F159E320,
1194FCA9,
FA5D00C9,
465A33A4,
32CF2E16,
2B65353F,
3CA53C17,
449944F2,
3D5C2D6E,
0B492BC1,
0349F9DD,
0F1D196B,
3C21067C,
15744492,
1B441533,
40583953,
46513596,
336D4A3C,
29812BEB,
03511A21,
37500A08,
F68B2559,
10F2FA92,
E885F757,
415C14A4,
F8901521,
1C850268,
077310A2,
2ACF16DC,
1F6C31D8,
028212CE,
F3DAE2F0,
E0E9F6AB,
E7D0D4AD,
12E50FFB,
2F2B025B,
153A4828,
FAE8F148,
0B201AFA,
EFC6E984,
FA0401D8,
EDF8FD38,
E823D6CD,
F6B2ED06,
D143F4C6,
E578D8F9,
DE43E77C,
4D651E27,
EFE2280C,
2D9DFBF7,
D66DFB75,
E372E232,
E802F493,
D8D7D5C0,
D1CAC620,
F460F57C,
DB84E0C6,
F5DCECEF,
E717CF1F,
2C072949,
0DDA0B26,
3F293737,
EB4713FE,
F7D904D3,
F3F5EA76,
F02EF1C3,
F4F7F9C2,
103B181B,
DD1CDB80,
E85B066A,
0DF2F20F,
32CB4622,
30B913D9,
5474640C,
2FB93D6D,
3E8B2DD6,
16F318C4,
4AF1370F,
64E06218,
32884882,
18922712,
F04F0D2A,
65E71B48,
32145719,
549C3F8A,
19904D88,
0967F54C,
F6BC0842,
0AC6FD62,
39DC23B5,
218A3479,
ED2515F1,
DD71ECFF,
E057BA6D,
28C72019,
E3B3F91E,
273F00DE,
E7EE0B7D,
B1C4C31C,
C4ECC147,
015AD5DA,
1EE710DD,
1A491C84,
04430409,
CFADDE8E,
1F90E4EC,
4C5F536C,
13032A3D,
368D1FCE,
F4C41D50,
DB47DE85,
07C6DC83,
202409F3,
16A92CE2,
0E2705FF,
136E0BBE,
DE2802E4,
3305F464,
2DDA394D,
05CA197C,
F28B02AE,
DFAAE3EA,
D57FD22B,
EA23DCA8,
15270B3D,
E37601A2,
BF3FBABC,
D6E8DA1A,
DB18DADF,
0C41E4D1,
14C82A60,
DB5BFDF5,
DD00D602,
E9D4D973,
F3DCF9C8,
2E010B23,
52C742C6,
09ED4070,
C73BDF84,
F2D7E6E1,
06A80467,
48022566,
58915A68,
2199484C,
F759085D,
1E090563,
4BA73BAF,
44C2550B,
5A91578C,
2F874E53,
FFEA0494,
1D2D0742,
219F2AE9,
2B9E2078,
391C2C8C,
063A301E,
DA18D2A4,
FFD7DDDC,
23DF0D52,
30AA258D,
2C4830FE,
01F422B4,
E076D703,
1C39FE41,
468E359A,
343E42E3,
2BF42D7B,
FE062492,
D085DC87,
DEA1CD14,
05BEFD51,
0C11079D,
12B40D18,
FB241070,
BC01E108,
E02CC315,
23BF161D,
0EFC2049,
145B089E,
1F3F29E9,
E6B6FFB4,
CA47C57D,
FC9FE558,
04890AC1,
02F1EB62,
18ED10A3,
F7B717B4,
D58CC77D,
1CBAF241,
15D1167E,
13E009E9,
4E7D20E8,
26665DFB,
E502F457,
F754E5D1,
0C6C11C1,
F28404BD,
E694EC58,
03B20DC6,
B78CE8E7,
CCC1AB2A,
00B5EDAF,
D932F57A,
DCD7CFEB,
40CF15D6,
041936D6,
DEB1E0CA,
00B1ED6A,
194F1AAE,
0CD00D2B,
22BF0B76,
35564385,
F8B10D34,
27190DDB,
366C38E3,
076F279E,
2CB80CA6,
66405857,
2BAF54AF,
2A7F11B4,
43673FFA,
4377485F,
2751289C,
41352AA7,
22FD4C85,
DDDDEB78,
29000871,
0E601FF9,
EEA4F5A5,
29C001FC,
47835344,
D5E10D7B,
E314C990,
27C40491,
3AC33E7B,
F9F4192D,
FEBF03F4,
DE04F8D1,
E318DA28,
13B2FE5B,
F7720F82,
C0A5D1E4,
065CDB2C,
1CBC1B47,
CB70F939,
C164B680,
F615D402,
232F14D5,
0AE512ED,
0B33FDAD,
102711D3,
EEAA04D9,
1394FCD1,
07FF1561,
0210FF0A,
04F9F3DE,
30BB2469,
F39418CC,
D1C1DD37,
EA50D282,
1FBD0B50,
0D861926,
139B0C72,
05911883,
E848F39A,
F8F7E54D,
0755047E,
DF5DF60B,
FD2EE3AB,
29E11C90,
D3D304AB,
C013BEA8,
06B6DEF7,
1D4C2373,
01E4129A,
1EAA0B16,
13A82BE8,
FEE9FB6A,
256F0EF6,
2B972D33,
0D301DCD,
4CE71B98,
58A86CCE,
F7B52718,
FB52E5CF,
37D11468,
31DB45AD,
F7901BBF,
24580128,
11DE336F,
F3FFE965,
2C3B1F66,
22722B36,
0E231872,
502222CE,
667E6FF7,
1F9C39EB,
32B718D8,
53393A1C,
41354ECC,
F30E1552,
1329FF5D,
1EE62F1E,
02C60FC7,
39F91651,
2A2B37FB,
F58F07C1,
2AABF8E4,
58665BCE,
FD682D65,
EB06E38C,
096FFE1A,
0A47169E,
E984FA9C,
06ADE7F4,
ECA205E1,
C612D125,
0470E70A,
FCE009D9,
C7F6DE9C,
0250D6B5,
0F431F78,
CF4DE048,
CD49CAFA,
0260E88F,
056F0B91,
FDE2FBBE,
F999FC08,
EA6BF1E4,
DF69E3EC,
FDA2EC4B,
F2C204D1,
E4D8D5B6,
3CDB1D7A,
03F02DEE,
D13ADFE2,
D3C2BF0F,
17C2F840,
211623EC,
02DA1030,
F811FC74,
154BF9F4,
18F01902,
25391794,
FFD11C5D,
FCD8ED96,
17A1075B,
47962D34,
33AB48D4,
0CC412E5,
10EF0578,
326A1CB9,
4193494A,
35893B81,
285B3873,
17790EAE,
2CFF16CB,
1E343318,
F61A07C0,
22B3F389,
3AE53F14,
021A2006,
F267EA19,
292A0D0B,
33784C42,
06E62329,
178517FD,
1C072B73,
18942156,
2B8A2147,
21152DA6,
E783F42D,
2686F5B6,
3D6240F6,
DE8C0221,
C54CC0CC,
F3C3DBA2,
08480A5F,
EAC5EA81,
2680FE45,
0B5636E2,
F360E21F,
376C20F1,
1CD32913,
DDFDEE2C,
19FCF2B7,
18502F13,
97B7E385,
B1099AB5,
09E0D3C9,
02B70A94,
0231EB8F,
49F63385,
16BC4A68,
11DF0E51,
513D3984,
2C6C45FB,
FE01115F,
3A3720C2,
F58C2F77,
B0FCCAE8,
D6EAC0E3,
096CDF45,
FD8A0BB1,
DDFEE26E,
E5D6ED0D,
A96BD0B7,
E655D7D4,
1B8121EB,
0A932286,
E97BFC6D,
34D5076D,
034F2B93,
D398DC65,
0A63EC3E,
0FD61970,
DB420688,
DF0ED185,
09660067,
F2DBF560,
1DA2F3D1,
6C794059,
4266571F,
4AEF3B13,
6BE86A1D,
498767A4,
06CE2BAA,
1F940EAF,
3D9B3C99,
FBBA13D7,
D60CEF79,
DB24D755,
1F96FDF0,
02EB03B4,
347A10D9,
20B43226,
22C01789,
36972DD8,
400550AC,
F327258E,
C404BCFC,
FFA5D97B,
2CC62092,
FDC60EB9,
EDCA03C8,
D1D7E486,
D32CE073,
FF20F486,
1B7E270B,
E157EF8F,
28770CC7,
1F26369A,
E8F1E980,
ED88ED7E,
38F114C1,
2DFA3FEA,
09842154,
FD99122F,
E6BEDF81,
D836E06B,
F62DD537,
DE010356,
E48DD13C,
2E2D228F,
00E41D5C,
D56CF35D,
F97ED558,
359416E9,
1655341D,
1C9A1383,
EF8A1172,
E45FE40F,
E532E89D,
F4B9EDCD,
EE4B1692,
FB83D28D,
23A81138,
2FAA29CD,
092F1140,
FD60FAE7,
2C9A17C6,
170F3956,
19E52B2F,
13C60023,
18631133,
FB3E1D96,
2EB21F5A,
1F8523E0,
02831175,
1A1F0FC2,
2EAF57BA,
EC3D394E,
F1C4D9CB,
17D903B3,
36CB2A5A,
10DA2C8C,
2D42125C,
1CC10B52,
F432F87B,
2EF528BE,
1E57F623,
E42DF521,
24C71687,
0846FF2A,
B7FDE6FC,
FA1DC4CA,
2A24E4E0,
1620350E,
26A42BED,
270E32DA,
19862B94,
2A4E10D6,
51FA2A62,
1D7A300B,
40EE2AF6,
1C2E4338,
F74A1B0C,
BAF2D92B,
0008E838,
115E1168,
F112FF85,
DBD1FC05,
ED41F145,
E6150060,
F7C4EC35,
23131D6B,
F291EDB3,
35631684,
0DD742B4,
CDBCF58B,
DD66CA49,
FD7AF36E,
08F01421,
0ABB0FF8,
EA4AE660,
E18DF22A,
BB60CDE3,
01F2D606,
0A0207D5,
07B20230,
0F3510C6,
2D6B1E82,
DE48FD8F,
D1E1D22A,
03F7F28B,
1CF50308,
004C12E8,
FA8D010A,
083AFBED,
FA16018E,
09DFF6DE,
FEE119BE,
297CFEEE,
4E2D46DB,
343D40D2,
08EF25D6,
210400FB,
364636A8,
34F9373D,
2E9032F6,
11CB1899,
197D223D,
141E0C11,
26CA2739,
076D074D,
46EB2A1C,
2CBB40FC,
11771C47,
DA9DF385,
0DBBEE70,
2A0A25DE,
FFB8155B,
EDFCF012,
FECFE45C,
F07703A2,
FC03ED25,
03111541,
E994EDAA,
15FC03E7,
0F7C1225,
044F0AE7,
FDFBFED8,
24B80E72,
228C2E2F,
29B124F1,
EF2413EE,
1416F4B5,
26BC2557,
12371E0D,
FB390A6C,
02B7F549,
509B278C,
3F4C579F,
0CAC2427,
EA78F8BF,
25EF08AE,
0BC51EE9,
070C02B7,
E4B0EEA9,
E97BE082,
E7FFE835,
E4BEE511,
D8EFE2FC,
E767DC2B,
F188ECA4,
F3A3ED9B,
EAAA013E,
D55BCB93,
FECFF336,
EEEEF2F9,
EA93EE42,
DE50DF68,
F20EE108,
0231FE67,
0B0211FC,
F3A7FDF3,
1344F3F3,
2A783573,
24F31A5B,
0A9521FA,
FD98FC71,
21EA1033,
33352C69,
341933DA,
311A2D4D,
38F3356E,
3ADD4684,
4A6C3AE1,
2389401B,
4B7B2C95,
4BE25ABF,
22113732,
FDE0133B,
0448F87F,
1FFD1B7E,
1B742793,
FC7203A1,
E95FF50E,
1C010210,
0B9B128B,
26A71FC9,
072E10BA,
13A10E79,
04CE0E65,
F291FDE4,
F2CDEA18,
EA2FF390,
FA72EE09,
F2A7F706,
14DA0913,
FAA40133,
17380B7F,
04D10BD9,
F5B4FC65,
FD46ED35,
1923096F,
15DC2165,
F33207BC,
EF9AF0AD,
05F2E9BB,
24E52FD6,
0C7209ED,
10F214D5,
11830F82,
117B1227,
04180D00,
FA37F828,
34211A1C,
2F9E355F,
1FE42F1F,
065E02B7,
00AC0EF8,
0D90044D,
F5581224,
EC2CE68D,
E093E19F,
E733DD9D,
E5CBE4A5,
E130E796,
DE14E001,
FE0FEE28,
332E0FEB,
0E8C2665,
0BDC09FC,
04860F1B,
00AD00EB,
FEC9FCB1,
F5FC0116,
EF9BF047,
FB93FA39,
1DFC07F3,
0415168F,
350604CF,
44DD46C2,
5A135778,
3F255641,
2D03306E,
2A8A29EB,
1E3223CF,
232F1BDC,
003C1A24,
F036F5DB,
F1A6F36E,
20F50E75,
F45C0E0B,
1CF7F650,
31C5255F,
23713311,
0E7A186B,
093804EE,
1844125D,
09D41ACE,
FF2405BA,
F67AF750,
0BDA0F81,
0743FDF4,
1B20191B,
EE14031D,
040FEFF8,
27D8182C,
1DF12EC1,
08B21094,
F4BAFA85,
F73CF86E,
F98BF619,
1292111A,
F608FC35,
0075FC41,
108FFFC6,
09661578,
EDFDFD79,
097EE799,
3E6F2C33,
01052D11,
DE66EA07,
F5B2D91B,
1A7D174D,
1D7E128A,
17A223F1,
F83A03D6,
07F2FF05,
1ABD0DB3,
148C1D12,
E4C5FE2E,
FEF5DD26,
0D6F12F6,
FDFEFED7,
E3E6FBCE,
F27DD8AF,
FF0F0801,
EAB0EDD6,
EF00ED3F,
FA61F33F,
0AD9010E,
14B50FAB,
08EE15BA,
EE2DFEF2,
2717F387,
2FE54175,
386F3149,
FF8D1D8C,
EC85E98D,
0D86043E,
160B0C94,
1D8E1ECE,
22D621C4,
114A1EEA,
07590636,
3C6E2BC9,
14472B0C,
41831A43,
46325411,
1DF33308,
FFE405BB,
FF47F960,
1503115B,
0A9412E8,
FA16FFA6,
0410FAA8,
272A1FC8,
0377074C,
2D921E33,
0FF32638,
32821062,
33E64175,
2643303A,
08BE14B3,
FFADFEC2,
EC67FA73,
E7D5E4D4,
08BF0026,
F215F5CD,
E6C6EFDA,
F15BEA41,
F074F92F,
F306F055,
39290CA8,
4C644FE0,
1C103D3B,
E8E5F75E,
0D74F4D2,
21102E16,
EE69F93B,
04A0F91C,
E8CFF895,
DB3CD82D,
F0D8DEEC,
12770580,
08081111,
2E630E7F,
19EF2E6E,
FACF0163,
ECCAF629,
F846E8DD,
00950561,
E0EFF4C0,
E27FE03C,
D9E2E8EF,
C53FC51C,
FCD1E4E5,
FD80FD5A,
E66FE064,
4D561E3B,
3FE2561A,
068F2374,
0A4707A1,
11C7115D,
115A14C8,
33B3256F,
41F74471,
1B8A3E2B,
059104DA,
14DF099E,
403C23A8,
31463938,
62754DDC,
3845561F,
D5620799,
E749D17D,
0361FB8F,
01CA030A,
1EE309B6,
0A681F98,
D948F1BD,
12B8E1A5,
127926D1,
FF570B13,
1D41039E,
11C52C09,
F9BFFEB1,
DA8DE255,
02B2E7A4,
099E10E4,
F5F1FC26,
0E15F73C,
3E5C3A04,
FFB81C79,
153C0041,
1EE8219D,
FA98035D,
233006E1,
1FFB2779,
11001E31,
EC4FFA9D,
ED38EDB7,
F491E252,
1E001309,
2A8B0FA3,
3C183BFB,
072A2894,
F5F4EC5D,
089306D3,
08010676,
35A11E49,
35C943E5,
063122DA,
E1A9EB7A,
014BF7FD,
E81AE9D4,
ED86F443,
F6F9F1A2,
DFFEECB6,
C0C7CE5E,
D7D1C14F,
EB2EE800,
004FEE87,
14A01657,
286F12AC,
09CC26AE,
F0DEF36E,
F25CF50C,
E101EB45,
F0BFDF3E,
264A1422,
17A81F7F,
04810158,
11B80668,
1AC120CE,
4F04250F,
5E376CCB,
517B5439,
310C44BF,
09B31DCD,
0E370BCF,
FC8006D4,
197204F6,
31B12C97,
00702092,
DB14E889,
0395E23C,
061A10F9,
32301226,
38053FD3,
128C2AEA,
02F6FD62,
F7F30165,
0108FA08,
FEE8FB38,
08F8047D,
04E30B80,
0FB7039E,
E7A2FAFD,
0049EFF4,
FA37FB6C,
158E04FC,
21B91B11,
037C1DB0,
FA63FB20,
0AEA09D6,
F418FE93,
FA06EF52,
379C19DA,
31873F0B,
330735F7,
178C233F,
0A310447,
2AA41522,
41F23B0A,
39BC3F35,
1A4F3118,
F010FF07,
E666E91B,
F018E9B2,
E9B4DCD2,
219C0D95,
1AE827FC,
FA28075F,
E86CEABD,
D121DD31,
F1FBE164,
04A30574,
F754FEF4,
DDA2F2EF,
DF5BE196,
CABACB55,
D9E6D2BA,
CA5CCF8F,
E266D63A,
0CB2FFA4,
04711141,
FE8BF768,
FC3A0164,
07A7F4D5,
3BBC1EB6,
4EA947FB,
33032EC3,
38F43A9F,
181A1F3C,
0B67100D,
10D60917,
4A2D2ED1,
640256AA,
3E0153F3,
1E641E4E,
233E18ED,
2A313154,
3A4D2170,
537952DE,
27403F42,
018B1388,
F9A7FBA4,
F3ACF2D4,
0095F9CC,
0EC30A3B,
1DC81954,
09901902,
E1CDF736,
ED24DA86,
0764FA2B,
2161178D,
1AB31C82,
00A3139D,
F447F036,
00BAFEBE,
E42FF042,
CCFDCE42,
0F3AED98,
11841B7D,
F007F349,
EFC2F74A,
E0E9E422,
03E0F670,
2D920F9E,
4E4D49E5,
3E6E4E0D,
FFFB18FC,
04F700EE,
18350317,
21942D90,
36B71F92,
21A43B66,
CC6DEC92,
E039BF69,
1839FB48,
2828255C,
076B16EF,
3F802AD9,
FBC624D1,
BFC3D6A8,
D46FC5EA,
059DED76,
07931542,
D074E779,
FE63EC13,
EA18EF7F,
C218ACDF,
036CDB65,
0D531C0C,
DA9002A9,
2598E983,
3C194B9E,
E52C08A4,
D8E1D7B7,
1422EFD5,
35A52DFF,
1E0529BF,
360423E3,
3308400D,
FEF409C5,
242CFAB9,
5E874609,
26305967,
0F930D53,
5CA143B9,
2DC745D3,
FEC50F6A,
1409FA8C,
3E8F325B,
30EA3EA9,
009B1484,
286420CC,
11DF238E,
F063F710,
2428EDA4,
0CD024AE,
CFEEEA8E,
F401D27E,
21A12350,
E33C0D7B,
C1F5C8FE,
F7FCD7D9,
0D310F86,
FA7B0171,
0433062B,
10450715,
E90701DA,
EB54E7AB,
222B114F,
F76A134F,
E436E73C,
22E4F887,
35F63C5D,
FA1017C8,
0309F25A,
51522CBA,
22213BC3,
187C21B2,
33E10CE6,
F8D93E08,
CE6BF128,
0C3DF038,
2C2C3794,
F8BF119F,
022BEA5F,
4E862D37,
06B43368,
CB16D9AF,
FFD1DB05,
1F7E22D5,
02C5FF22,
F13906E6,
E9ECE7A4,
DBE5DCC3,
FDC9EA72,
FE3A03EA,
E342F327,
E8E3DE19,
F355EDC3,
2BC40D51,
02B31F31,
D156E683,
EAB1D435,
0C1FFD6A,
29261F9A,
27762D9B,
23D126FE,
E7F701BD,
22A6F2B2,
532D42B0,
180A3F04,
033F1193,
4235209F,
3C075DAC,
F16D1086,
0555E801,
31DE2409,
1E4A282C,
1AF016DE,
2A242484,
03394020,
E573EFFC,
333713B3,
21224389,
EFAD025C,
0647F90F,
331F2464,
FC1B1F60,
D678DE79,
F764E680,
0CDC0930,
01DFFEA5,
0143F9CA,
1C35192C,
E4C1F613,
F7EBE0BC,
25720355,
EE3E0C94,
D93FDBFE,
038EDF0B,
2A6D24B5,
01381DCC,
FD5FF9BE,
24320DF8,
21BC2A6D,
1FF014F6,
2B21258B,
09B4202D,
F5BFEE81,
15690C35,
15F8187F,
EE650766,
0087E4C5,
3146258F,
F0B41FD0,
C157D0FA,
E3DAD155,
F689FE18,
E68DEAAF,
FFF2FEF3,
E0EFF8ED,
D738C556,
15E5F058,
1C442994,
F73804C8,
F364F0DA,
F91CF103,
2783142F,
0BC1233B,
EC46F086,
F029E6A9,
1EE70C17,
2680202E,
40783ADC,
18C333DC,
02C30603,
5DDA2BCF,
46BD6119,
227B3170,
1E611851,
60D44E9D,
181E4223,
F06EF48B,
1EB90188,
23CB28D5,
FF4A105E,
1BBD099D,
094E1403,
D8C3E1D8,
222CFA17,
1959283F,
EE7805FD,
1133EE96,
4273464E,
F5F811BC,
E031EB9F,
0059E715,
1DEB143C,
125E18D9,
F401FF59,
05CEFEDD,
DFE0EF6B,
1AEB04F6,
0ECA1776,
DF99F8BD,
08DCDF9C,
179213BA,
38112AFE,
ECF90E7D,
FE61EBE1,
12950959,
32772067,
1D7427F2,
04D2FCFD,
FB3EF54A,
E586CF10,
257AFC21,
118F129D,
FBD801E1,
0EBCFC3B,
46BB35EF,
FF6E26D4,
E8A9E7FF,
FC7AF5E2,
04E30A18,
06D90A54,
F07D122D,
E922C1D6,
04C30628,
0816E373,
0FDF0D22,
F54CFA82,
E95AE2C7,
2245F5B9,
3B2D4438,
E23C1011,
F22BD733,
0E640DC7,
003C0C89,
0CBA07A9,
3B0E0EE2,
D79A14A1,
FF95D16D,
39D7214F,
28FF310B,
0AE413AF,
44B51986,
3DCA5497,
DFA40945,
14A4F36C,
2A722E1C,
17E026BE,
160F13CC,
24C428D5,
D8FE08BA,
12D5E7DC,
3192286B,
1C5A2BD6,
F3DDFE8B,
493B2540,
FFEF3B25,
C8F6CE5B,
066CDFF8,
0EAB1076,
F7AA01F6,
09A2F404,
0EF01CA6,
C3FAED6E,
01F7E8AE,
0F5B18DA,
FDB71668,
F8FCFA4D,
2BE91610,
F43F25AE,
D9A3D538,
0B0FF754,
0F241492,
0710069A,
449E2CDB,
36AB46C2,
169F1DA7,
2AD51465,
21F32A8D,
0B46060D,
0BD607A0,
2C070F97,
1BCD3206,
E085ECB8,
F742E9E6,
0315FD86,
0EA20208,
0F0A0B48,
0BAB26C3,
BCFDF4F2,
EFA8DD82,
FBF40D92,
E362001B,
DBA5D8CD,
370C13EE,
CBDA0A32,
DFDFBBAE,
0559F8CF,
E98AFEDC,
F7B8ED6A,
2B971744,
D0F90707,
EE8DC5BF,
23560908,
168E0E84,
05F90305,
64DD26E6,
37766164,
FE8B03BD,
385F122F,
35F23F38,
265D25BB,
3004264D,
1913426E,
DABDF7E2,
0B7AF5C4,
207D2E93,
0B341940,
1486167C,
447B3272,
0B1A3BB7,
F984EDEF,
194D0D27,
03350D1E,
11FA078F,
1C0120CD,
F5D40F20,
F8E8EB81,
0CA40817,
038807E2,
01FF031F,
F14AF62A,
400816FB,
05372F21,
01E5F453,
13520EA5,
0196105D,
F9F6F693,
1834FC0D,
01861FB0,
DD43D1F7,
1C01F524,
17EA127E,
01980C16,
4AAA1BFB,
1642516B,
D9BCDAE0,
1239FE30,
09090DF6,
08AB06D9,
480D1E26,
E7422D0E,
D717B2A6,
0FC2FE20,
0C6D03E8,
022A0728,
189C03D3,
ECE61BB8,
BAFDB604,
F799E496,
DADAE3EA,
FB51EB25,
16890B78,
F9021173,
CF0EDFA7,
0287F259,
05072103,
FD5A05C3,
15B30901,
4CDA3ED4,
F70227E4,
F913DF3F,
0CEE0CE3,
F603FB4E,
204A1044,
44A747F8,
09622E02,
207C0136,
438439BE,
2D7B365C,
1B4E28D8,
4239243B,
3A1C58D6,
FF9C06DB,
30870EAA,
07B50FA2,
1715FFF4,
27972B1C,
0822139F,
FD1509E2,
E4F4F0C5,
067DF803,
0C810EC1,
011B0738,
2ED10729,
03933A7C,
E5E9DCE3,
133E0DBA,
FE2A0C5C,
0BDB03F9,
38A81BB1,
D6631E97,
C563A6D8,
EE76F462,
E394DCB7,
FB8BF1C5,
2FC4178E,
DEE91E52,
E916CAFA,
17C0184D,
FEBCF18A,
43F12FCE,
73725BB5,
04D467CD,
04EFE5B8,
170D3099,
05BF0129,
1B9E154C,
4C5E30C4,
FBB53199,
EF13D368,
EB1FFF9F,
F00ADBE1,
24F419F9,
3C0739AA,
D4580CC7,
08A2D4A3,
F4251360,
F426E8AA,
E8DFF4CF,
0B13F3F1,
BE6DF5E1,
CCA4AD1D,
C820E88F,
CE35B656,
07D1F993,
0E8DFD66,
F5800E19,
C3FBCBAB,
FEE1E092,
31C51E4C,
3F9B3E1E,
53C83DC8,
55E86B2C,
003623BD,
1F560F9A,
F7D50573,
26490B57,
3B012073,
3629495D,
E9B3F58D,
152B0ED2,
09430219,
4A6D30BA,
613855A7,
554C6B22,
12CF28F4,
16111E69,
BA96DB14,
F07ED47D,
0640FB15,
04691B12,
CE4CDF8C,
EA23F1A8,
E101DDAD,
FDC2F2A6,
389023AA,
081C3BB0,
FB52F0A1,
109C1CBC,
E74BECE3,
14FE0403,
237E2155,
E76322F5,
B5B8C5B5,
D9CCDD5B,
D869CBC4,
1518F14D,
34852A4B,
FAF61952,
0A4EEBF7,
069F1F5B,
067AED3F,
582A34BE,
631D625E,
132E4671,
01950111,
D808FDB4,
E059C59F,
25DA0A29,
11872663,
EB1AF036,
FBE8F591,
D999E448,
20C9FEC9,
34213590,
2F0836A8,
04AD1425,
00650133,
D360E1E0,
EE09D900,
16661432,
D0FAF8F6,
E17DC95C,
CB3DEAD2,
BF3BB07F,
0BAEDC70,
3B8C293A,
0BD536FE,
FDD8F7D3,
0A3D0C23,
159AFF46,
69773DED,
63547280,
4592539E,
2F4341CD,
F5770B77,
0C7FFD63,
23121C69,
27452C97,
FFC80847,
FED5FBDF,
E9B7EC6E,
1BA4FC10,
49464740,
2C1A3C12,
39802FCF,
10132BF5,
0BA80549,
17140F6E,
29501BB3,
E9370923,
DC72D9B0,
CCB4D54D,
E40DD9E3,
1BAF04DE,
0B8C221D,
FF89FA6C,
EA7BFBC5,
C61CC467,
034CE990,
1D6C0F3F,
273B34FF,
F0480274,
F011F721,
D547DBE0,
105FEE91,
2C972D03,
190320CC,
22261396,
E8FC111E,
F4FBDE6B,
1F500E9E,
44442F44,
19562CE7,
225E19D6,
F84E14CC,
0AA5FE0F,
37AD2931,
131E33E0,
F16DF9E1,
F45901A7,
D27CD4AF,
03FEEE65,
18C30E2A,
014C1BE5,
EEFEF060,
E399EF63,
F130E26D,
33380C59,
381B4A2F,
059719C3,
F8F705B7,
AE00D0E9,
D939B9C9,
104FF053,
225B227C,
EEAAFAC7,
E5E9E743,
D305D5E5,
04B4E03E,
487431B3,
29FB3E9A,
33772851,
0D663122,
0556F626,
367B1DCD,
52614E6D,
1CFE3A25,
2472151F,
00AB168E,
06B6F234,
517A2BDB,
2B874A01,
0C3711E0,
FF610C49,
E0B2EC49,
1A46F2DC,
4B233992,
0C0E4305,
F51FF3B0,
EF9302BE,
DE9EDC07,
241AF68E,
2B303A86,
EA01FBF8,
F7E4ECD0,
D865E8BD,
E4EDD453,
271303E6,
244B33B9,
ECFCF856,
F361FD2C,
D928E879,
14B2ED33,
3A6F3480,
09C425CA,
0A0C0928,
FA780FE0,
ECFAEB5F,
2B9F0478,
4AA84B00,
EE88182E,
09E1E8BD,
EAE604D1,
F3BADB49,
4B512898,
30054D9F,
F6AF053F,
0197F747,
E940F546,
02D3E96C,
3DCD2D6D,
DF8D254F,
C6CAC58E,
E90DE5E6,
D70DDCCD,
1F75EED8,
29FA2D06,
E31402E5,
EFE3DF82,
F565F97E,
F484EAC0,
3A6B16F7,
1ABB3D87,
D35CEFC4,
053AF173,
F0300769,
2C45FFF0,
55585045,
25064D16,
03200266,
1A35173C,
0D57181D,
45441CD3,
59BC5AF3,
F2711AFA,
1876EDE2,
203629A4,
17A80EE2,
41772E25,
2B61474E,
ECB50014,
1520FEA4,
12B11C75,
2D9816AE,
450742DD,
FAC529D6,
DD95D2A3,
00A5F244,
FC6EF3C6,
1D1113D3,
13B118BA,
D25EF2E1,
D0EEC839,
E090DBCB,
F50FE339,
2056103C,
E72114D9,
DCA5D602,
F7C7EF21,
0279F6C8,
2AF41BB8,
2B9F2DE2,
FF7E1A46,
1485FE8E,
1492171B,
1A6F138F,
29F421DA,
FFE626B0,
D66DDA90,
051AF316,
0330FCDE,
2B521E05,
283627FB,
006E18C3,
F8FDEEED,
FC58FDC2,
176700A2,
2EE021AC,
160C2A57,
CB98EDB7,
E5FBD3DF,
F17DF464,
145300DC,
24531E50,
FB0C1982,
C913D6A3,
ECC7DDC1,
0405F32C,
20590D88,
0CFB1E0C,
E502F16D,
EF96E672,
0C7006FD,
348C24C9,
42264572,
15AF3F00,
F3D8FB65,
F9ECF7F1,
06140273,
2D56180D,
3D60456A,
0C141D80,
10790CCF,
2FCD1D84,
52C845B1,
4D2B5311,
31484696,
FCC91489,
D806DE07,
F73AEEDF,
11E1077B,
250E28A5,
EDAE0983,
18F90331,
F74808FE,
220902C5,
20ED293B,
10772216,
E439F431,
DD33E084,
E826DA3C,
0180F45F,
16270B05,
F57412F6,
E1ECE246,
ED9EEF4F,
0EB4ED61,
29372A57,
07FC1ADD,
F8E50311,
E388F4AD,
DF1DD8E3,
246EFFF5,
4BED401D,
2FBF3B9B,
005E12B7,
2291139E,
0DFA1688,
2F811B3F,
19F32FAD,
FA2D06C0,
E906EFD8,
EA52EAB0,
EB94ED6F,
10C1F668,
188218C0,
01F50C2F,
FB07F034,
06350395,
11EB10D1,
208E1876,
F8991432,
E567E979,
E0FDE552,
EBAFE505,
FC18F2B4,
17E7133D,
FBB50BBB,
ED17EE98,
0305E891,
2E201EF7,
1DD82474,
2AC02BEA,
12B41CD0,
09840EE8,
065200A2,
11BA0A9B,
2A112323,
1B262D0E,
FC2B0A91,
F0B8F8AC,
348A0E5B,
469C487B,
3C3E38CC,
2CF539E5,
0F49179D,
0DEA0629,
1BB0134D,
3EE02D51,
3ED04446,
180421E4,
F3E80854,
E9FDE209,
27B90FE8,
0C6E26FC,
018EFD7A,
F57CFD21,
DAEBE3DC,
CA54CAE6,
FF0ED259,
24F21CF3,
FA42147A,
EBB5EED0,
EB65E7AB,
0B62EAD2,
31BA236D,
13C725B1,
F745FF15,
F077F6D2,
D7A6E575,
EE23D8DA,
3AD41524,
2BE44E50,
F4C30F6A,
FFE0FB21,
19200C35,
3C0026DB,
4728442E,
183D2C34,
012A1071,
E77FF38B,
DC9EE3A6,
F9FFE1F9,
19A215F1,
03000F83,
D685E709,
EFAED94D,
161D0BE6,
1D61177D,
18891C8E,
0E1E0F57,
EDF1FC75,
CEF5D832,
F484D93B,
1C500F4A,
01491147,
E531EF80,
E532D3A8,
242EF23A,
2CE52508,
2ADC2D0E,
32562F5D,
2C1B3D2F,
0BE1208A,
18971569,
50D33841,
44CA5A51,
14213172,
02AA150A,
0F1006E7,
3C562A16,
329D40CA,
0C161C51,
068B08A0,
F664FF2A,
E5D7F2FE,
1BBAEFD4,
48F9350B,
1C6E2BC3,
FD8C0460,
0ABB035E,
250D1DEF,
17941E61,
01231057,
EA6FF3E2,
CDFED8F5,
EBF4DCD8,
E9DFE69A,
1106FBA6,
FC890930,
E87DF0FA,
EC7CE269,
287FF359,
444B3E64,
02B023FF,
F518F300,
F16FFD8A,
DFA4E6FC,
FFE2EDEA,
5C4F368E,
12874D61,
C4F2E29D,
F6CEE4E9,
160614E0,
40713219,
4C1345C1,
042D3AA2,
CAABD252,
E852D996,
FE8FF051,
173BFB10,
35D82DD9,
D5C107DB,
BAA7AE9D,
F6C8D918,
2B650C88,
2DA43200,
18072190,
E7E20094,
C431D858,
F6FECFA2,
348C2357,
4C8B50DF,
F3CB3028,
E1D5DCD0,
0652F836,
0B7A0121,
2D721DFD,
325D2F65,
F2AE2230,
CE8ACDA6,
F80BDDB2,
13E2035D,
50BA2926,
3E53575C,
F5381084,
0835F391,
4C4B322D,
436B4DBD,
403C4196,
203C3972,
EC1DFECF,
EE5DE8E0,
1C640293,
3E5A37B7,
30CA449B,
F1C61470,
FA96EC23,
1BA10DEF,
2284195C,
2F1733E4,
1672286D,
C184EBD4,
B907ABCF,
0780DA5A,
30901FE3,
1EFF2748,
DE89FEE9,
C697C6DB,
FA2BD936,
1029080B,
164512DC,
275B1DFA,
FB1D1D51,
DC1CE272,
F639E546,
29881575,
4C5C3E48,
1A224B14,
D740EA92,
1017E7C3,
263E2712,
0C64080F,
31ED1E9B,
11EF3262,
C645E6F7,
0A9AE012,
434333AD,
217B3901,
0A330E72,
E81FF31A,
E92DD982,
1E92FA9B,
04F11B5A,
F7A60459,
FFA900F5,
C990F448,
B869B02D,
FF81CCFA,
3F392D0B,
0C352095,
D461EF5E,
D1A3C07A,
2707FEF9,
23BC3222,
10C306DE,
48282912,
1E253EFD,
DCF5EC55,
1727F794,
4BE942EE,
2F593EAC,
3F803D10,
FBF22570,
F89FE9DE,
54F71F0E,
47CD5392,
386C370F,
3A5E3639,
04FD31C4,
DC0BD685,
346DF673,
53CE52F7,
180136B9,
F3AA0548,
03B9F911,
14AA1214,
11751DB6,
0378FFE3,
26540ECE,
FCD22516,
AC77CA4B,
E12DBE6B,
1921037C,
FFFD0BB1,
FBB1ED64,
DB25EEE9,
E560C742,
2F63037C,
02B61D16,
0C9DF57A,
37561F0A,
FB742B5B,
E415D7B2,
22A4F6F9,
1EB736E6,
0A881A06,
F4800CD7,
F2EFF8B9,
0C900239,
1E6C21BF,
00200A55,
15270D19,
154518C6,
E6D3EF70,
1B71FB58,
348D3450,
F82A17BB,
D9F9D41D,
CBC6D6CC,
CED1BBCC,
0A79F309,
DCE1EFB4,
0A0DEF17,
403132B3,
14433E55,
09B4040A,
3AA71AF6,
23D83FEB,
F19509D4,
DA62F9B3,
D64BD0BE,
E86CD842,
0970FDDD,
2094FA8C,
4590399E,
24CD502D,
F8F608C6,
0C42FAB0,
289915DE,
1F422EFC,
2E843208,
290B1EA2,
2E5F1DCA,
4B89423B,
17E64C43,
30490166,
5B9E499C,
C924200A,
CFF1AE16,
33A0F2C8,
1F173949,
F6030B61,
160B14BF,
1A6628B1,
20DF1C39,
1F7A296C,
105615BF,
FB85028C,
DDA4EC6B,
B46DB0C1,
EEB7CEA7,
25FA0A0E,
2CDC24FA,
037D012B,
ECB9ED61,
F72FE6BE,
2E931B6E,
FD0014A8,
1F08FAED,
2B1C3B46,
A726FFF6,
DDCAA33A,
2AF500E5,
2F4C5333,
12CD1B6E,
17A421BA,
E655FCEC,
FC23F61D,
2CAD26F7,
3D7822ED,
2EC22D93,
22C83F85,
DCEAE777,
1D17E7A9,
5054361C,
08602FDC,
EC85F456,
C92FCA11,
E17FCF9B,
F1A9E134,
E3E8F1B5,
279F06B2,
2EB638EC,
B9C2036F,
F1BAC85A,
26871946,
1CAD2F90,
11FD12A7,
EE181ADA,
D797E8FB,
10F6F4F8,
1A1E3845,
018DF5A5,
2671145E,
1CBF2F9F,
D32BD51B,
0F3CE844,
3594140E,
0E7A1F38,
1F220DC1,
0EC9123E,
1F2A145C,
42172B39,
2BCA4398,
5ADD51A9,
4C675A15,
D8B10AD9,
F5CFD7E7,
4C5A35E1,
305955DD,
087413F7,
F4B714E5,
E849EBB4,
FF22DF61,
1DC51E38,
10FAF437,
15D41399,
F20C1659,
A768B4AF,
FB80C0C4,
23C81090,
F9DF1C09,
F424ED56,
D9C2E806,
DC13C4CD,
0E19FB03,
FA7801D4,
2C17254A,
119D2861,
D315F048,
EBCECA29,
252518AF,
1C213D63,
0333F995,
008D3A75,
F7C7F429,
1ECBFC0C,
207C291D,
247B0BE9,
390C1C6C,
00543ABF,
CF8AC477,
1734F673,
5DB1525A,
0F96FBAE,
046AF841,
FCC5DA6E,
D000FF1E,
418E1A0A,
1A7EFD29,
0FCCF819,
0ABD3133,
9FC0E77A,
D3D4D464,
1B3FFE92,
27CF35F5,
22DDEC40,
E38A040B,
D20F0715,
06BE113B,
31262CC7,
30841AFA,
26234FC5,
01F12E60,
DA1FD255,
29FB0581,
601F5DC2,
1E7D2496,
261A23B2,
032125EF,
0BD6FAE3,
2E751066,
178C1C08,
3B304393,
38E0454A,
DDDE0EED,
0338E644,
65D024E7,
31A85C07,
22343508,
011714F7,
DE070CFA,
ECADE861,
F0B9EFEC,
D8D6D496,
13FC063F,
FD3F102E,
B116B940,
F123C56B,
321A125D,
FA26359D,
0B30DE29,
DE7ED83F,
EF74E1F5,
24340C88,
FC710EFC,
29391B00,
2AE91D33,
C06F0DF8,
F786D3D1,
381013A0,
1A4E55A5,
F82C0A7E,
ED810148,
F009170B,
0F79F7C5,
263C210B,
323C2718,
330951A0,
04BA2951,
CA82CAF2,
078FD0D2,
38EB31D6,
02072977,
E23ADA0D,
D8F6C4DA,
F747DFB6,
261F0B7A,
06F122CA,
400E149E,
2F753B1E,
C5B71024,
D3AEB720,
37BB1083,
22BE48BB,
E904F6D8,
E029F93C,
E1C4F544,
EA6FE017,
26E0199E,
15FC1A61,
3071220C,
339D421F,
DE9CF6BE,
03E3E895,
4C9328EE,
394657CE,
1511241C,
11B70663,
10B40E87,
437B2861,
1CC9321A,
34F60987,
36F84B32,
EEAF3451,
EAC6E6DD,
46ED1D50,
338A562D,
EBCFF7D2,
20780500,
0C8B171F,
DFF8EA80,
0456EEDA,
F583FB22,
06EFFCA2,
18DA0B1D,
B8A2E24E,
E92FB7EF,
4CCA1CA9,
230A3E44,
E7D5F2C6,
EED1E1A3,
F48601D4,
10B50872,
F6881ED8,
E50DD48B,
1F511AEB,
EDCE287D,
BA8FCF25,
11E6ECF9,
31C1361A,
EB7F0AFA,
235CFA7D,
16D21D32,
03070469,
2A6B1AAE,
185B2765,
16A908EE,
1F8C2A6B,
F1E61E30,
E2E1DA47,
1E3CF887,
204721B7,
F3E4FC76,
EBB5DF28,
F7D0E176,
0E15E7E1,
0E6401F3,
E3AEF061,
2F130FD9,
201A286A,
C095D539,
F9E3D3E5,
435C2D33,
FF4C38F8,
0698F0F7,
279A2608,
F757176D,
081EF968,
0EBA1E8A,
190D095D,
42F13A15,
21183AE8,
CE81E52F,
18D6DD08,
5FEA4962,
2F6E44CB,
0C09205A,
062C0449,
1BDA0E64,
2B382CCE,
0D5F1D06,
3A9C0DF4,
4A3B5120,
F81931BF,
F814D59E,
3CD81D8C,
370A4BDA,
FFFC0958,
03E2FAC4,
DAF60351,
D625C028,
1409F9F4,
F8B50F3C,
FDCEDFFA,
084E0ECC,
DE1205D1,
BE37B1E7,
1DD6E9A0,
18D92ECE,
DED0EE29,
E734E792,
F4CBF773,
04F9EFB7,
14EA125C,
0AD20F26,
405A2C84,
2C613B3B,
C37ADF94,
0165D208,
48342C73,
0EB42C13,
F181F685,
FD0FFFB8,
F3C6F8B2,
068F0106,
19C8177A,
FAC90FAA,
412C1039,
2E6A330A,
D1971494,
E19CC988,
2FAD0456,
09A42A98,
DE04E21D,
FBFDF14D,
EF21F017,
0529F6D6,
111B0A11,
0EC90E2A,
3EE92DFF,
18F62F61,
C3C9D4D6,
0190D3C7,
43382DE3,
FFCE23E0,
F68AF52A,
0A40FB7E,
F4B0FC3E,
233A0B41,
2F98351B,
FB500FE5,
5D3F255A,
5C1558F7,
ED26242A,
213AFC53,
6ECC4C5B,
27C45C40,
07860A6E,
1BC70EB9,
0CE4110B,
0D130C4F,
18971345,
EF300408,
20A709A2,
1B651D1E,
D591E295,
129DE88A,
458C3280,
E668167C,
E3DAE347,
04F9F5B0,
F0ABF88F,
FE5DF245,
F9CAF9BD,
CB71E26E,
12EDDE16,
04710D68,
D0DEFB60,
F199D9C9,
1E0105AE,
F3951E43,
05A2FCCF,
10BC14F0,
FF7A0D35,
11A20963,
179C0C95,
F69E03E0,
47310FFB,
2BE8386F,
BE08FEEB,
00A5DC71,
4DA02905,
1F904DA9,
FBF802F8,
239D0AD3,
137729F9,
09260CB4,
11241404,
F0C60E38,
0921E784,
20C12011,
DDB3169C,
C677A7B2,
2897FF6D,
29AE3D5F,
EDAA09C1,
C80FD8DD,
E808D78A,
0EDEF40C,
17D71681,
FA510F19,
414F01E8,
478149D7,
F2A22E42,
E77DD73F,
402D08FD,
44905DF6,
E58A073F,
FEDAF075,
0C4B1B2E,
FF0BFA7A,
24E11520,
3DE132E5,
212A23F0,
6BC343F1,
521664BE,
E100067D,
0AB9FB83,
5F863A23,
3563531E,
026F1374,
099AFD6F,
092012B7,
0D4910D5,
04260BD4,
F6B806DD,
2316144B,
09EE0965,
BD47E68A,
D796C2F3,
083DE8E5,
FCB209B3,
F867F684,
FD5AFD7A,
EAF805E7,
F83BF366,
0C1505A2,
ED5F03F5,
ED58E31D,
24DF130C,
F5C118D6,
BFF1C2FA,
170FD8B2,
48363C79,
04711F85,
0A8DFDD5,
23871D09,
12C32334,
FD0A07C8,
02820EA0,
F59FE902,
40AC23F0,
1DA23A36,
C2C9DF79,
F3B7D239,
466E2E8A,
16CB3B6B,
F077F55D,
107A0B4D,
163219DC,
F61D0676,
E88FEB2E,
E6F6E3A6,
1EBBFABC,
220F34BC,
CF480263,
C07CACC9,
1DD4E8DC,
395032AD,
E67910B9,
F198D01F,
35141CB7,
24CE3B9C,
F151FF74,
0EBB02A9,
29DB2403,
499553BF,
2B1E3D03,
D42EEAA8,
192CEBEE,
59DF5566,
352E497B,
0B3A1A8D,
14A7100D,
21D415B7,
338130E5,
21962D8F,
0A68117E,
55533199,
34F34C28,
E75506A3,
FF1ADFD6,
49521E67,
1CA03B7C,
DC89FCD5,
DF3ED29C,
FBF3F083,
0E880A52,
E8D600FF,
C7F6CE55,
D72AD760,
287AFC26,
14252414,
C0CAF1FD,
E8AECB4D,
2CEF0A83,
187E333D,
E2B5E48E,
0804DD7E,
328627D9,
138527A4,
F16BFF4D,
00FFEB64,
19BC04D0,
3BCF2D8A,
F9283011,
D706D840,
1ECAF237,
2B0C3C6C,
F6EF0DB3,
FB61F124,
137C15FB,
0B1A0BFC,
1BA11AD3,
FF5A10BB,
F6E6EF4C,
1985102F,
E5D308ED,
C5A8B877,
22FEF1F1,
4B9E4740,
05A92595,
E96FE692,
F92FDE62,
29B40BC2,
17B72A08,
047F11DA,
F7EDF951,
FD9FF6A6,
21E82040,
0E152503,
E684E404,
070DE304,
409527D9,
0CDD1DE5,
F4B9030F,
14A8FA4D,
3855230C,
41A04057,
274E364C,
1A3D1EE1,
2D0E2378,
477642CF,
377843A4,
05541AB0,
04590002,
1F110D53,
24D82BF2,
FB0511DB,
F88CE6F6,
2A3A170E,
268538A9,
EEB9022B,
017EF4F8,
F7FE0161,
E735E701,
1EC905A0,
09B3279E,
B490C137,
E891BF46,
292B150E,
F1F51406,
D76AD9B2,
14B1EF56,
25D52A83,
0A491A06,
EF40F098,
F0AAE6F3,
02C4F27D,
1ED41889,
FEED2FDA,
DE03DE75,
182BF2EA,
58D13BC8,
11D91E44,
E220DAA6,
2988F50A,
43F24454,
028E2B02,
EABBF38E,
0DE10256,
07671A50,
0CB30382,
23BA1E2B,
02CC1EA7,
DB89DE1C,
0AC3FCCE,
1BA32322,
F05FFD21,
023BF282,
0C710C1F,
FC4BFB39,
F513F7FD,
FCA9FA24,
F96BF677,
063EFB7D,
1C010F68,
31A03215,
10FA1DD8,
E3E1F593,
0173E6BB,
3F1E1CE0,
3CE8517B,
F78E1395,
0DB9F0BE,
384E2B76,
1E913B6A,
0BCF0DDD,
23071799,
28952C10,
39F130D2,
2F7F3391,
F65A1235,
001AF458,
46751DF0,
448459BE,
FB7D2633,
FBC7EF27,
2552133B,
132227B7,
EE10FDD6,
016CF22B,
1125170F,
F7C70D31,
E7E4EFD2,
FC9BED72,
F145F017,
D1A9E8A6,
EF27E6DE,
0BCCFF6F,
ECDB0FB5,
E60FEE2F,
EE1DE8D7,
0A5F0626,
0E630EED,
20B51CCB,
FE881642,
E48EE682,
0099E799,
411425CA,
1EFB3233,
DAC4E121,
0E04FC3B,
2F462925,
02611D45,
F491FA23,
1F980F12,
18E32AAC,
13680F97,
045F0BC6,
EDE2F70B,
03EBF358,
1AF111E7,
F02E0005,
EA7EDDD5,
46501EDB,
18D43D22,
CCD5FBFC,
FA31CFC5,
29C013AB,
F69123CA,
E776E27E,
039AF3F6,
F87A13C3,
F0F8E971,
1CF6FC1D,
2AEE31B5,
04FC0F80,
13160294,
19152074,
09690FA1,
1CFB2ABA,
28CE217B,
07ED01A8,
2069160F,
401F309D,
134B33F5,
08AF0FEB,
34622346,
3EFF4BED,
12BC2B2E,
0D9B048A,
30C82379,
227031AE,
EDCC06AF,
F182F014,
1A2D0E8B,
23021EB8,
1FFB259D,
14CF1A98,
E98FFB26,
ED8CE7BB,
14720D4E,
EFE31F87,
BACCE2FF,
DF87CE03,
15D910FA,
E9B60928,
C070CEAA,
EC7DD60E,
0F1B0FFF,
10C01620,
FDFF0CA6,
F59AF4DF,
FB84ED87,
19DF0479,
1E0E20B0,
E3C8015B,
056CF24E,
3E091DEC,
223F48C3,
EE21072F,
F1B4EAA1,
24A30B14,
200C1FC7,
065915B8,
FCC2F574,
0ADF0ACE,
13700AF7,
DFD1052E,
ED22DF64,
1353F06D,
21BB2CDB,
00C204FA,
08CEF599,
108907A3,
0A83095F,
F237F408,
F45DF67E,
0F920934,
0A44103F,
F94F0CAF,
FC29F50D,
2C511BCD,
1AA52C79,
31FE17FF,
24BF289A,
FA1E22A8,
02590119,
1F0E0C9C,
0E3122A6,
065D0AFD,
20C70A3B,
2BF02FD0,
16DD2163,
06B00969,
349219E9,
3DCA42B2,
102B2C76,
10290B84,
32521EB0,
2AEC37E8,
0CAB17A4,
0B3AEFCD,
1F762106,
0D20139C,
16EB08C5,
11611A2D,
F7FE0E5E,
F725E906,
0F000CE4,
08B41884,
D3E7E282,
E412DC4B,
19B806B9,
139F20B3,
E2DEF7CB,
DDFAD986,
039AEE6A,
092707B5,
FF02FC52,
FE5E120F,
F2A9F356,
E833D47B,
0A9C03FF,
215C2481,
F91CFDFD,
0B3007A3,
278E20AD,
FE87172A,
0D7A066F,
20BB17BF,
00AC190D,
038BF9C6,
0706040D,
F791047C,
11D5FF50,
10451882,
E779052E,
F891ED23,
0B0DF37B,
170B15BC,
136C1A0F,
F0E8EE35,
021AFDDE,
26090D96,
0D6A0F1B,
00DB05BF,
07AE002A,
E3CEFA0C,
E9A9E582,
112B03BC,
172A196F,
0BCA13AC,
1AA105F3,
1A6E1F73,
0ADA138E,
168E0DDB,
1F191E66,
1D8219BB,
2C981C68,
3AC533B6,
0E2E2ECE,
02B40527,
259B12F5,
359B3436,
29FB37D3,
3C8D35C3,
11F1227E,
0ECA0778,
1A3E1724,
1C0F256B,
1F2F24FA,
0CBD13B8,
096807CE,
0EC20412,
2AF818C2,
0D152577,
CBE0DEBD,
DEA5D12F,
118703E3,
0D2A0620,
E8F90612,
D5E5DBC7,
DB3AD75B,
EEEAE548,
FFA3FEC2,
02A3FC81,
FE2C0807,
E41EEF41,
02EBF366,
096D1835,
F5BC0119,
066DF411,
2C2A2128,
187D2F55,
F31BF9A4,
1D7F0DFB,
2ED12A30,
18BF213C,
0ED4135C,
02A008E1,
13B91955,
EF4D0622,
0083F6AC,
093F0ECA,
E7DDFABF,
F3ABEB16,
28B40FC7,
0C4D1E77,
EAE3EE69,
0672F8D1,
070E05F7,
001A02EF,
12740DED,
125C151E,
EC9CF187,
0470FBE7,
18FA1414,
09570EEE,
F619FE60,
0F4602EB,
1715190A,
1A8F18CD,
125E19ED,
00ED0C7D,
FF48F9DE,
265410B4,
378834CC,
206D2339,
16051E04,
14D513EA,
1E781A5F,
428E2805,
47AB53F3,
003D1BAD,
FC2DFC2B,
1FDF0E9D,
29DA24B3,
222429EB,
1C001CF5,
01791342,
06A9F56A,
2794170A,
2D6E28F5,
16B8276F,
F46903EF,
F4E7F33B,
EB52F247,
F270EEF3,
F561F441,
E988F435,
E6F0E409,
F591ECC7,
F83CF6CC,
EF21F25E,
F5DEF5BF,
0379FCA6,
1F120F2E,
1C0128DF,
098D13FF,
E6CEEEAC,
0A3EF4A5,
23F41D93,
1485210A,
0D7A0AE5,
1A061455,
09CC14B2,
15750770,
1AC91BDE,
06EB1033,
FF1CFD84,
19E9055F,
1FEA2996,
03E00C77,
FB9A0522,
ED10F42D,
F4D9EB34,
1371FFB0,
1B5D2124,
F674FE45,
04BCFF17,
05860AA0,
01850E0E,
09FFFBE2,
17F91A16,
037D139C,
0435030B,
06C107E8,
FEC101FD,
0A9AFEB5,
257C1DA8,
F9561814,
EC71E8A3,
0D0AFDA5,
154F0B21,
17901A33,
2806172F,
1F962CB8,
09DF0891,
2A611486,
2F3635CE,
3AA431D5,
33963955,
17FB23B9,
17711281,
225D1F46,
1E3F23B6,
19EB1BD6,
11C91A34,
17B90DC8,
1C582211,
07F01159,
0E5807C0,
0F140B74,
007E05F5,
FA5BFA2A,
098306C3,
DF62F972,
E374D839,
F031EC88,
EA2AEA3E,
F227E2CF,
107806F8,
EBAAFF64,
FAA9E99A,
08A608DD,
FF210398,
0AF2FF08,
2236232D,
F0A90A7D,
0831FAFE,
0D460F5C,
06EB05C2,
10AB0601,
239A2160,
07700EA4,
22FC1172,
0D21225F,
0398013A,
1EB7147F,
1C9B25D7,
FE961275,
0166F76E,
05DD067A,
00C1FD07,
F699F77F,
0B41F716,
086A1074,
04FB02C9,
07690617,
04960308,
05B803B3,
1D14099D,
06831754,
E5E4EA76,
FF3BF252,
095905C1,
107D0D54,
0A170B80,
21441713,
FE7412E1,
01FCF6DA,
12A60D4F,
162B1267,
307222E0,
1EB02C1B,
191E1751,
1A1E1996,
251E1533,
26CF29C0,
18CD1EB9,
2E721831,
3ADF3D8A,
1120262B,
1EBA0E15,
16D11EA1,
10061268,
16331145,
24F726B5,
05420E54,
164F0807,
00580724,
F708FD6E,
0806FA05,
FD340DA3,
D994E4C3,
F7E3EA24,
E403F250,
E367DE7C,
F647EBC9,
FCBEFF11,
D90CE004,
F523E767,
F00DF282,
12D2015A,
217F188D,
23082AB5,
FAA40B5D,
0442F922,
0AFB091E,
256219C9,
35392D01,
26FC3DF4,
010807D8,
06500910,
F90AFA45,
0A0C06BB,
1D6213A3,
11A2261C,
F793FDE2,
09D30178,
ED33FAAC,
0C6FFB8C,
0F830F9F,
172C15F4,
04D71773,
F35DF474,
05DCFC49,
0A4E0DE4,
01F803D8,
0B560654,
030D0995,
000DFDC1,
FF3E039C,
0FB301F7,
162F1735,
1B6D184D,
F167079E,
F482ECC3,
FC21FC0C,
0B75FBFE,
172818BB,
1E2D1929,
0E2A16A4,
1FEC146E,
1CAB20D2,
2F0A1E7F,
4E1E402D,
37F94041,
0DD11CBE,
1ECF10F7,
00AC13A3,
08DE032B,
28720E01,
2EB33881,
135E1BBC,
0CF90C2B,
08EF0927,
14E60FB4,
1227148B,
06970E83,
E087EAEC,
F122E3D6,
DCE5EE40,
EC59E4BF,
126D0033,
15321E40,
F9E908E7,
069DFF0E,
F0FDFB6A,
09FDFDC1,
0E8C0CBF,
F49205F9,
EB68E487,
00F7FC44,
E976F2CE,
F880E98A,
237A15A4,
1C3F26AA,
F8E80636,
EE4CF4AD,
0693F234,
380A1F61,
280C3104,
26222616,
36232B5C,
256937CB,
109815E4,
141E1021,
08720F85,
EF56F7F4,
EF00EE61,
D53CE171,
F25FE18B,
0009FB7E,
0DA90478,
0CA808B6,
1A541D65,
FB490986,
062FF49E,
27A71D70,
095D18FF,
FF170180,
F60BFDAD,
0833F757,
0E3910A4,
0A1D0875,
03530A14,
09320497,
FA1503E9,
F2DFEDE2,
1AE405C6,
31F728D1,
25E43158,
19A71D6D,
0C040DB5,
281B1E04,
2ADC2C3F,
1FEF2E3D,
208A1BCC,
28512B1C,
16B21B9C,
1AC2183C,
235C245C,
1B44218C,
1D021A7B,
1044195B,
13530C77,
1A231D6B,
0E7A195C,
E644F5FC,
EA76E0DF,
DB97E0E8,
E238DBFC,
F348EFB8,
EC57F4AC,
F84EF0E6,
F7DBFE63,
DE37E796,
F453E683,
133605B0,
0ECD1BB5,
0C79091C,
1289175F,
059A09D2,
13BB09A9,
21591D1A,
17B31EF7,
0F821287,
FE020A33,
036AFA55,
11810A2F,
07190A47,
F007F7B1,
09D9F966,
1439158E,
16091247,
2639210F,
20912429,
1B1E1D29,
062D1658,
FEE6F9EC,
0738057C,
096107C5,
FD390A20,
F18AF0C4,
E1E5E95F,
E19BDF02,
034DEC35,
11061324,
11B30BCB,
12DF14ED,
F84B03CB,
FDD1F89A,
0F260512,
1419150E,
16291086,
17EF1E5E,
FE67083C,
0F0AFD8C,
1EAD1E64,
13341A05,
178D141E,
191E171E,
26091D8B,
3BF63635,
312E3C09,
165E1D95,
22981C61,
134A1CCB,
1B77136A,
2C5A26A8,
1C7D2CFB,
100813A9,
FDA50948,
F0D9F109,
017AF5F8,
1C561120,
F5C20D3B,
F754EE8A,
EF99F7CE,
F658ED70,
1012020B,
041B0DAD,
FEB6FDFB,
022C0508,
E750F534,
E76DDF13,
FFCCF0D6,
F26604E4,
EF48E8E9,
004BFBB6,
F2A8FA09,
0A15F455,
22D31CC2,
1DA61F1C,
148A164D,
10F118A5,
1F5B1562,
3FF62CD7,
32EA43E4,
F3D00ABE,
FADCF360,
F685FD88,
F6EAF453,
0C7006AA,
0F350FB5,
073E0CCD,
013E0700,
EEA2F35F,
131BFC2F,
2BF3297A,
0A3C195D,
142F08BA,
16121CB4,
0D9D0D39,
0B32111E,
FE8807CA,
EB14EEE0,
F4E8EFBB,
F6E8F71B,
0186F360,
1E1F1365,
0AFB2124,
F501F356,
0A7C0242,
0719082C,
206D119E,
29B2287F,
10341A95,
0DAB074C,
14D811A9,
161311AD,
2F5C1C2D,
29F936FF,
1C8E229F,
23BE227D,
149D1C77,
21E118E0,
2E662992,
28C22F53,
16641EC2,
0DA3109A,
086609FB,
19A712B7,
10501917,
F0C7FF12,
E458E6F4,
E060E1C2,
F4D1E9ED,
01A7FF79,
00410372,
EDC4F4D0,
F283F196,
03CEF5F3,
0F2D0CBD,
090F0FDC,
EFB9FEAB,
EF15E8F1,
F49BF594,
08CFFBA5,
0A1A0AAD,
0C9C1203,
01A302A2,
16B41233,
1ACB1997,
216E2276,
22AF21DC,
197C20D7,
126C1269,
11E80C61,
195B11D7,
1C671C7E,
16B71EA4,
01580CCF,
FF50FCE7,
FF57FF96,
103F0C3A,
14E915CF,
0410092E,
FBDEFEE7,
F516FB53,
F5CEEE94,
0E8AFECF,
1221155F,
F4DDFFFE,
EAFCF10B,
F99AF4D6,
0106F8DB,
17480D84,
06E410C5,
FDFF00BC,
00D6FD34,
18DC0765,
1DF42108,
215021E8,
0E5B1548,
06F00726,
0ED10757,
1B011208,
262022F8,
0E401FE4,
246C1132,
261C2ADD,
24461F49,
2D222D3C,
2ED52D47,
1C2427AA,
0EE21250,
0D831036,
0CFF0853,
16471059,
17C81731,
03380906,
0D1C09D0,
F5C809CF,
F48AF30C,
ED0FEE59,
EEC9E8EB,
E8E2F0EB,
E464E281,
F757E865,
0BA20267,
100B12AB,
F4B90534,
F326EC18,
00C800AC,
074301E5,
15F91347,
042C0FBC,
09430284,
FF31065B,
0CF8015F,
12570AD1,
24241CFE,
15152068,
135A1184,
1DA91A3C,
12741A96,
05970551,
06370CB8,
F9D2FB45,
01E40000,
06940046,
044F0360,
150C09DC,
1C5318DF,
0F49176B,
0D250D1C,
176213B5,
0EF417C5,
0F820D36,
02A60A07,
015D018E,
EECDF35C,
EB7FEB46,
0646F9D9,
0C180888,
FDF90346,
F92CF886,
05C9F9B5,
17D8153C,
09DA0DE5,
0CEB0BE5,
0B960CA8,
14050CA8,
11F515A5,
0E690FBF,
2230167F,
15CD1F30,
17CE158D,
1C0B1C7E,
27B21DCE,
26B92A06,
14AF1C0C,
126314CF,
0A531016,
019E04B7,
057A0317,
230316B1,
255F2AC2,
0B9618F4,
0C8D0D0D,
0224074D,
055AFE15,
FECD070F,
F4F1F382,
F13AF592,
EDA0EEBE,
E8CCE956,
F6FEE9B2,
1BB70C06,
092314F2,
FC7FFB86,
0A3D03B7,
0E600A4B,
0D081279,
06F008A1,
F7FEF92D,
F79CF91D,
F2E2F0F2,
01F9FAD3,
0D9D098A,
1B6D1451,
1F0A1EF6,
190018A8,
240A19E1,
269F289F,
254D21DF,
14121EE5,
0A4D12E8,
FA0F046C,
FE5BFA21,
0DE60334,
17D0116D,
1D0C242A,
07FC1694,
057E042B,
1259105E,
09071078,
050F056C,
0F9C09A8,
FAA00A7B,
EE8FEFDF,
F9F4EE69,
12800D83,
03470ABA,
F62FF9AD,
F394F258,
0218F715,
09310825,
0611068C,
0AF2063A,
10730A6C,
099E07DB,
0C8C089C,
29401A68,
315734A9,
1D8C28AD,
195113AF,
26E32167,
20D52365,
1EC01F07,
1EF61FD4,
17502082,
13C71447,
150E1924,
1AEC1505,
1C7421FF,
0CAF181A,
0C810E45,
192D1262,
19A92141,
03A710F2,
EB9BF175,
E97CEA20,
DC06DE75,
DE10D7D9,
FC6BE9FE,
073C08C7,
ED09F52E,
F3B9E8FB,
004CFA80,
0E6E052E,
1BDB167B,
1FA121DB,
FC7210B2,
0019FC3B,
FE0501BF,
099FFDBE,
265B1C62,
1C682839,
009F0C63,
1065045E,
1F9F16E9,
2A282766,
1E6625D5,
09D31284,
FE17067E,
F7BCF378,
110F02AC,
1F4F173C,
12801E76,
0501035D,
081E06C0,
051D0A11,
11AC084C,
19AC1948,
095216F8,
EA13F7FB,
EFF1E88C,
E723F2AE,
ED61E960,
0D90FE66,
08881283,
FECB009D,
0B4B0347,
127414D7,
117C119C,
0EF90FDD,
01510887,
F9C3FC86,
0343F9EA,
18A209A7,
20311D39,
13F619D6,
16880CD5,
2869204E,
2DD2283A,
3865354C,
373E3BE5,
1BFF2D2F,
F5F60490,
0A40FE1B,
12A51421,
125A1504,
0BD9133E,
FA400381,
037FFD24,
14210F59,
17081939,
0D420B26,
05ED0B61,
EE00FBC9,
EE1FE6D3,
FD6CF4ED,
001EFEEB,
FDB6FD2D,
F1D4F73B,
FA6DF0F8,
086500E8,
F8FC0394,
01F3FB03,
0D880B78,
F43C0A71,
F06FE7D2,
0CEDFC35,
0A591253,
1C441359,
1D741D18,
13381658,
21A41D0B,
2659296C,
273D2008,
260A2424,
0EA81FAF,
E8DCF741,
F4E9EC01,
18BD059E,
10431B7F,
026907F7,
0495FD35,
200713F5,
27922870,
0F171A31,
1631121A,
11711AC0,
F2C7026A,
F0C6E90C,
0A93FF55,
F4FE002E,
FB75F585,
FE15FC84,
F346F89F,
0915FBDA,
13DD153F,
0C030CFB,
13690CCE,
0D7913CD,
EB04F931,
F61FEB9D,
19D40C59,
0F821A40,
0CED0C78,
14C90D77,
1932165B,
19231B5C,
19F01B13,
30EF24F4,
35B137B8,
15C72887,
16BA138F,
21581DC6,
16C82514,
160D12AC,
12641873,
049A075C,
122C0971,
13CD1F3D,
F84F004E,
0329FC93,
03C904AC,
E2E5EE15,
F3B1E5C5,
00B0FB5D,
F6F8F72A,
0E77FE58,
08D3FD85,
FCEF0498,
0000062C,
082BFB8B,
0C750650,
FE5707AF,
E1D3F42B,
F77AE0E9,
1EEE090D,
2835169E,
0331298F,
13EC13FF,
12D41053,
19D317B4,
0CCE0F59,
0BF90B17,
1DDA11C0,
051519B2,
F4C6F71A,
18BE05F0,
3EB63107,
32D73CFA,
2C342D9B,
1268287C,
0B350557,
F3920153,
DE66EDDB,
FAE5E765,
ED870375,
E0B5ECF9,
EE73F182,
0478F577,
073810BA,
06340C04,
F54BFC01,
FE2FF7EA,
2A450F7A,
154B2C21,
F990FAB7,
19EF0D07,
EEE60AC6,
D2D0DFC4,
ED79D656,
12280B24,
F241FC6D,
1ACD06FA,
33C02450,
334F4450,
3E6C3168,
45D93FC0,
4A1642EF,
3DEC3A1B,
0DDC2C71,
F3CFFFF9,
FF950312,
06700701,
FE1DFE3F,
F32EFF38,
FDD901E4,
1CDB076D,
26521D01,
180718A2,
1FA118DB,
FDC9110B,
DDF0D542,
FB58014B,
183120CE,
FD200545,
F8410202,
F63C00B1,
F162DE20,
EE0BECC7,
F532F262,
FD90023F,
ED3BFD53,
E48AF4D2,
07F4E822,
2E561145,
337039B2,
27F32543,
31D224B9,
25562552,
15342812,
0B14179A,
1EF50E95,
351F27DF,
F7B9160D,
FCA1E3D5,
130B036B,
11CB1C7C,
0EA4250F,
21642E50,
FC5D081B,
15BC05A7,
17F03208,
FC982362,
0E00EDE9,
1E5B0EA6,
E579EA90,
FDD3D673,
E74EFCD0,
C3730F30,
1023DC78,
EA621949,
23FAE8CE,
1C45EF48,
189718A2,
266208BE,
1C1130EB,
0DB223EB,
E275E60F,
FE40F806,
1E1525EF,
F8B3F7C9,
072D191C,
0C850A1F,
16F4E217,
0B932565,
1F601F87,
2F2627C2,
297742F5,
07DD2BAB,
1E0EF544,
2C203247,
25FE3470,
1EFF24F7,
03E417FA,
0ECE0B0A,
0D210384,
EF010AB0,
F0C1E534,
0232F738,
DAA8E847,
D5B4D792,
F797DEF3,
FFF20A4C,
04FD0220,
1514030A,
1AF81114,
08700D43,
0019FBB1,
FC130967,
20960466,
18230C4C,
E5C40F7F,
0208E375,
1AFD0E2B,
20C21B66,
15A21F56,
FD61013F,
1F1D059C,
27AB11F0,
10D93AEE,
24FE1B83,
1E701C53,
096D2C69,
053AF960,
17160CDC,
365F2624,
1CBB24EE,
10CA2312,
057DF78A,
FDED0290,
032E0E0B,
0DA90DB6,
064B0C56,
30A223BF,
1239F62A,
F4C5F63F,
14BAFB62,
E641FBD3,
E86FEC26,
F44F0E71,
1B9BCEDA,
FF7B00E9,
0DB8F069,
F0A1F22E,
05BF288B,
EC5D2456,
F9290072,
0AE2FAFD,
30361261,
278A1C43,
3618240C,
26E42719,
283B16D9,
172B2BF6,
20C409A2,
3616241C,
19E6238A,
F8DF1793,
EEFDD51C,
0C02111D,
1FBE0E69,
0144239C,
0800FCC4,
0BCFF666,
11820E07,
14C02AA9,
1830F048,
F76E22C4,
05D40AC0,
DA1BE33D,
D948CF88,
FCACF444,
EE09EF28,
F70CF1BA,
0616F001,
0C2F07C9,
043F17D7,
0D06FB9B,
0F9C01C1,
0347192A,
EC57F146,
F885E4B0,
25040D5C,
2ECD3970,
1AEA183B,
1A6225DF,
18C0171E,
1A7D1E68,
1F821A61,
2694202D,
30623745,
0D032371,
F7EBF480,
105EFCBA,
2A1A2335,
264C2B6E,
1AE519DE,
0A7110F2,
FAC501EE,
F79DF9DE,
F96EFA29,
08D8FF6E,
12670E14,
F50E0A08,
EE63E992,
FE00EC64,
0DA50834,
F9AF0DEB,
F7E7F185,
F374FF80,
FDD7FC5E,
0A43010C,
0AC70968,
1CD71E68,
0ED009F8,
EB9FF399,
0D01F348,
2D152171,
0942246A,
0E870C5C,
07B00E3F,
FC50FE99,
1E7D06B0,
33D02A57,
337D3256,
33BC3815,
15ED31CA,
FEDB04D4,
192A0814,
18E2209A,
EFD1008A,
ED6AE957,
036EFA59,
0D2D098E,
0E640A8E,
EF08FA15,
FD45F292,
F8F8F647,
E1C6E540,
F0C5E7CA,
1346073D,
01B409D2,
01AAFD3D,
15821634,
FF920DEE,
11C10897,
0DD31437,
033F09E4,
0C010798,
07D10E3F,
EB8CF699,
0717F851,
23D3162E,
1CA925C3,
1EC6238C,
24F62369,
22A42BA3,
1EF02454,
17DA1E6D,
283C17AE,
193121E4,
FA130FED,
F910F24D,
26D30CAA,
2832313C,
08B51494,
15960D64,
0D981801,
FAFC034B,
FB52FD3A,
EDD8F6AA,
09FAF8A5,
0EF30F6E,
EAD10454,
E224D84E,
0BAAF514,
0C151136,
FEE00069,
EB26F830,
EE7BECB3,
02FAF864,
FFAD030C,
0C12FD7A,
240D1D18,
157A24C5,
FB860764,
1361081B,
26271D48,
0F171AE2,
0EC20A0A,
044503B3,
FF0104F2,
156108C9,
23DA23F9,
16841629,
1FE61E7E,
1FE2234B,
05BB122A,
0F06018F,
25EA1B7D,
13581E14,
0A090F6F,
FD870479,
FEF7FA68,
FC9302EE,
F94205BF,
051AFBC8,
000A06E6,
DA07F3D5,
DE02D383,
0586EEFC,
0C600D59,
FC6200CE,
FC5DFB61,
F888FD8D,
060BFB1C,
13770FC0,
0EF718A7,
128C06D8,
240F1F72,
163A2057,
FD8F0034,
149B009D,
294D217C,
17C61E89,
19AF1703,
1D491CF9,
1B5A1916,
19AB1EE4,
133C1F68,
20020FBC,
25E92485,
12482905,
0D58021A,
26761987,
19582A8F,
FD1605E9,
F4CFFABF,
F022F8AD,
F979EF73,
0D6F0A1E,
FCB80B06,
FD10F627,
080C03D6,
F2BBFE05,
E9C8E14E,
1675F7EF,
0CD01BFB,
F489F92E,
FA9BF4B6,
FE100035,
FE90FD79,
0C88077A,
111D17BB,
1D1F1151,
2174210E,
0C341D1F,
076E02E2,
1E96123F,
1C2B2303,
13CC165E,
1C6D1876,
1C0E2172,
1313156F,
15B61607,
11EA171E,
0AA406F7,
13E61344,
15201954,
09770246,
0FB80D66,
014C0AE4,
EFA3EF6D,
F8DBF2D1,
FF63FD17,
03E2021C,
01DE0B98,
F7FC047B,
FC5AF069,
03130A4F,
F0A50097,
EB8EDEC6,
07D9F9CC,
05B10876,
F3A4F772,
02FAF6B3,
0E010F6F,
105409A1,
23991C20,
281D2387,
1E7A20DB,
2ED42D7E,
256D2A81,
FE43102A,
152C03D8,
2B512476,
14DB1FCA,
04520B14,
081F0437,
125A1098,
1FA01C75,
1C0B204C,
1892166C,
29E629E9,
111B2041,
F53DFFC4,
FFCCF6BC,
1AFB1224,
F20C0939,
E528E923,
F153EC34,
CECEDDCF,
E48BD594,
FCB8F0AA,
FD9E0318,
1464FD26,
256D23BB,
03771890,
03E4FDDE,
19E80C1A,
15441912,
FCA20D12,
FADDFA5E,
FA7DF5B5,
FABBFA91,
02A0FFC1,
060D09EA,
1CCA0722,
23BA20BA,
0EBA202C,
0DAA06AF,
231A1A02,
2C162D24,
26632656,
16B0203C,
16A41424,
0E270889,
109A11FD,
0C3D0F3E,
FA7C0348,
071EFCF9,
FEA307FF,
E3B0F31D,
F41FE932,
13A90791,
0FF1175A,
03BF0838,
0DC106D0,
05C20E34,
013A0082,
F4E6F900,
DECAEFD8,
F1DFDE59,
096600E0,
ECF90280,
EE82E2E1,
253E0342,
2E8033F0,
145A22F2,
2382180C,
2A9C2697,
2D13327E,
20FE26C2,
143C147A,
20981799,
2F942A40,
161D2643,
EA5EF916,
09AEF334,
34AB22BC,
22C6327E,
FD110BD6,
0963FE7E,
0BB80BF6,
0043061F,
FEABF904,
0D230B9F,
1C9310F9,
15AE17C1,
E8E1067D,
E188D79E,
03E6F14D,
FABB0418,
E78CEF67,
F7E4EA4F,
FF32FDD4,
061502E3,
05B7063D,
01DB055F,
13340388,
20C5223F,
FD6714D8,
F01BEEA5,
1481FF4F,
1D502577,
01310D4B,
F339F893,
14DE0356,
26961CD4,
229E2479,
0A651527,
08B7062D,
215D1070,
3CBC3419,
2F293D79,
18421BD1,
20DE16E5,
20292ABB,
F9030A27,
F17CF0B9,
0831FDDF,
FF1904E1,
EE46F82C,
E680E8B0,
F0ABEDB1,
0A6BFE85,
093B0D87,
ED47F870,
FF34F302,
137F0CFE,
010E0750,
F7FCF75A,
0265FB8A,
073003D2,
0E1C0610,
15901CE0,
14F8154D,
2D111E8D,
293E2F66,
FDCF151F,
121A00D2,
2C7F22CC,
22E72D50,
0E511A15,
090D0D4E,
239E1249,
25E7284C,
2D3D29E2,
2A00305D,
0D1B1A8E,
0EAF0AE0,
0C3A0F18,
F3D901A5,
F577F030,
0998FEF7,
055F131F,
FD2B0096,
F8BBF883,
FD47FDF2,
048DFC34,
0130076D,
F60BFDAB,
F0AEEDEB,
02C7F576,
0723083C,
FAFD0145,
F000F405,
FF7EF82B,
0A7806FC,
0A140F09,
003A02C5,
17C90821,
20AC1F2E,
0AE719AC,
064807D2,
0FEF0DB6,
1B501CA8,
28801F2C,
2C252F08,
093B1CFC,
0581007F,
252C1190,
2D4130C4,
0ABB189D,
0799FDAD,
17670B2B,
097A153E,
FFC001A4,
F50FFAF0,
FEE8FA9D,
11EA0835,
0EF61112,
EB87FB50,
EF96E436,
1637FFFE,
0B241C2D,
EBFDFD76,
F5F5EA9E,
09580114,
00430891,
F14DF50D,
F970EF82,
074803E0,
0A47FD16,
23E51B38,
21F423D0,
0A8213A7,
16DD103D,
284D1FA6,
1BC920AC,
1DBF1CD9,
23751EA2,
1C041E8A,
1B4B1D42,
14601526,
10B00F21,
18080FD9,
181118DF,
1D4A17D2,
0EF51663,
FB340777,
F841F836,
0F7C00D5,
1ED21894,
05F215DC,
F1CBF6D2,
0511FDBD,
FDF606B8,
F05CF5C5,
F814F111,
FBFFFCA6,
F7BEF560,
06C50412,
FD3604A6,
EE2DF3B0,
0518F5DC,
23181922,
0ABA1832,
F97AFC31,
0817FC04,
150D111E,
04B30DC6,
FC89FB92,
124F060D,
1FA716EA,
19DC20AE,
1BEE1975,
23AE2306,
1E612690,
17350FF5,
2FC6223A,
363B3998,
146F245C,
091C0B26,
0D1E07D9,
FE8A0426,
086300B6,
006E0A96,
ED21F725,
E953E704,
0897FBE3,
06CD0787,
ED5FFE3A,
F83FEA2A,
0C3B02CD,
06EC0CAC,
F1C8FE22,
FC78F2B8,
0A5C06B7,
FDF30227,
FFBFFE6F,
FB15014C,
04C0FF4E,
12A40D2E,
12E918E0,
05A50F8A,
22E508FD,
2EB13131,
1B99210C,
18BA1200,
33092777,
37193A7A,
1B16221F,
26EC1A4C,
279B28BC,
140D21EF,
0CF90EFB,
0CAB0D9A,
FA0505E8,
FA40FA0E,
0D7E053C,
071D0DDE,
0CCE07C5,
027AFEE6,
F048FE71,
F78DF6B4,
F7A9FB50,
F853FBB8,
F1A2F3A0,
FC5DF830,
051D0123,
07EA0B10,
F8E8FE32,
0414FD2E,
0AC00635,
00570673,
FB89FB57,
0534FD39,
0D8C0D56,
100C0F8A,
0F191174,
02060B1F,
0B18031A,
27A90BA9,
2FD42D62,
122F1E22,
0C4F05E7,
1E8B0E24,
29C027D7,
1FF324DC,
16C31983,
1B36169D,
16A316F6,
0E9B1BDF,
05890894,
FF4203EF,
FD2EFD87,
0338FE3C,
F715FD12,
E77FE8F0,
F693EBA8,
0A13FFAE,
F55AFFB1,
F29EED44,
FA35F4F3,
FB9DFA85,
048DFEFC,
FE81FDB5,
06C3FF44,
123F0C67,
1B6F1678,
192215D3,
15DE1DC1,
23821F1C,
176C1F49,
0C06136B,
0F8A0CB2,
111414E7,
151C1718,
15C0172E,
19DA19ED,
1C8C1A92,
29EF2A45,
16A31AF4,
1C801A53,
14281B55,
0DE610A3,
0FC312B5,
0737113B,
FF2800ED,
03F8FF4F,
094B0C10,
FEB103C6,
F9A7F932,
06DD038A,
F644F9E7,
E788EE99,
F8DFEAE2,
0CB00398,
FFB8080F,
00C5FEF1,
0A0E0150,
16B1124B,
0E8F130B,
FEAA013D,
0CC8084E,
0AE60A4C,
FE100284,
048C00FB,
052A01EA,
FD7700F4,
1BDA0E21,
35CC2F52,
1EC02852,
150B16C2,
25B419D7,
2A0D2BB7,
1D8E2395,
09E51529,
112F0D16,
10AF1188,
0E8A1524,
09A807BC,
FFCC059A,
F35DFB5C,
0433F671,
0EFD087D,
00970C9E,
FE9BF913,
0AFB01D4,
04C70F03,
0307FEE9,
0AB006F9,
FBEB06CE,
EC06EF8D,
F61DF072,
F529F7F5,
F63BEF37,
03BFFCB8,
11C60873,
0F690C28,
1B9312B0,
279620B4,
26F52B10,
17AA210F,
10331155,
1CE61561,
22D42454,
1BAE200D,
197A1AB0,
257A2213,
18CB1CC7,
198313CB,
1D051B58,
1028182E,
0C4407F6,
1670167F,
09941123,
0641095D,
083A0B0E,
006B068D,
FCEAFA69,
0205FFCB,
F7C6FF7A,
E9C3EB65,
F270F1F1,
FD35F42B,
FC7EFBC6,
FB36F7BF,
FF350261,
FCA4FC95,
08630235,
0EF40E54,
09C8098C,
FFA30726,
F8F3F9D6,
F8A1F7C2,
0670FD72,
11E81174,
FCB80B5E,
FCC4F67E,
2621111A,
349130AB,
2FD936E9,
242C2A16,
263D2740,
24ED2660,
269E25FB,
182323DB,
1461142B,
05590F62,
FE5EFCD7,
0A2D06F1,
FEDA0261,
FAACFA8A,
0025FF36,
F883FC32,
E69DF0A9,
F10FE83C,
0A21FFC3,
0AC80BE1,
028708B4,
0C260302,
0D320EB6,
FEE807B9,
FA2CF695,
FEA00103,
0403FF05,
0DAE091F,
19071366,
19DA2068,
0CD51216,
12EA0D0B,
1FC71DD4,
1D6D1E2A,
1DE11FAB,
23F91F42,
234D2C84,
22492068,
24102544,
1CF1210D,
0ED815DF,
0F150B17,
0F5D1148,
0E4613E6,
141F0F3B,
07D20F50,
FF06015B,
0319FA38,
05E505BD,
F81B02A9,
05BFFD93,
F24C0044,
E812EC9E,
EE2BE78B,
FEFBF926,
F4650168,
EEE7ECA4,
02C3FB83,
095E076B,
10A70CB0,
15581429,
124A16D3,
07740C1D,
07DD064B,
1A4C0C15,
1F3324F3,
0E1C1989,
0A9C0DAF,
17370C7D,
1B8D1EFE,
1D481D15,
22041E0F,
1ABA1C00,
1A831870,
15381921,
0CE9112C,
0CB509A5,
0E240C5B,
011305B0,
1EE30FFC,
14CF1D4A,
F6F6076C,
F7D7F153,
0F5C06F6,
0B200E36,
FB3E0196,
F799F4E2,
F839F6A4,
F640F5E2,
F982F4AF,
F756FC82,
F26DF548,
F92DF4CA,
102B056B,
0C80132D,
16520976,
0C4C0FAF,
0AB90A5A,
17250FCB,
27B722FA,
1C5C2464,
110C142A,
143013B7,
18551790,
15901488,
23A6192F,
25152F25,
1BBD23F1,
1FD1279A,
040A0DCA,
02ABFC98,
120D0712,
0FB714A1,
FD1D01D4,
1049063A,
12451A45,
0BB20E1D,
07790981,
0E030BEB,
00260734,
EBC8F84D,
ED2AEB32,
064EF0DC,
0069064C,
EE0FF2B6,
E7C4EB61,
00AEF58A,
06190302,
0AE20AEA,
0CDB0C10,
FE27080D,
0359FF07,
FB73FF6F,
FAEDFA39,
054501A0,
08FA0A47,
125E0D1F,
31C926D3,
244B2E8D,
1EFA17DB,
25A61E69,
258E2704,
22802349,
29EA26A7,
1F07283D,
0A3813F0,
05E60A95,
FF35FEA1,
FC63F8F6,
FE4CFDDF,
E363F356,
F94AEA73,
FF6CFDD6,
E998FEAD,
1AA6FD3F,
2C1D273C,
24072662,
07951695,
0382072F,
E6B5FC58,
E734DEF0,
E55BE398,
E292DECC,
E309D5CC,
034EF93C,
1C0BFDE2,
3C543AA1,
398B423B,
27D03540,
03EF11E5,
010D05B8,
041AFEA8,
11F10594,
1E941F7B,
33D22D38,
270334CE,
2FA52EA4,
29683120,
1D5F1B4F,
0E9614C0,
1B4117B9,
06C51901,
F3F4F662,
F9A2F2AD,
01DAF73A,
039BFB89,
016AFF92,
F96BFEBB,
F3AEF4A5,
ED05EB73,
F3F4F35E,
ED1DF71F,
EED0F0F1,
0609FC91,
1DEF1131,
11CF15A1,
0B960DF8,
0E3D094B,
0EFE1449,
01FA11E1,
F33C0316,
008DF7A4,
13280A21,
0F6C0C63,
0E3307EA,
181E10AB,
1299196E,
13C111BE,
28AC26E7,
26E22DB4,
1E0617D4,
2007157D,
119B19F8,
0DE71018,
0D2B1717,
10E316BF,
12510F4F,
144F0A7F,
07570861,
0AC30343,
01980C63,
EE26FDAF,
E1B7ED77,
0615F57F,
F8C90068,
ED02FC27,
E69FEA9D,
F5D4E8E8,
0736F45B,
0DFD0764,
F1E900B4,
FBCAF572,
0ECE1045,
0EC616A6,
15981995,
2A981BDB,
2A862621,
222F1883,
227620FE,
1D0A1B2F,
13B3224D,
17D915AC,
23D91D29,
1FBE19A3,
1A0B1FD4,
101B1E95,
1B1C1E07,
1F9F1D38,
1A881BF7,
03C6FE35,
FE28F977,
FC07F139,
151D11B0,
02BF1354,
F4580581,
F4B6F42D,
FAB9F8F8,
FB7CF5C9,
0A57F66E,
05EC03F0,
FA82FE94,
F6C6FCE8,
F81009A8,
EFFCFBE5,
E9F6F35D,
FF1EF40C,
0DE6FF6C,
04A2FF2B,
04FAF31A,
FA71F8EA,
FEDFFFC2,
1175096B,
1AB71EDF,
23BA1F35,
216E24CF,
320128A6,
2BA22811,
2B393D92,
1DF52DCB,
0BB618F8,
154A0A0B,
1AB70B96,
13A80DC1,
FE15032A,
D69AE469,
E7E9E3C0,
F25BF33F,
06DAFEB9,
1D32148D,
22D72676,
23921FE5,
1ED619D8,
0AC50951,
0EF10932,
FD3800F1,
FDA904C7,
EA91F886,
E128EF35,
D299E27A,
D923D1D6,
E9F8DE07,
FE46F646,
1C1B142C,
1CC2165F,
224C15E4,
35DD24E3,
34A330D1,
28E62CB7,
19EA24ED,
1B1A22B4,
1A962864,
2E522E6B,
20D8343C,
0ABF1401,
08DEFF25,
0A5F08D8,
1BC81C06,
147D20B9,
0C5A1A0F,
1CDE0E21,
124B09D7,
F80AF546,
F3E6F01A,
FC1FFDD1,
0B560DFC,
FA550CBA,
DE4EF435,
E376D5E7,
F30AE571,
0B44F0FD,
093E0B10,
063711D9,
00620AD0,
04BC16BC,
0BAF1E60,
FE7709B6,
F6F4F8A4,
FA17F5F2,
07BDFB38,
0F0D1050,
04DE0E0E,
F8B3FFD0,
041902A0,
24961C56,
33D32D50,
2D85223E,
35752586,
328A301B,
275323CD,
0C6D185A,
0E661322,
1905190C,
11041D7E,
06DF1382,
04DA03AE,
FCCBFE63,
163E0235,
13FE0BFF,
F88DFB18,
F55CE6C4,
F189F8E2,
E2A5F727,
DE4DEC26,
EA68F0ED,
FA25FA32,
06ECFD27,
039203A4,
0F3CFEF1,
0AA2029A,
31740FEE,
27691FDA,
16B72263,
0D921441,
0EA11C94,
0B7C1AEA,
019F0D43,
05DF0E04,
26C91AB6,
186C1988,
21D51E7A,
270C1E8B,
2C222140,
47F53A23,
36783B0B,
172027EF,
1FDC14B4,
1BF82501,
06CC1EDD,
F361FD18,
E0C6F11A,
EBB5E6B8,
FD5DEF0F,
F6F3F8CB,
EB6FEB47,
E8ECE2F3,
FF61F81C,
1B7F0D86,
076D18D0,
FC86FCF8,
FAA5FA8A,
EDB5FFDC,
D84BDAEE,
EB34E95A,
14B8FD15,
120F0EF0,
07DE0FC0,
F7D5F5A4,
0347F6F6,
28A4219C,
27502DBD,
22D01EB4,
257F1F63,
2ABB1BD5,
1351243A,
0AA71325,
090E09C6,
1B7A19DB,
1DB51E2D,
FE940E50,
04300061,
14090FEB,
1457188D,
1C2F209C,
05D01481,
10BA07DF,
2B2B1B67,
085C173E,
E722F72B,
E77EE1C5,
F55FF0FB,
FADFFE84,
EED5EA21,
D604E38D,
FFC5DF91,
0CA304B6,
04350F5E,
066DF84B,
0A810C51,
1C5E211B,
0EB713C3,
FE43042A,
158F03A3,
2FB5254A,
18B72D5E,
0A000DDB,
21EA09FB,
30D930F1,
3C5F3435,
23C13837,
19911FF4,
21A71933,
0C771BCD,
EE70FCF4,
02AAECA7,
25C4206B,
161C2052,
FE5A0241,
F02BF9C6,
1471FCE0,
20051CB0,
1BCC237F,
FEDC0C4B,
FE28FD3E,
FA960810,
E8F3E175,
E41CE6A0,
F69BEBF6,
0B31FA3D,
FD0A0BEC,
E56CEEC3,
FBE2DC76,
1CA41815,
19652023,
FFA60902,
0031015C,
11E603EE,
04010F28,
EC73FFC9,
FADDE953,
14CE0F75,
193323AF,
12D2194A,
152B0F44,
4D1F37C4,
4AF0458D,
1B982F26,
14100D2A,
2133120F,
1D122E78,
EE0A0651,
E9C2DD80,
01C4F6BA,
190512DD,
FA7A0CF6,
E394F70F,
FE81E942,
1A860BB3,
132B2616,
FCD50826,
F476F614,
01E308E2,
EAB9F47C,
D822DFC2,
0197E53B,
0E110613,
F57E08AD,
EADEEC02,
04E4EA92,
2A0A1DF5,
306D3BFB,
053D1B52,
0C8B0B5C,
340B263A,
1AD22486,
0CC40B76,
28E60F1F,
43583C86,
2D704020,
FB06191D,
0F58FB4E,
3A9728A1,
34754258,
001F19E7,
F81DF932,
161708C4,
0A64119A,
E93BF353,
F72AE9A9,
12920185,
05A31728,
CE08ED6C,
EC88C907,
1D390A27,
1218230D,
EBD8FB56,
DBE5DEA5,
05B8F5D4,
FE7F07A9,
D92FE573,
00E3DF6F,
300D172B,
15CF3039,
D938F9C1,
FB2EDB84,
3057177C,
349638FD,
0F601E63,
0CC40824,
246A20D0,
109923EA,
FEBA04E8,
17740280,
3CFA2D6B,
16F32EB1,
ED54F9AB,
1998010E,
52B5347A,
36B750D5,
F8310FC3,
0BDBF275,
1D761D9E,
FE5C128A,
E792EE49,
FAC0F1E6,
08770929,
DC8AF695,
CD3ECAC3,
0687EE54,
2A9927A2,
00591ACD,
D8CDE3B8,
FD2EE8A7,
FC04FD66,
DED3F000,
FD7DE60A,
39F3274A,
27353E07,
EA8F0432,
FDF1DCB8,
40EE1E78,
4A714F61,
168E3698,
0B34027B,
33532AEE,
2B623442,
0CBE140F,
23BD0FD3,
379B2ACB,
062527D8,
F380F450,
27330948,
3D9E44C7,
16B22CB5,
DC4EEED5,
F976E211,
0C7201FB,
F0170558,
F704F413,
18C210EC,
0D2D1EC0,
CCFDE7F5,
D835C5A0,
1E0DFA32,
16CA2789,
E76AFEA9,
DD9BD95F,
FCDCFB4C,
F8FBFC51,
EAB9E000,
0AE4F83C,
20CA15BD,
F193123B,
E0F3DB13,
1930F968,
3CBB41DD,
16782F77,
F93CF977,
1D2C0198,
2D441C1F,
0E1622FA,
306B1E0A,
378D373F,
19E23371,
E550F875,
15AFF951,
59233172,
281B465A,
EF29096A,
01B1EC88,
095C101D,
F91508CE,
F438F184,
108007AA,
11F914B2,
D736E71E,
EB14CE19,
1B8F05AD,
0E692865,
E29CFF22,
E832E15E,
0144FDCA,
EFECF857,
EBDDDB13,
29840054,
2BBD3313,
EB981203,
E062D82A,
3BDB1806,
58C55843,
1D4A3CC0,
073A057A,
213C0DFF,
1F6F2184,
11BA1FD9,
31BD1CD8,
3F4140B4,
100C3082,
E3F4EA21,
25680257,
52EE44E8,
12A83943,
F433FBF3,
0608FBC8,
FDE51210,
ED61F065,
09BEEFC3,
28F32B66,
F68C1184,
C27BCD33,
ED6DC507,
193C0D16,
0581231E,
E443EDB2,
EA9BE60B,
F061F50B,
DF81DDA3,
054BE81C,
3D8B2657,
08733203,
D078E888,
E2AFCD44,
2F0A1198,
38BB3B6A,
14472272,
1D901135,
12671280,
F2FDFE5A,
1736FBE8,
4BA43877,
3AA4559B,
F8901848,
F88CF51F,
407C1889,
49DD4644,
1573337E,
04DD05B6,
FE200B06,
E709F997,
F625E131,
2E391992,
1C3C2C46,
DBE3F1F5,
D11ED34E,
F8B4D967,
158716A2,
14061ED1,
FB7D02A8,
F256F4D2,
DD70E303,
E1BFDA5D,
16A400F6,
1DF52658,
0381133D,
F441F6ED,
0DD5F503,
35F62A17,
3EFF4106,
25AD2AC9,
1BD122B0,
065D0BF1,
07210066,
47921F8C,
477152E3,
0DAA3512,
F87401EF,
0E18FD09,
3C7E2537,
359C37DE,
12762768,
F9860698,
EB5DECBE,
E899E3A7,
104CF5FF,
2D602625,
FDCF196A,
DA26F2B0,
DA8CD6BB,
14C1F25F,
23AC2265,
FE651157,
DCA2F0AF,
DA98E2E1,
DC75D11D,
021AE84D,
29101D33,
03B61A19,
E26CF170,
E7E8DF53,
1E20FE17,
34772CA5,
273C3443,
07B41667,
FB4702E0,
FC05F744,
1753071B,
3B332980,
1D883BF9,
FEE003BE,
05E0074F,
25DD0A60,
3A1D3D99,
37F838C6,
12F22457,
F597FF12,
EA2CE233,
0E19FF24,
2C8020AE,
0C95281C,
EB7FF631,
E3BCE5EB,
F3CEE556,
1F611113,
1C4424BC,
F2F50899,
D7E4E0D2,
D766D8CB,
EEC2E0BD,
1533FED9,
1F3E2430,
E5F3015D,
F193DFB7,
101A04E3,
3CF122A6,
2DFA3149,
3280331D,
09862227,
EB95FE55,
0DD4FCD3,
2DB62123,
380F357D,
19972902,
18BC19B9,
0C1209CD,
439924E6,
3DE747EF,
204635CC,
0CE712C3,
F9780DA3,
E994E1C8,
0FF0F67D,
29DC24A6,
EDE310F7,
E56EDC1E,
FBDBF67B,
1354FDAC,
168E23F4,
199C1CBA,
F07B0C8A,
D592DB5B,
CBD0C68C,
FFACE506,
185416C7,
F36310E9,
EA26E227,
DA0FE5DF,
010AD15C,
2D162C1E,
29341DD6,
0AA119A0,
0DF8082A,
EB8B0058,
08F3F84E,
3E863044,
1D0631E7,
FB0AFCF4,
195B0B54,
1190005C,
39723AA4,
43BA2A34,
1E6A3099,
FCF9226C,
11081B72,
F592E77D,
1FC41130,
13B3205C,
EB8AFAB8,
0AAEF69C,
E7ECF9E1,
25A3F78D,
0CEE2DCB,
F9CB0869,
0047F4BC,
E23FEFB7,
C639D372,
1D13DEF1,
046D1FAD,
EB3FFB59,
F407F2D1,
EF54FC15,
2404FB8E,
473E50DF,
0804287D,
21BA0B93,
06271B57,
FC16068B,
166BEFD3,
2F1F3751,
FA7913FA,
2ACC0C3F,
119C13D0,
198D128F,
44244561,
09C3257C,
208A0AC7,
0988399D,
05741150,
0E33041D,
16D22026,
EFAE02EF,
0ED4077D,
F8F51880,
10B2ED4D,
0F8021DB,
F43103AF,
F627F8BF,
F8D90605,
FF9A079A,
F9FAF1A7,
0163FEBD,
FF7EFD2A,
009BFDCD,
00DE044A,
E6A5F5AB,
0B58F139,
05F7F9EC,
097F0382,
00E70778,
023FF01B,
339C0F8C,
10052D90,
1F56096A,
2A0A2577,
22490B4D,
2E922A6A,
4814423A,
3FFA44D3,
20661ACE,
F8460B9A,
F2AEF29F,
F11FD9D4,
00AFF3EC,
F5ADF3B5,
EDD10750,
0F9BFF60,
2C8713D7,
54A531BE,
3F1F37FF,
236A2F3E,
EC56FBA7,
C075D975,
D152C88B,
F3DEC691,
EEC7D8BD,
0025DDE2,
FFFAF0BB,
FA1C0FBE,
07C9129F,
049A1635,
F97914B0,
007B1136,
FDC91560,
F8D7FAD8,
14F528A8,
2465325A,
38CF2755,
16CB2776,
24FA0709,
13CB23E4,
04C12CAD,
FB123F45,
2D5033C5,
0E6BF602,
3B2F20D3,
2909112E,
30A9518B,
267331EE,
070E1EF1,
FDC325B0,
F150DE4A,
E54CCD15,
0838EA13,
24C7FF56,
F0C3F890,
F62E05F3,
14F3F1A5,
EF680A2E,
F7230F96,
FF93F21F,
EE61F164,
E343E437,
D4EAEB2C,
EFE2E077,
05C80377,
15E60B87,
0D2AFD13,
EF54FE44,
001C05D1,
FD400808,
F6D50009,
15F90E0A,
053DFF22,
14CB00D3,
3DDB1F82,
44F94068,
1B754134,
1A2C1447,
185B11E7,
222217D9,
22823234,
F2970280,
F12904E0,
064DF061,
FDADF4B7,
0CEA0286,
1F7A20C3,
29D112DA,
C8EC1B65,
DD6B1CD0,
FED4D847,
EFE4181A,
FB9A024F,
F23AE4A2,
0EFB267C,
020018F4,
01830D13,
0DE5158B,
290205BD,
18AB14D8,
F03B0838,
F6A91ED6,
25EE2F43,
244F115E,
054D196F,
17A21EC2,
2C031250,
17BC2451,
27FD4DAA,
46C6388D,
1073257D,
268F13D3,
F943FB4D,
1D62286F,
3E430F73,
021016F9,
0C6C130C,
04931185,
FA53F330,
F88D03F4,
0DA40CC3,
0B5113C5,
EEC003C5,
EF270CBA,
F5EBF1C0,
F370F760,
E493D188,
F379F0EB,
F06DDD8A,
03320631,
F7FE07D9,
F6110392,
FF54F763,
0B9C1524,
F105EFC7,
096013E7,
20350DD1,
1EF51CC0,
08D71B37,
1F431A64,
0EDF14A3,
00851FF7,
21CAFFD4,
11171F7C,
0F49242A,
13920C83,
1C491848,
202F2F72,
183015A4,
121628D8,
0E6315AE,
0FC21524,
12121188,
0A34115D,
FFE0F8DF,
FC5A00ED,
02C3EF06,
F2C4F666,
E6FAE493,
EB60E914,
F742F3C3,
F7C1004D,
010AEE9A,
11910F1C,
0FA4124A,
0C1D0F48,
15E2101B,
28C21F68,
1C221F92,
1F13233F,
22FB2377,
1DDC221A,
1DC21776,
1D101364,
1A21116F,
23EE26CE,
22692761,
13841F27,
1EC713EC,
210B244F,
249825A8,
228D262B,
200924BC,
176A1EB4,
12E31814,
FCD10B17,
05E40693,
FCB60740,
EE400041,
EDDDF404,
030DFB6B,
02731008,
F8A8FA06,
FE2D040D,
EF720866,
EBD2F378,
E8BBF106,
E512ED25,
F193F78F,
E669F7D3,
E3F1F2C8,
EC59F549,
087803EE,
04C90B77,
FC100993,
F98E011A,
048001C5,
1123099B,
15311324,
22B10CDD,
1EFD2546,
1FC41984,
1B1E1C56,
0F221C29,
15BC267D,
20261259,
18601192,
089E06FE,
00FEF7AE,
105903C7,
12E210E9,
204410FC,
16651C92,
09C3134E,
FB81071D,
027F03C1,
F606FA6C,
E698F1E5,
ED92F4C2,
E536F7FE,
04010777,
FA5A0E8D,
079CFAF1,
0AEE0E41,
0FA40B0F,
05CE0527,
05ED12CF,
11E41E21,
1450264E,
11B11720,
16740707,
18A411D6,
21A224DD,
363A2A1A,
2FCB372A,
256D3BE8,
203737E2,
1C951D79,
324E291C,
3BCB2C21,
1DC033EC,
14C81911,
157C0105,
11D50493,
03EB0B8D,
E997F569,
F496E71C,
FFA7E988,
FE4A085A,
F51AED6B,
074E0315,
FB9E0C37,
F654FD94,
F2BEF39F,
F4F1ED0D,
021EF623,
0800F039,
F468F003,
FEB6E651,
F8E0E60A,
E9F300ED,
E5EDF07A,
04360733,
0A0E0AAB,
FCBAF7F3,
007DF050,
175BFD25,
272606FD,
14A30D73,
0FCF0456,
2AFC149B,
2A8528B0,
24BC287B,
28302382,
2A0625EF,
20A225E8,
1AD819E4,
1B861336,
20040FDF,
0B1510B6,
005D0271,
04EEFE15,
0B9B01A5,
0521083E,
E25EEEA9,
EED1E2B2,
FF30F513,
EB5DEE39,
EE8BF9A1,
F83FEEF4,
FAB70121,
FA08FF4C,
0997FC89,
0A9AFE85,
293A1F41,
1DE722C3,
191C1ACE,
1E951DFA,
148E2930,
0D7F1EBD,
1C381B2C,
25971219,
268521B6,
3314149A,
22F810B2,
30811E1B,
33253234,
34FF2D7B,
13181C22,
217E1D88,
2A78225B,
16A726BE,
12B410A8,
10BA0DFC,
071805B5,
1063FC9A,
0762FDBA,
FD21F197,
FFE7F9D3,
EB9DF49B,
EABAEBC0,
EE32F009,
ED23F426,
DADFECAF,
DE72E98A,
F00CF2C0,
E7EFF4AE,
E891F06A,
F648FBD3,
0518F1B9,
1A460E25,
09ED0090,
235A1140,
0C0D13A7,
1EB70ED5,
172C1BF1,
13F514DE,
0A910E89,
04160D76,
248F0FD3,
25B22671,
24D01E57,
2BF21F66,
1ED51D1E,
0DCC0C2B,
06841D7E,
FCC40901,
1B1719BD,
F947FD29,
1996F715,
FCE60DA7,
10ECFDD8,
F2DB15E1,
EC24E2BD,
F010FC85,
FCD1F7D4,
EC8FFB5E,
F463EE27,
091CFDF2,
0919062F,
0203FCBF,
0498F64E,
1C4816F9,
257D21D1,
207D25D4,
09A20D34,
2021126B,
104B142E,
1C831488,
19D2104B,
36932D8D,
337F36B6,
34C92A01,
291525C5,
28B32B06,
0C8D1870,
242C141C,
230C14F7,
34B70FB7,
3B5C3792,
25511476,
1A090D99,
0251F761,
0A9F04C5,
F2E2044D,
ED19EA76,
EA62E769,
EE2FF558,
F7A2F314;
